Date,Close,Volume,LogReturn,RV_d,RV_w,RV_m,LogVolume,Target
2010-02-04,1063.1099853515625,5859690000,-0.03163585604980668,0.0010008273880040897,0.00029906537764550243,0.00014332849244753565,22.49136253828279,8.369046072593002e-06
2010-02-05,1066.18994140625,6438900000,0.0028929303608267176,8.369046072593002e-06,0.0002812250040456556,0.0001432690274724074,22.58562355517531,7.925990304403981e-05
2010-02-08,1056.739990234375,4089820000,-0.008902803100374612,7.925990304403981e-05,0.0002569458084100609,0.00014685823077004425,22.13176679649722,0.0001678538360622132
2010-02-09,1070.52001953125,5114260000,0.012955841773586663,0.0001678538360622132,0.000257288628161043,0.00015376314182614708,22.355298553547684,4.995535348015992e-06
2010-02-10,1068.1300048828125,4251450000,-0.0022350694280079964,4.995535348015992e-06,0.0002522611417061903,0.00015361382596223527,22.17052593840108,9.281168884658791e-05
2010-02-11,1078.469970703125,4400870000,0.009633882335101873,9.281168884658791e-05,7.065800187468994e-05,0.00015769409211719782,22.205068085825122,7.5535163292444495e-06
2010-02-12,1075.510009765625,4160680000,-0.002748366119941892,7.5535163292444495e-06,7.049489592602023e-05,0.00015399929556064536,22.14894435964001,0.00031828891860094044
2010-02-16,1094.8699951171875,4080770000,0.017840653536262074,0.00031828891860094044,0.00011830069903740037,0.00016534205330941446,22.129551533291313,1.788447987899568e-05
2010-02-17,1099.510009765625,4259230000,0.004229004596710162,1.788447987899568e-05,8.830682780075685e-05,0.00016588801664778807,22.172354229951303,4.3075039438682006e-05
2010-02-18,1106.75,3878620000,0.006563157733795677,4.3075039438682006e-05,9.592272861889004e-05,0.00016246321512975326,22.07874525747071,4.7708819393243824e-06
2010-02-19,1109.1700439453125,3944280000,0.0021842348635905395,4.7708819393243824e-06,7.831456723743734e-05,0.0001556659897348189,22.09553226533519,1.0949636854587064e-06
2010-02-22,1108.010009765625,3814440000,-0.0010464051249199358,1.0949636854587064e-06,7.70228567086802e-05,0.00015055594472679782,22.06205970217961,0.00014827068212143468
2010-02-23,1094.5999755859375,4521050000,-0.012176644945198767,0.00014827068212143468,4.301920941277905e-05,0.00014066692943966554,22.23201010491902,9.357698333193134e-05
2010-02-24,1105.239990234375,4168360000,0.009673519697190436,9.357698333193134e-05,5.815771010336618e-05,0.00012213396359635239,22.150788510268345,4.339757874731882e-06
2010-02-25,1102.93994140625,4521130000,-0.0020832085528654787,4.339757874731882e-06,5.041065379057616e-05,0.00012137460267829177,22.232027799766943,1.9723184537584084e-06
2010-02-26,1104.489990234375,3945190000,0.0014043925568580917,1.9723184537584084e-06,4.985094109346297e-05,0.00012065782482104916,22.09576295256863,0.00010215665262697728
2010-03-01,1115.7099609375,3847640000,0.010107257423602967,0.00010215665262697728,7.006327888176668e-05,0.00012422402820914708,22.070725810539663,5.418331621800653e-06
2010-03-02,1118.31005859375,4134680000,0.002327731002886857,5.418331621800653e-06,4.149280878183987e-05,0.000118046337432011,22.142675774519365,1.8413498135648542e-07
2010-03-03,1118.7900390625,3951320000,0.0004291095214004059,1.8413498135648542e-07,2.28142391117249e-05,0.00011361966565517143,22.097315537502944,1.3906605065804042e-05
2010-03-04,1122.969970703125,3945010000,0.0037291560795713607,1.3906605065804042e-05,2.472760854993933e-05,0.00010513106219352555,22.095717326348765,0.0001934959676205877
2010-03-05,1138.699951171875,4133000000,0.013910282801603557,0.0001934959676205877,6.30323383833052e-05,0.00010637452720776577,22.142269372717962,3.0839375111074864e-08
2010-03-08,1138.5,3774680000,-0.00017561143217648123,3.0839375111074864e-08,4.2607175732931943e-05,0.00010500624865107631,22.051581448107374,2.9284519400308563e-06
2010-03-09,1140.449951171875,5185570000,0.0017112720239724766,2.9284519400308563e-06,4.2109199796577984e-05,5.964720610271e-05,22.3691456052762,2.037940020119229e-05
2010-03-10,1145.6099853515625,5469120000,0.004514354904213036,2.037940020119229e-05,4.614825284054515e-05,6.01931312903736e-05,22.42238356310726,1.6268108352851157e-05
2010-03-11,1150.239990234375,4669060000,0.004033374313506144,1.6268108352851157e-05,4.662055349795457e-05,5.7329867895319576e-05,22.264223603784316,4.724953000236547e-08
2010-03-12,1149.989990234375,4928160000,-0.0002173695700928846,4.724953000236547e-08,7.930809879837507e-06,4.970229578021908e-05,22.318231530385955,2.0438774016538152e-07
2010-03-15,1150.510009765625,4164110000,0.0004520926234361511,2.0438774016538152e-07,7.965519552848368e-06,4.948451634349859e-05,22.14976840449718,6.0047233209225216e-05
2010-03-16,1159.4599609375,4369770000,0.007749014983159164,6.0047233209225216e-05,1.938927580668724e-05,4.799522290543665e-05,22.197976213318718,3.369564885295364e-05
2010-03-17,1166.2099609375,4963200000,0.005804795332563728,3.369564885295364e-05,2.205252553703951e-05,4.918350165651435e-05,22.325316531147976,1.0621024077651532e-07
2010-03-18,1165.8299560546875,4234510000,-0.00032589912668878895,1.0621024077651532e-07,1.882014591462458e-05,3.47206512765069e-05,22.166533456113196,2.6004150135411353e-05
2010-03-19,1159.9000244140625,5212410000,-0.005099426451613098,2.6004150135411353e-05,2.401152603570638e-05,3.5089727197253066e-05,22.374308157927068,2.5830374013022035e-05
2010-03-22,1165.81005859375,4261680000,0.005082359099180422,2.5830374013022035e-05,2.9136723290277708e-05,3.4305878768813974e-05,22.17292928591761,5.105642368751748e-05
2010-03-23,1174.1700439453125,4411640000,0.007145377784800289,5.105642368751748e-05,2.7338561385936162e-05,3.640976703009548e-05,22.207512339587,3.0342998126977335e-05
2010-03-24,1167.719970703125,4705750000,-0.005508447887288881,3.0342998126977335e-05,2.66680312407409e-05,3.77392231410736e-05,22.27205100238107,2.909143279893554e-06
2010-03-25,1165.72998046875,5668900000,-0.0017056210833281682,2.909143279893554e-06,2.722861784856431e-05,3.1131880466458094e-05,22.45826093251402,5.438334110211791e-07
2010-03-26,1166.5899658203125,4708420000,0.0007374506159880667,5.438334110211791e-07,2.2136554503686273e-05,2.690310092459854e-05,22.27261823243343,3.21165473306621e-05
2010-03-29,1173.219970703125,4375580000,0.005667146312798188,3.21165473306621e-05,2.3393789167214285e-05,2.8165682263504456e-05,22.199304919626286,1.8197444596307705e-09
2010-03-30,1173.27001953125,4085000000,4.265846293094455e-05,1.8197444596307705e-09,1.3182868378602715e-05,2.8076114140354513e-05,22.130587565503177,1.0746872695742945e-05
2010-03-31,1169.4300537109375,4484340000,-0.0032782423180330866,1.0746872695742945e-05,9.263643292355837e-06,2.3921124143480228e-05,22.223857164660853,5.455970277572419e-05
2010-04-01,1178.0999755859375,4006870000,0.007386454005524179,5.455970277572419e-05,1.9593755191521965e-05,2.6154822832294932e-05,22.11127622509934,6.235833589733031e-05
2010-04-05,1187.43994140625,3881620000,0.007896729443087835,6.235833589733031e-05,3.195665568878379e-05,2.8980922873930105e-05,22.07951842947278,2.8320813090963367e-06
2010-04-06,1189.43994140625,4086180000,0.0016828788753491253,2.8320813090963367e-06,2.609976248447064e-05,2.847753543044339e-05,22.130876385479706,3.473974249993369e-05
2010-04-07,1182.449951171875,5101430000,-0.0058940429672622585,3.473974249993369e-05,3.304734703556545e-05,2.1261343379504574e-05,22.352786729727043,1.1347879835730146e-05
2010-04-08,1186.43994140625,4726970000,0.0033686614308550134,1.1347879835730146e-05,3.3167548463562885e-05,2.1775754309532714e-05,22.276550242428932,4.4377824497009334e-05
2010-04-09,1194.3699951171875,4511570000,0.006661668296831458,4.4377824497009334e-05,3.113117280781992e-05,2.365981669848628e-05,22.229911045403913,3.1154045282924684e-06
2010-04-12,1196.47998046875,4607090000,0.0017650508571405155,3.1154045282924684e-06,1.928258653401235e-05,2.287508962244538e-05,22.250862258415903,4.6945250214566445e-07
2010-04-13,1197.300048828125,5403580000,0.0006851660398368153,4.6945250214566445e-07,1.8810060772622216e-05,2.215696890195877e-05,22.4103275340018,0.0001229517962354091
2010-04-14,1210.6500244140625,5760040000,0.01108836309990835,0.0001229517962354091,3.6452471519717296e-05,2.774353920674998e-05,22.474210256248153,7.09273874995519e-07
2010-04-15,1211.6700439453125,5995330000,0.0008421839911774143,7.09273874995519e-07,3.432475032757037e-05,2.7766488576514988e-05,22.514246669949276,0.00026432199232180977
2010-04-16,1192.1300048828125,8108470000,-0.01625798241854781,0.00026432199232180977,7.831358389253046e-05,3.705170489981429e-05,22.81617503141901,2.0350390771848934e-05
2010-04-19,1197.52001953125,6597740000,0.004511140739530184,2.0350390771848934e-05,8.176058114124175e-05,3.644510225976407e-05,22.609993003247364,6.44174101735573e-05
2010-04-20,1207.1700439453125,5316590000,0.008026045737071108,6.44174101735573e-05,9.455017267552409e-05,3.9368338620345014e-05,22.39409795753058,1.0394137626657752e-06
2010-04-21,1205.93994140625,5724310000,-0.0010195164357016395,1.0394137626657752e-06,7.016769618097541e-05,3.823357787612931e-05,22.467987855280338,5.113571050863631e-06
2010-04-22,1208.6700439453125,6035780000,0.0022613206430897037,5.113571050863631e-06,7.104855561614904e-05,3.729190501421302e-05,22.520970929374656,5.038540410262769e-05
2010-04-23,1217.280029296875,5326060000,0.007098267683218751,5.038540410262769e-05,2.826123797231262e-05,3.7261404123990756e-05,22.3958775899525,1.8539089993466146e-05
2010-04-26,1212.050048828125,5647760000,-0.004305704355092921,1.8539089993466146e-05,2.7898977816636068e-05,3.672486284519479e-05,22.45452484349372,0.0005597785733856254
2010-04-27,1183.7099609375,7454540000,-0.02365964017870148,0.0005597785733856254,0.00012697121045904968,6.20371096681826e-05,22.732089079838854,4.149882774621582e-05
2010-04-28,1191.3599853515625,6342310000,0.006441958378180956,4.149882774621582e-05,0.00013506309325575966,6.389870031978235e-05,22.57050889250497,0.00016538423686726276
2010-04-29,1206.780029296875,6059410000,0.012860180281289324,0.00016538423686726276,0.00016711722641903952,6.995632257144603e-05,22.524878272716926,0.000281830569292194
2010-04-30,1186.68994140625,6048260000,-0.01678781013986619,0.000281830569292194,0.00021340625945695277,8.276672027816123e-05,22.52303646448295,0.00016991793687281544
2010-05-03,1202.260009765625,4938050000,0.013035257453261728,0.00016991793687281544,0.00024368202883282263,9.000176864984634e-05,22.32023635357755,0.0005821217777852188
2010-05-04,1173.5999755859375,6594720000,-0.024127199957417744,0.0005821217777852188,0.0002481506697127413,0.00011398186296845973,22.60953516595966,4.367018135594306e-05
2010-05-05,1165.8699951171875,6795940000,-0.006608341800780515,4.367018135594306e-05,0.00024858494043468677,0.00011313240139839666,22.639591212141493,0.0010816495279915293
2010-05-06,1128.1500244140625,10617810000,-0.03288844064396379,0.0010816495279915293,0.00043183799865954007,0.00016216955806578,23.085798616899947,0.00023798141239088396
2010-05-07,1110.8800048828125,9472910000,-0.015426646180906722,0.00023798141239088396,0.00042306816727927807,0.0001714078157880959,22.97170198321408,0.0018519857609006272
2010-05-10,1159.72998046875,6893700000,0.043034704145615166,0.0018519857609006272,0.0007594817320848403,0.0002550731740183185,22.653873788138334,1.1580925706847764e-05
2010-05-11,1155.7900390625,5842550000,-0.0034030759184666692,1.1580925706847764e-05,0.0006453735616691662,0.00025358240589149297,22.48843318249214,0.00018621310863066752
2010-05-12,1171.6700439453125,5225460000,0.013645992401825069,0.00018621310863066752,0.0006738821471241111,0.00026190502880523727,22.37680866939103,0.00014931617754277235
2010-05-13,1157.43994140625,4870640000,-0.012219499889225105,0.00014931617754277235,0.00048741547703435976,0.00026867078903435667,22.306491182449566,0.00036020173452415926
2010-05-14,1135.6800537109375,6126400000,-0.018978981387950178,0.00036020173452415926,0.0005118595414610147,0.0002794548771383908,22.535873138850533,1.2293345920996728e-06
2010-05-17,1136.93994140625,5922920000,0.0011087536210085958,1.2293345920996728e-06,0.00014170825619930926,0.00027947851626189553,22.502095407649943,0.00020442227465937524
2010-05-18,1120.800048828125,6170840000,-0.014297631784997655,0.00020442227465937524,0.00018027652598981477,0.00027675580182269396,22.5431008083848,2.645527191395473e-05
2010-05-19,1115.050048828125,6765800000,-0.005143468860016043,2.645527191395473e-05,0.00014832495864647218,0.00027703329642006237,22.63514634745332,0.001580523302694124
2010-05-20,1071.5899658203125,8328570000,-0.039755795837765895,0.001580523302694124,0.00043456638367674256,0.0003459472006255427,22.84295760984101,0.00022238661063621632
2010-05-21,1087.68994140625,5452130000,0.014912632585704522,0.00022238661063621632,0.00040700335889915396,0.00035600843684706774,22.419272195140586,0.00016879326767684622
2010-05-24,1073.6500244140625,5224040000,-0.012992046323687667,0.00016879326767684622,0.00044051614551610324,0.0003634484230573397,22.37653688605049,1.2522734905773325e-07
2010-05-25,1074.030029296875,7329580000,0.0003538747646523177,1.2522734905773325e-07,0.00039965673605403974,0.00036116386956854105,22.715184052567597,3.2229222493907087e-05
2010-05-26,1067.949951171875,4521050000,-0.005677078693651083,3.2229222493907087e-05,0.0004008115261700302,0.000361786148318561,22.23201010491902,0.0010463485786599465
2010-05-27,1103.06005859375,5698460000,0.032347311768676335,0.0010463485786599465,0.0002939765813631947,0.00038390296674012115,22.463461800019846,0.00015504962298155844
2010-05-28,1089.4100341796875,4871210000,-0.012451892345405113,0.00015504962298155844,0.0002805091838322632,0.0003890643665235458,22.306608203344066,0.0002997868310490435
2010-06-01,1070.7099609375,5271480000,-0.01731435332459874,0.0002997868310490435,0.0003067078965067026,0.0003951735753499903,22.38557699517725,0.0006509860416957485
2010-06-02,1098.3800048828125,5026360000,0.025514428108341924,0.0006509860416957485,0.0004368800593760408,0.00041195336955015193,22.33796190123844,1.634740141497546e-05
2010-06-03,1102.8299560546875,4995970000,0.004043191983442718,1.634740141497546e-05,0.00043370369516025447,0.0004049728906657047,22.331897424588032,0.001226221250514624
2010-06-04,1064.8800048828125,6180580000,-0.035017442089830375,0.001226221250514624,0.00046967822953119,0.0004342501394261322,22.544677955306753,0.00018562607830073698
2010-06-07,1050.469970703125,5467560000,-0.013624466165715887,0.00018562607830073698,0.0004757935205950257,0.0004407026801963501,22.42209828457478,0.00011916489926493613
2010-06-08,1062.0,6192750000,0.010916267643518829,0.00011916489926493613,0.0004396691342382042,0.00039695337889059584,22.546645090091403,3.5514409527225986e-05
2010-06-09,1055.68994140625,5983200000,-0.005959396741888057,3.5514409527225986e-05,0.0003165748078044997,0.00038775033330588416,22.512221379008867,0.0008456374239686955
2010-06-10,1086.8399658203125,5144780000,0.029079845666177384,0.0008456374239686955,0.0004824328123152437,0.00034200722708170546,22.361248445551436,1.9097911603869204e-05
2010-06-11,1091.5999755859375,4059280000,0.004370115742617031,1.9097911603869204e-05,0.0002410081445330927,0.0003423489082588428,22.124271455178345,3.262697767900226e-06
2010-06-14,1089.6300048828125,4425830000,-0.0018062939317564641,3.262697767900226e-06,0.0002045354684265254,0.00033403298049235333,22.21072366866455,0.00053928221179979
2010-06-15,1115.22998046875,4644490000,0.023222450598500366,0.00053928221179979,0.00028855893093349615,0.00035175870932221775,22.258947407920548,3.092353697380556e-07
2010-06-16,1114.6099853515625,5002600000,-0.000556089354095235,3.092353697380556e-07,0.0002815178961019986,0.00033539995936065315,22.333223614427258,1.644000457492302e-06
2010-06-17,1116.0400390625,4557760000,0.0012821858123892582,1.644000457492302e-06,0.00011271921139975792,0.00033541880780908013,22.240097111929902,1.7325512821832183e-06
2010-06-18,1117.510009765625,4555360000,0.0013162641384552032,1.7325512821832183e-06,0.00010924613933542071,0.0003262056385646623,22.23957039878337,1.4932798595357209e-05
2010-06-21,1113.199951171875,4514360000,-0.003864297943398931,1.4932798595357209e-05,0.00011158015950091212,0.0003256818897774533,22.230529264266288,0.00026247969431930196
2010-06-22,1095.31005859375,4514380000,-0.016201225086989623,0.00026247969431930196,5.621965600481451e-05,0.00026577081666950684,22.230533694563317,8.939736784883479e-06
2010-06-23,1092.0400390625,4526150000,-0.0029899392610692743,8.939736784883479e-06,5.794575628784359e-05,0.0002560686860399008,22.23313752567662,0.0002871765144624027
2010-06-24,1073.68994140625,4814830000,-0.01694628320495095,0.0002871765144624027,0.00011505225908882567,0.00026144974271197154,22.294966575446537,8.152634908607635e-06
2010-06-25,1076.760009765625,5128840000,0.0028552819315450506,8.152634908607635e-06,0.00011633627581411057,0.0002618146248737693,22.35814534989719,4.145335134675359e-06
2010-06-28,1074.5699462890625,3896410000,-0.002036009610653977,4.145335134675359e-06,0.00011417878312197419,0.0002605380845392587,22.08332145358604,0.000992768579297697
2010-06-29,1041.239990234375,6136700000,-0.031508230342208954,0.000992768579297697,0.00026023656011765317,0.0002581026300227929,22.537552975502017,0.00010331612457604539
2010-06-30,1030.7099609375,5067080000,-0.010164453973334986,0.00010331612457604539,0.0002791118376758856,0.0002557511073679968,22.346030551947873,1.0534654885805457e-05
2010-07-01,1027.3699951171875,6435770000,-0.0032457133092442803,1.0534654885805457e-05,0.00022378346576056615,0.00024260328117875872,22.585137329111078,2.1839468889557825e-05
2010-07-02,1022.5800170898438,3968500000,-0.0046732717543021,2.1839468889557825e-05,0.00022652083255675614,0.00021400570968756826,22.101654026747187,2.856609481206064e-05
2010-07-06,1028.06005859375,4691240000,0.005344725887457713,2.856609481206064e-05,0.0002314049844922332,0.0002145611048419812,22.268962776996364,0.0009517239196104048
2010-07-07,1060.27001953125,4931220000,0.030850023008263783,0.0009517239196104048,0.00022319605255477476,0.00020208395343724396,22.31885225909255,8.777169560323545e-05
2010-07-08,1070.25,4548460000,0.009368654951658506,8.777169560323545e-05,0.00022008716676021278,0.00019763602695099393,22.23805455129963,5.152459943779203e-05
2010-07-09,1077.9599609375,3506570000,0.007178063766628995,5.152459943779203e-05,0.00022828515567061008,0.0001945614678679419,21.977904188953158,5.367520005713593e-07
2010-07-12,1078.75,3426990000,0.0007326336059527705,5.367520005713593e-07,0.00022402461229281283,0.00019297157434400303,21.954948162122342,0.0002329232332120724
2010-07-13,1095.3399658203125,4640460000,0.015261822735573638,0.0002329232332120724,0.0002648960399728152,0.00016512092930961108,22.258079336417264,2.4069556725495903e-08
2010-07-14,1095.1700439453125,4521050000,-0.00015514366479330022,2.4069556725495903e-08,7.455606996207931e-05,0.00016425393648928637,22.23201010491902,1.4289538008028683e-06
2010-07-15,1096.47998046875,4552470000,0.0011953885564128797,1.4289538008028683e-06,5.728752160159279e-05,0.00016417058449078194,22.238935779978153,0.0008551477677661826
2010-07-16,1064.8800048828125,5297350000,-0.029242909700749387,0.0008551477677661826,0.0002180121552672709,0.00017852810976198163,22.39047253265158,3.557012604941393e-05
2010-07-19,1071.25,4089500000,0.005964069587908405,3.557012604941393e-05,0.0002250188300770394,0.0001801308775201487,22.13168855038383,0.00012886504714864228
2010-07-20,1083.47998046875,4713280000,0.011351874168992637,0.00012886504714864228,0.0002042071928643534,0.0001859136523697464,22.273649893477618,0.0001664796565107194
2010-07-21,1069.5899658203125,4747180000,-0.012902699582285848,0.0001664796565107194,0.00023749831025515219,0.0001934021571528617,22.280816594692833,0.0004956717954544122
2010-07-22,1093.6700439453125,4826900000,0.022263687822425382,0.0004956717954544122,0.00033634687858587404,0.0002152539297373642,22.297470276816018,6.701747543464232e-05
2010-07-23,1102.6600341796875,4524570000,0.008186420184344456,6.701747543464232e-05,0.000178720820119566,0.0002063692834244251,22.232788382179596,0.00012405301058221097
2010-07-26,1115.010009765625,4009650000,0.011137908716730038,0.00012405301058221097,0.00019641739702612538,0.00021160170496066727,22.1119697929095,1.1023074541993896e-06
2010-07-27,1113.8399658203125,4725690000,-0.0010499083075199422,1.1023074541993896e-06,0.0001708648490872368,0.00019859833191483988,22.27627941918816,4.824736941204759e-05
2010-07-28,1106.1300048828125,4002390000,-0.006946032638279753,4.824736941204759e-05,0.00014721839166750245,0.00020042081984681436,22.110157519884098,1.73663244511809e-05
2010-07-29,1101.530029296875,4612420000,-0.004167292220516927,1.73663244511809e-05,5.155729746685618e-05,0.00020102177390665554,22.25201850220601,4.031893925109269e-09
2010-07-30,1101.5999755859375,4006450000,6.34971961988029e-05,4.031893925109269e-09,3.8154608758712745e-05,0.00015589611266102955,22.11117139963367,0.00047452212615991
2010-08-02,1125.8599853515625,4144180000,0.021783528781166517,0.00047452212615991,0.00010824843187425256,0.0001727691127330234,22.144970777495004,2.3115850882133162e-05
2010-08-03,1120.4599609375,4071820000,-0.004807894641330357,2.3115850882133162e-05,0.00011265114055983931,0.00017334098527831102,22.127355911140985,3.6395617687173253e-05
2010-08-04,1127.239990234375,4057850000,0.0060328780600285015,3.6395617687173253e-05,0.00011028079021486446,0.00017400262840547537,22.1239191138916,1.61119825087547e-06
2010-08-05,1125.81005859375,3685560000,-0.001269329843214706,1.61119825087547e-06,0.00010712976497480335,0.00017277740583451242,22.02768831874871,1.3770894340932673e-05
2010-08-06,1121.6400146484375,3857890000,-0.003710915566397688,1.3770894340932673e-05,0.00010988313746420487,0.00013014317741317277,22.0733862391002,2.9899976614181963e-05
2010-08-09,1127.7900390625,3979360000,0.005468087107406205,2.9899976614181963e-05,2.095870755505926e-05,0.00012751264473185214,22.1043868395436,3.582359587831461e-05
2010-08-10,1121.06005859375,3979360000,-0.005985281603927639,3.582359587831461e-05,2.350025655429555e-05,0.00012679896275187588,22.1043868395436,0.000817011098444314
2010-08-11,1089.469970703125,4511860000,-0.02858340599796172,0.000817011098444314,0.0001796233527057237,0.00016391143304477328,22.229975322513624,2.908732246214062e-05
2010-08-12,1083.6099853515625,4521050000,-0.005393266400071539,2.908732246214062e-05,0.00018511857754797674,0.00015464616437432184,22.23201010491902,1.6254529998751996e-05
2010-08-13,1079.25,3328890000,-0.004031690712189118,1.6254529998751996e-05,0.0001856153046795406,0.00015538391257623215,21.925904752337928,1.4508512952185842e-08
2010-08-16,1079.3800048828125,3142450000,0.00012045128871118749,1.4508512952185842e-08,0.00017963821105929464,0.00015531961960860258,21.868268587721353,0.00014685779021797915
2010-08-17,1092.5400390625,3968210000,0.012118489601347981,0.00014685779021797915,0.00020184504992722756,0.00012312462062913877,22.101580948607744,2.195377062411763e-06
2010-08-18,1094.1600341796875,3724260000,0.0014816804859387744,2.195377062411763e-06,3.8881905650847104e-05,0.00012160758658427505,22.038134011593264,0.00029174128906155007
2010-08-19,1075.6300048828125,4290540000,-0.017080435856896337,0.00029174128906155007,9.1412698970729e-05,0.00012901105212577085,22.179678436323798,1.3467093854786847e-05
2010-08-20,1071.68994140625,3761570000,-0.003669753922920016,1.3467093854786847e-05,9.085521174193597e-05,0.00012205593564141029,22.048102260654474,1.6390277713577192e-05
2010-08-23,1067.3599853515625,3210950000,-0.004048490794552606,1.6390277713577192e-05,9.413036558206096e-05,0.00010027041210773596,21.889832680770926,0.0002137083884215603
2010-08-24,1051.8699951171875,4436330000,-0.014618768361991386,0.0002137083884215603,0.0001075004852227772,0.0001069381808798686,22.213093295236597,1.0784292737734168e-05
2010-08-25,1055.3299560546875,4360190000,0.003283944691637508,1.0784292737734168e-05,0.00010921826835784168,0.00010178960279602873,22.19578147156886,5.9512994627701715e-05
2010-08-26,1047.219970703125,3646710000,-0.007714466580892143,5.9512994627701715e-05,6.2772609471072e-05,0.00010444463403118794,22.017091228473927,0.0002706258727726743
2010-08-27,1064.5899658203125,4102460000,0.01645071040328272,0.0002706258727726743,0.00011420436525464949,0.00011455274782030734,22.134852630972397,0.00021988770754311057
2010-08-30,1048.9200439453125,2917990000,-0.014828611113085088,0.00021988770754311057,0.0001549038512205562,0.0001237582652335769,21.794160860379037,1.5266062467493193e-07
2010-08-31,1049.3299560546875,4038770000,0.00039071808849211465,1.5266062467493193e-07,0.0001121927056611791,0.00012376502108497458,22.119206027365557,0.0008455147533773661
2010-09-01,1080.2900390625,4396880000,0.029077736386750708,0.0008455147533773661,0.00027913879778910546,0.0001406283223221317,22.204161035665102,8.17189420217664e-05
2010-09-02,1090.0999755859375,3704210000,0.009039852986734154,8.17189420217664e-05,0.00028357998726791846,0.00014329209919211502,22.03273584785754,0.00017245976673866233
2010-09-03,1104.510009765625,3534500000,0.013132393793161334,0.00017245976673866233,0.00026394676606111606,0.00014947683323991,21.985837683858207,0.000133113708099694
2010-09-07,1091.8399658203125,3107380000,-0.011537491412767942,0.000133113708099694,0.00024659196617243275,0.00015545422005121991,21.85704576467432,4.119148762876886e-05
2010-09-08,1098.8699951171875,3224640000,0.006418059490902905,4.119148762876886e-05,0.0002547997315732515,0.00015670061065521247,21.894087153366424,2.3238686273908368e-05
2010-09-09,1104.1800537109375,3387770000,0.004820652058996622,2.3238686273908368e-05,9.034451815255995e-05,0.00015639782473065458,21.9434377250682,2.3537489281846618e-05
2010-09-10,1109.550048828125,3061160000,0.004851545040690297,2.3537489281846618e-05,7.8708227604576e-05,0.00015583936533990604,21.84205976637014,0.00012252556375644909
2010-09-13,1121.9000244140625,4521050000,0.011069126603144852,0.00012252556375644909,6.872138700813335e-05,0.00012427184103591218,22.23201010491902,5.089023634435945e-07
2010-09-14,1121.0999755859375,4521050000,-0.0007133739296074637,5.089023634435945e-07,4.220042586088326e-05,0.00012297282194051687,22.23201010491902,1.2495403495542691e-05
2010-09-15,1125.0699462890625,3369840000,0.003534883802268851,1.2495403495542691e-05,3.646120903423803e-05,0.00012280195255400734,21.93813110273552,1.3279468880199115e-07
2010-09-16,1124.6600341796875,3364080000,-0.0003644100558464203,1.3279468880199115e-07,3.1840030717216754e-05,0.00012280732919836416,21.936420360284444,6.831255821832182e-07
2010-09-17,1125.5899658203125,4086140000,0.0008265141149328414,6.831255821832182e-07,2.7269157977284072e-05,0.00011616302626037343,22.130866596337825,0.00022786771646861114
2010-09-20,1142.7099609375,3364080000,0.015095287889557163,0.00022786771646861114,4.833758851971648e-05,0.0001264208598697461,21.936420360284444,6.591096659791448e-06
2010-09-21,1139.780029296875,4175660000,-0.002567313120714232,6.591096659791448e-06,4.955402737898605e-05,0.00011345948748784801,22.152538266827115,2.3398240643376413e-05
2010-09-22,1134.280029296875,3911070000,-0.00483717279445095,2.3398240643376413e-05,5.1734594808552804e-05,0.00011391090325096571,22.087076831051046,6.999397471333289e-05
2010-09-23,1124.8299560546875,3847850000,-0.00836624017784171,6.999397471333289e-05,6.570683081345897e-05,0.0001163474349327728,22.070780387960983,0.00043986318657551456
2010-09-24,1148.6700439453125,4123950000,0.020972915547808668,0.00043986318657551456,0.00015354284301212525,0.00012662719848522525,22.140077279118803,3.2302776771876235e-05
2010-09-27,1142.1600341796875,3587860000,-0.005683553181934364,3.2302776771876235e-05,0.00011442985507277827,0.00012760531139586808,22.000821761708355,2.3412637716642906e-05
2010-09-28,1147.699951171875,4025840000,0.004838660735848599,2.3412637716642906e-05,0.00011779416328414855,0.00012596438608172903,22.1159994219436,6.713865973196872e-06
2010-09-29,1144.72998046875,3990280000,-0.0025911128831443975,6.713865973196872e-06,0.00011445728835011263,0.00011396838577266188,22.107127241075208,9.538750135952726e-06
2010-09-30,1141.199951171875,4284160000,-0.003088486706455562,9.538750135952726e-06,0.0001023662434346366,0.00010440706952688198,22.178190337340546,1.94191314497061e-05
2010-10-01,1146.239990234375,4298910000,0.0044067143598951475,1.94191314497061e-05,1.8277432409474924e-05,0.00010528281820074702,22.181627339372845,6.508272525858593e-05
2010-10-04,1137.030029296875,3604110000,-0.008067386519721609,6.508272525858593e-05,2.4833422106816867e-05,6.980863510443884e-05,22.005340698146806,0.0004262871502878158
2010-10-05,1160.75,4068840000,0.020646722507163595,0.0004262871502878158,0.00010540832462105144,8.547082638925926e-05,22.12662378373795,4.518937908075619e-07
2010-10-06,1159.969970703125,4073160000,-0.0006722304595951911,4.518937908075619e-07,0.00010415593018457358,7.765228670981132e-05,22.12768494817036,2.715493933072623e-06
2010-10-07,1158.06005859375,3910550000,-0.0016478755817939117,2.715493933072623e-06,0.00010279127894399757,7.172509515678307e-05,22.08694386626865,3.7254093744670785e-05
2010-10-08,1165.1500244140625,3871420000,0.006103613171283939,3.7254093744670785e-05,0.00010635827140299051,7.154612270750588e-05,22.076887202010465,2.126530195175194e-08
2010-10-11,1165.3199462890625,2505900000,0.0001458262731874882,2.126530195175194e-08,9.334597941166366e-05,7.049078539059877e-05,21.641913788793303,1.4527407722077786e-05
2010-10-12,1169.77001953125,4076170000,0.0038114836641494065,1.4527407722077786e-05,1.0994030898516068e-05,7.00812362287911e-05,22.12842365923891,5.0350172735635295e-05
2010-10-13,1178.0999755859375,4969410000,0.007095785561559431,5.0350172735635295e-05,2.0973686687481614e-05,6.680053663693592e-05,22.32656695793568,1.3308138818438622e-05
2010-10-14,1173.81005859375,4969410000,-0.003648032184402794,1.3308138818438622e-05,2.3092215664554813e-05,6.738232011216297e-05,22.32656695793568,4.102378324141904e-06
2010-10-15,1176.18994140625,5724910000,0.002025432873274724,4.102378324141904e-06,1.6461872580449042e-05,6.700081896800839e-05,22.468092665913804,5.2094250528482996e-05
2010-10-18,1184.7099609375,4450050000,0.007217634690706021,5.2094250528482996e-05,2.687646962575529e-05,6.936270332435751e-05,22.21618116924121,0.000256148630496755
2010-10-19,1165.9000244140625,5600120000,-0.01600464402905466,0.000256148630496755,7.520071418069073e-05,8.097477172956533e-05,22.446053863207922,0.0001096016907720188
2010-10-20,1178.1700439453125,5027880000,0.010469082613678182,0.0001096016907720188,8.705101778796743e-05,7.559904328881114e-05,22.33826426124005,3.1411782742595706e-06
2010-10-21,1180.260009765625,4625470000,0.001772336952799769,3.1411782742595706e-06,8.501762567913164e-05,7.54422288167415e-05,22.25484382458549,5.694946885738465e-06
2010-10-22,1183.0799560546875,3177890000,0.002386408784290417,5.694946885738465e-06,8.533613939145093e-05,7.463753364593979e-05,21.879483291812438,4.599610038924571e-06
2010-10-25,1185.6199951171875,4221380000,0.0021446701468814666,4.599610038924571e-06,7.583721129353925e-05,7.166506252437576e-05,22.163427925991734,2.8510802771396786e-10
2010-10-26,1185.6400146484375,4203680000,1.6885142217759608e-05,2.8510802771396786e-10,2.4607542215793796e-05,5.167129427585363e-05,22.15922616931901,7.258765580045395e-06
2010-10-27,1182.449951171875,4335670000,-0.002694209639216183,7.258765580045395e-06,4.1389571773991106e-06,5.053293013077042e-05,22.190141991407046,1.2638643954203894e-06
2010-10-28,1183.780029296875,4283460000,0.0011242172367564862,1.2638643954203894e-06,3.7634944016312746e-06,4.952616770707849e-05,22.17802693140018,1.930581356260522e-07
2010-10-29,1183.260009765625,3537880000,-0.00043938381356856127,1.930581356260522e-07,2.6631166516087917e-06,4.922976735082526e-05,21.986793514923953,8.95078184391317e-07
2010-11-01,1184.3800048828125,4129180000,0.0009460857172536308,8.95078184391317e-07,1.922210280702141e-06,4.883687317120884e-05,22.141344677232926,5.9742636000975096e-05
2010-11-02,1193.5699462890625,3866200000,0.007729336064693726,5.9742636000975096e-05,1.3870680459291616e-05,5.066975974172107e-05,22.07553794971052,1.3478491003445176e-05
2010-11-03,1197.9599609375,4665480000,0.003671306443685296,1.3478491003445176e-05,1.5114625543971575e-05,4.832411273012376e-05,22.26345656005752,0.00036478342893305767
2010-11-04,1221.06005859375,5695470000,0.01909930440966523,0.00036478342893305767,8.781853845149904e-05,4.5528489032180204e-05,22.462936959149644,1.5327843996022675e-05
2010-11-05,1225.8499755859375,5637460000,0.0039150790536108815,1.5327843996022675e-05,9.084549562357837e-05,4.620466858696272e-05,22.45269944658374,4.508019951891387e-06
2010-11-08,1223.25,3937230000,-0.0021232098228605167,4.508019951891387e-06,9.156808397707837e-05,4.628614704236356e-05,22.09374326757245,6.536551973361493e-05
2010-11-09,1213.4000244140625,4848040000,-0.008084894540661303,6.536551973361493e-05,9.269266072360635e-05,4.756393913277011e-05,22.30184033671074,1.9066615502869382e-05
2010-11-10,1218.7099609375,4561300000,0.004366533579725385,1.9066615502869382e-05,9.381028562349118e-05,4.842963686917546e-05,22.24087350778146,1.807227539453403e-05
2010-11-11,1213.5400390625,3931120000,-0.004251149890857064,1.807227539453403e-05,2.4468054915786454e-05,4.859076721792347e-05,22.092190209758154,0.00014110508749748944
2010-11-12,1199.2099609375,4213620000,-0.011878766244753258,0.00014110508749748944,4.9623503616079804e-05,5.271599061618957e-05,22.161587972894544,1.4839559572706271e-06
2010-11-15,1197.75,3503370000,-0.0012181773094548376,1.4839559572706271e-06,4.901869081715565e-05,5.217852775886375e-05,21.976991199620475,0.00026693538770714345
2010-11-16,1178.3399658203125,5116380000,-0.01633815741468858,0.00026693538770714345,8.933266441186135e-05,6.412548273081837e-05,22.355712994878807,4.500353912453786e-08
2010-11-17,1178.5899658203125,3904780000,0.0002121403759884899,4.500353912453786e-08,8.55283420191124e-05,6.175960786766571e-05,22.08546728087894,0.00023227538675090037
2010-11-18,1196.68994140625,4687260000,0.015240583543647546,0.00023227538675090037,0.00012836896429038567,6.0674460424672315e-05,22.26811402714552,6.437139824108323e-06
2010-11-19,1199.72998046875,3675390000,0.0025371519119099517,6.437139824108323e-06,0.00010143537475570944,5.5985162654312755e-05,22.024925086701682,2.485695576452076e-06
2010-11-22,1197.8399658203125,3689500000,-0.0015766088850606153,2.485695576452076e-06,0.00010163572267954572,5.5955367986230594e-05,22.028756784733734,0.00020698667798748024
2010-11-23,1180.72998046875,4133070000,-0.014387031590549881,0.00020698667798748024,8.964598073561308e-05,6.510499212721886e-05,22.142286309424275,0.0002194165410354724
2010-11-24,1198.3499755859375,3384250000,0.014812715518616848,0.0002194165410354724,0.00013352028823488267,7.48693980816074e-05,21.942398153325655,5.61988829818951e-05
2010-11-26,1189.4000244140625,1613820000,-0.007496591424233756,5.61988829818951e-05,9.830498748108159e-05,7.742387980314682e-05,21.201869877030965,1.9038763680538056e-06
2010-11-29,1187.760009765625,3673450000,-0.001379810265237147,1.9038763680538056e-06,9.739833478987069e-05,7.718047574805628e-05,22.024397112206515,3.707245778145609e-05
2010-11-30,1180.550048828125,4284700000,-0.006088715610164108,3.707245778145609e-05,0.0001043156872308715,7.880813908378519e-05,22.17831637511,0.00045738761182579046
2010-12-01,1206.0699462890625,4548110000,0.021386622263129595,0.00045738761182579046,0.00015439587399853353,9.958970970606538e-05,22.23797759921767,0.00016223372050168348
2010-12-02,1221.530029296875,4970800000,0.012737100160620685,0.00016223372050168348,0.00014295930989177577,0.00010692328435685139,22.32684663009729,6.759240906340985e-06
2010-12-03,1224.7099609375,3735780000,0.002599854016351877,6.759240906340985e-06,0.00013307138147666494,0.00010451494821618622,22.041222469337175,1.6876143111157594e-06
2010-12-06,1223.1199951171875,3527370000,-0.0012990821033005417,1.6876143111157594e-06,0.0001330281290652773,0.00010397899927562579,21.983818388000106,2.651710147390408e-07
2010-12-07,1223.75,6970630000,0.0005149475844579143,2.651710147390408e-07,0.00012566667171193393,8.740998755206584e-05,22.664971445152073,1.3652476317339882e-05
2010-12-08,1228.280029296875,4607590000,0.003694925752615319,1.3652476317339882e-05,3.6919644610243794e-05,8.733383447576208e-05,22.25097078090402,1.4710167106081563e-05
2010-12-09,1233.0,4522510000,0.0038353835670088543,1.4710167106081563e-05,7.414933931123414e-06,8.779756843731618e-05,22.232332986618786,3.5804710500270175e-05
2010-12-10,1240.4000244140625,4547310000,0.0059837037443601915,3.5804710500270175e-05,1.3224027849909252e-05,8.645389529034598e-05,22.237801686505144,2.3347403010363207e-09
2010-12-13,1240.4599609375,4361240000,4.8319150458553395e-05,2.3347403010363207e-09,1.2886971935746307e-05,8.558733707386558e-05,22.196022257771315,8.2908615954064e-07
2010-12-14,1241.5899658203125,4132350000,0.0009105416846804104,8.2908615954064e-07,1.2999754964706628e-05,8.480355574500224e-05,22.14211208960202,2.6374562128206845e-05
2010-12-15,1235.22998046875,4407340000,-0.005135617015335825,2.6374562128206845e-05,1.554417212688002e-05,7.958853186458032e-05,22.2065371700459,3.802011962719083e-05
2010-12-16,1242.8699951171875,4736820000,0.006166045704273593,3.802011962719083e-05,2.0206162631101873e-05,8.124926657684942e-05,22.27863186164379,6.99656063475446e-07
2010-12-17,1243.9100341796875,4632470000,0.0008364544598933321,6.99656063475446e-07,1.3185151743742927e-05,6.914764241122813e-05,22.2563560403338,6.477592346589771e-06
2010-12-20,1247.0799560546875,3548140000,0.002545111460543481,6.477592346589771e-06,1.4480203265000672e-05,6.944003281156747e-05,21.989689359747157,3.614407004987018e-05
2010-12-21,1254.5999755859375,3479670000,0.006011993849786457,3.614407004987018e-05,2.154320004306658e-05,6.052497296152065e-05,21.97020329893755,1.1382915277427815e-05
2010-12-22,1258.8399658203125,1285590000,0.003373857625541987,1.1382915277427815e-05,1.8544870672910773e-05,6.0749780936671535e-05,20.97448359466598,2.7082685131380147e-06
2010-12-23,1256.77001953125,2515020000,-0.0016456817776040467,2.7082685131380147e-06,1.1482500450100214e-05,6.0759897888339064e-05,21.64554659315039,3.7516804048620393e-07
2010-12-27,1257.5400390625,1992470000,0.0006125096248110751,3.7516804048620393e-07,1.1417602845502365e-05,5.136846561802115e-05,21.412640912555453,5.94482010415494e-07
2010-12-28,1258.510009765625,2478450000,0.0007710265951414996,5.94482010415494e-07,1.0240980778267508e-05,4.142200838960948e-05,21.630899202132863,1.0173476106468379e-06
2010-12-29,1259.780029296875,2214380000,0.001008636510665184,1.0173476106468379e-06,3.2156362904228404e-06,3.891375678182547e-05,21.518238292006522,2.2781606557356517e-06
2010-12-30,1257.8800048828125,1970720000,-0.0015093576964178013,2.2781606557356517e-06,1.394685366084408e-06,3.8930769703992825e-05,21.40166479566488,3.640756032251517e-08
2010-12-31,1257.6400146484375,1799770000,-0.00019080765268331135,3.640756032251517e-08,8.60313175521308e-07,3.7247312875759485e-05,21.310924716462104,0.00012659161999943952
2011-01-03,1271.8699951171875,4286670000,0.011251294147760937,0.00012659161999943952,2.6103603567311972e-05,2.2211131429107165e-05,22.17877604492573,1.726397992802067e-06
2011-01-04,1270.199951171875,4796420000,-0.0013139246526350234,1.726397992802067e-06,2.6329986763789282e-05,1.491534404233983e-05,22.29113564346336,2.4946789087269564e-05
2011-01-05,1276.56005859375,4764920000,0.0049946760743084795,2.4946789087269564e-05,3.111587505911383e-05,1.5742050777836582e-05,22.284546585034413,4.51653612116276e-06
2011-01-06,1273.8499755859375,4844100000,-0.002125214370637174,4.51653612116276e-06,3.156355015219925e-05,1.587063813283872e-05,22.301027306726397,3.4095096954234773e-06
2011-01-07,1271.5,4963110000,-0.0018464857690823067,3.4095096954234773e-06,3.223817057921944e-05,1.6013562618324376e-05,22.325298397521284,1.8968869237005713e-06
2011-01-10,1269.75,4036450000,-0.001377275180819204,1.8968869237005713e-06,7.299223964071655e-06,1.5479217645886226e-05,22.118631430001457,1.3825057780056304e-05
2011-01-11,1274.47998046875,4050750000,0.0037182062584069087,1.3825057780056304e-05,9.718955921522502e-06,1.5438985403794167e-05,22.12216788635225,8.041164069299962e-05
2011-01-12,1285.9599609375,4226940000,0.00896725379885055,8.041164069299962e-05,2.0811926242668513e-05,1.7466573139827324e-05,22.16474416420274,2.931667331955115e-06
2011-01-13,1283.760009765625,4310840000,-0.0017122112404592826,2.931667331955115e-06,2.0494952484826987e-05,1.7599724621266147e-05,22.184398617896008,5.413148701858288e-05
2011-01-14,1293.239990234375,4661590000,0.007357410347301752,5.413148701858288e-05,3.0639347949458867e-05,2.0022561023949884e-05,22.262622428819153,1.8919019475468324e-06
2011-01-18,1295.02001953125,5284990000,0.0013754642661831795,1.8919019475468324e-06,3.0638350954228115e-05,1.8909712833919884e-05,22.38813656430845,0.00010337126027018372
2011-01-19,1281.9200439453125,4743710000,-0.01016716579338528,0.00010337126027018372,4.85475914522536e-05,2.1880219226783198e-05,22.280085367135907,1.6790935033798437e-06
2011-01-20,1280.260009765625,4935320000,-0.001295798403834425,1.6790935033798437e-06,3.280108201432965e-05,2.1924739110415217e-05,22.319683350890724,5.811173659073847e-06
2011-01-21,1283.3499755859375,4935320000,0.0024106376042603017,5.811173659073847e-06,3.3376983279753396e-05,2.1894447351891764e-05,22.319683350890724,3.386442979959594e-05
2011-01-24,1290.8399658203125,3902470000,0.005819315234595557,3.386442979959594e-05,2.932357183595601e-05,2.1790827340515663e-05,22.084875523200676,6.939419191367971e-08
2011-01-25,1291.1800537109375,4595380000,0.0002634277736186519,6.939419191367971e-08,2.8959070284829377e-05,2.1276576382083203e-05,22.248317288137752,1.77411474273823e-05
2011-01-26,1296.6300048828125,4730980000,0.004212024148480431,1.77411474273823e-05,1.1833047716269089e-05,2.1959889060003397e-05,22.2773982063618,5.0256271602814064e-06
2011-01-27,1299.5400390625,4309190000,0.0022417910607996916,5.0256271602814064e-06,1.2502354447649401e-05,2.2171273565448633e-05,22.184015788597325,0.00032449718586033145
2011-01-28,1276.3399658203125,5618630000,-0.018013805424183182,0.00032449718586033145,7.623955688790092e-05,3.6894123740444814e-05,22.449353699070716,5.826803119781616e-05
2011-01-31,1286.1199951171875,4167160000,0.007633349932881117,5.826803119781616e-05,8.112027716754497e-05,3.94964275398616e-05,22.150500585817802,0.0002740942433777151
2011-02-01,1307.5899658203125,5164500000,0.016555791837834732,0.0002740942433777151,0.00013592524700470525,5.1851704027224304e-05,22.36507412960459,7.432331427069625e-06
2011-02-02,1304.030029296875,4098260000,-0.0027262302593635823,7.432331427069625e-06,0.0001338634838046427,5.218788238480372e-05,22.13382833057775,5.529233815053047e-06
2011-02-03,1307.0999755859375,4370990000,0.002351432290127242,5.529233815053047e-06,0.00013396420513559705,4.66850466491498e-05,22.198255365247757,8.29503973378703e-06
2011-02-04,1310.8699951171875,3925950000,0.0028801110627521,8.29503973378703e-06,7.072377591028816e-05,4.6983621273740014e-05,22.090874197365537,3.869813299572357e-05
2011-02-07,1319.050048828125,3902270000,0.006220782345953246,3.869813299572357e-05,6.680979626986965e-05,4.7608682360487926e-05,22.084824272294178,1.7439146179422283e-05
2011-02-08,1324.5699462890625,3881530000,0.0041760203758389736,1.7439146179422283e-05,1.547877683021108e-05,4.819607372677245e-05,22.07949524300853,7.782164294482683e-06
2011-02-09,1320.8800048828125,3922240000,-0.002789653077800658,7.782164294482683e-06,1.5548743403693694e-05,4.839483075400241e-05,22.089928756372032,5.613189318648848e-07
2011-02-10,1321.8699951171875,4184610000,0.000749212207498573,5.613189318648848e-07,1.455516042705606e-05,4.8334123118009875e-05,22.15467934682021,3.0164936405110988e-05
2011-02-11,1329.1500244140625,4219300000,0.005492261501887086,3.0164936405110988e-05,1.8929139761320848e-05,4.907684487369418e-05,22.162935074695014,5.674327251507082e-06
2011-02-14,1332.3199462890625,3567040000,0.0023820846440685273,5.674327251507082e-06,1.232437861247755e-05,4.567969426271725e-05,21.995001957445876,1.0498602425364356e-05
2011-02-15,1328.010009765625,3926860000,-0.0032401546915794555,1.0498602425364356e-05,1.0936269861665967e-05,4.602364585787222e-05,22.091105961537554,3.891187921063022e-05
2011-02-16,1336.3199462890625,1966450000,0.006237938698851586,3.891187921063022e-05,1.7162212844895472e-05,4.533184550296527e-05,21.399495724137875,9.430862148140532e-06
2011-02-17,1340.4300537109375,1966450000,0.0030709708803797753,9.430862148140532e-06,1.8936121488150604e-05,4.567452551208317e-05,21.399495724137875,3.6974395051072513e-06
2011-02-18,1343.010009765625,1162310000,0.0019228727220248487,3.6974395051072513e-06,1.3642622108149855e-05,4.114389729548878e-05,20.873675242068014,0.00043023906496211437
2011-02-22,1315.43994140625,1322780000,-0.0207422049204542,0.00043023906496211437,9.855556965027131e-05,6.062389599815854e-05,21.003001420269992,3.758566654008298e-05
2011-02-23,1307.4000244140625,1330340000,-0.006130715010509213,3.758566654008298e-05,0.00010397298247321503,6.20681911291135e-05,21.0087003863594,9.897702192677896e-07
2011-02-24,1306.0999755859375,1222900000,-0.000994871961243149,9.897702192677896e-07,9.638856067494254e-05,6.057388842091677e-05,20.924490924977327,0.00011015023405176452
2011-02-25,1319.8800048828125,3836030000,0.010495248165325322,0.00011015023405176452,0.00011653243505566734,6.55775629600009e-05,22.067703814844215,3.075456612150526e-05
2011-02-28,1327.219970703125,1252850000,0.005545679951232785,3.075456612150526e-05,0.00012194386037894696,6.616908199155194e-05,20.948686793802842,0.00025169383964939156
2011-03-01,1306.3299560546875,1180420000,-0.015864861791058615,0.00025169383964939156,8.623481531640239e-05,7.738127346832967e-05,20.88913614514569,2.604666397796894e-06
2011-03-02,1308.43994140625,1025000000,0.001613897889519933,2.604666397796894e-06,7.923861528794518e-05,6.274979531094174e-05,20.747958450512392,0.00029146802246239606
2011-03-03,1330.969970703125,4340470000,0.017072434579239015,0.00029146802246239606,0.00013733426573657085,7.334979491387719e-05,22.191248474356517,5.483979793249227e-05
2011-03-04,1321.1500244140625,4223740000,-0.00740538978936911,5.483979793249227e-05,0.00012627217851271638,6.338368375727615e-05,22.16398682866236,7.016098201936794e-05
2011-03-07,1310.1300048828125,3964730000,-0.008376215256269859,7.016098201936794e-05,0.00013415346169228892,6.623498605692608e-05,22.10070359412823,7.89105587712124e-05
2011-03-08,1321.8199462890625,4531420000,0.008883161530176764,7.89105587712124e-05,9.959680551665307e-05,6.957050082766058e-05,22.234301193325564,1.856764313110369e-06
2011-03-09,1320.02001953125,3709520000,-0.0013626313929711031,1.856764313110369e-06,9.944722509971576e-05,6.927785194490256e-05,22.034168325411102,0.0003629512877878045
2011-03-10,1295.1099853515625,4723020000,-0.019051280476330312,0.0003629512877878045,0.00011374387816479748,8.401663170817896e-05,22.275714262659807,4.97809907603646e-05
2011-03-11,1304.280029296875,3740400000,0.007055564524569569,4.97809907603646e-05,0.00011273211673037191,8.548671555276725e-05,22.042458394792916,3.681694635924317e-05
2011-03-14,1296.3900146484375,4050370000,-0.006067696956773894,3.681694635924317e-05,0.00010606330959834699,8.680647837389273e-05,22.12207407216355,0.00012686743233466933
2011-03-15,1281.8699951171875,5201400000,-0.011263544394846114,0.00012686743233466933,0.00011565468431103836,9.254766534674748e-05,22.37219365725918,0.00038759694550685617
2011-03-16,1256.8800048828125,5833000000,-0.0196874819493722,0.00038759694550685617,0.00019280272054978754,0.00010879457485137226,22.48679728488935,0.00017713656763091058
2011-03-17,1273.719970703125,4134950000,0.01330926623187434,0.00017713656763091058,0.00015563977651840872,0.00011658831305043607,22.14274107369237,1.8498081292708704e-05
2011-03-18,1279.2099609375,4685500000,0.0043009395825457375,1.8498081292708704e-05,0.00014938319462487755,0.00011695192572622444,22.267738470741577,0.00022125574603321443
2011-03-21,1298.3800048828125,4223730000,0.014874667930182994,0.00022125574603321443,0.0001862709545596718,0.00012524028330906917,22.163984461089584,1.265143332929367e-05
2011-03-22,1293.77001953125,3576550000,-0.003556885341038374,1.265143332929367e-05,0.00016342775475859666,0.0001253866729082125,21.99766448584278,8.466600010915173e-06
2011-03-23,1297.5400390625,3842350000,0.00290974225850249,8.466600010915173e-06,8.760168565940849e-05,0.00012560345293120376,22.069349995790084,8.644152469402145e-05
2011-03-24,1309.6600341796875,4223740000,0.00929739343547542,8.644152469402145e-05,6.946267707203065e-05,0.0001099762920099268,22.16398682866236,9.961289148619473e-06
2011-03-25,1313.800048828125,4223740000,0.0031561510021891337,9.961289148619473e-06,6.775531864321281e-05,0.00010872063849213303,22.16398682866236,7.571404366191914e-06
2011-03-28,1310.18994140625,3215170000,-0.0027516184993912063,7.571404366191914e-06,2.5018450309808302e-05,0.00010901980368062957,21.891146070687487,4.949459633215254e-05
2011-03-29,1319.43994140625,3482580000,0.007035239607302124,4.949459633215254e-05,3.238708291038008e-05,0.00010626272923882902,21.971039235644398,4.4388408245972844e-05
2011-03-30,1328.260009765625,3809570000,0.0066624626262346,4.4388408245972844e-05,3.957144455739161e-05,0.00010688244933539574,22.06078215908586,3.353209589785603e-06
2011-03-31,1325.8299560546875,3566270000,-0.0018311771049752679,3.353209589785603e-06,2.295378153654444e-05,9.559423887814093e-05,21.994786068888455,2.4509558658407863e-05
2011-04-01,1332.4100341796875,4223740000,0.00495071294445637,2.4509558658407863e-05,2.5863435438502122e-05,9.658991579907777e-05,22.16398682866236,1.1912864734217958e-07
2011-04-04,1332.8699951171875,4223740000,0.0003451501808520163,1.1912864734217958e-07,2.4372980294732175e-05,8.334678426202988e-05,22.16398682866236,3.2425729817284864e-08
2011-04-05,1332.6300048828125,3852280000,-0.0001800714575308504,3.2425729817284864e-08,1.4480546174265122e-05,8.085554007099919e-05,22.071931018012066,4.7580555471304135e-06
2011-04-06,1335.5400390625,4223740000,0.0021812967581533727,4.7580555471304135e-06,6.554475634496636e-06,7.788267977680659e-05,22.16398682866236,2.313935957513753e-06
2011-04-07,1333.510009765625,4005600000,-0.001521162699225087,2.313935957513753e-06,6.346620908042266e-06,7.440101510345665e-05,22.11095921922966,1.610001983311074e-05
2011-04-08,1328.1700439453125,3582810000,-0.004012483000974676,1.610001983311074e-05,4.664713142982842e-06,7.50484358089112e-05,21.999413245953626,7.824821785212362e-06
2011-04-11,1324.4599609375,3478970000,-0.0027972882914015784,7.824821785212362e-06,6.205851770556879e-06,5.890632371788429e-05,21.9700021101989,6.0950739298656545e-05
2011-04-12,1314.1600341796875,4275490000,-0.0078070954457247765,6.0950739298656545e-05,1.838951448432473e-05,5.941403956053392e-05,22.17616455288371,3.618269361987997e-08
2011-04-13,1314.4100341796875,3850860000,0.00019021749031011836,3.618269361987997e-08,1.7445139913622625e-05,5.774218666664195e-05,22.071562337184318,7.001186134287515e-09
2011-04-14,1314.52001953125,3872630000,8.36730908613248e-05,7.001186134287515e-09,1.698375295934673e-05,5.197580343261763e-05,22.077199699995248,1.534859915068869e-05
2011-04-15,1319.6800537109375,4223740000,0.00391772882556829,1.534859915068869e-05,1.6833468822862323e-05,3.505542405279184e-05,22.16398682866236,0.0001227441906698441
2011-04-18,1305.1400146484375,4223740000,-0.011078997728578344,0.0001227441906698441,3.981734259978867e-05,3.258304328183427e-05,22.16398682866236,3.2659055828838596e-05
2011-04-19,1312.6199951171875,3886300000,0.0057148102180946125,3.2659055828838596e-05,3.415900590582508e-05,3.322672394256745e-05,22.08072338538506,0.00018021545862260824
2011-04-20,1330.3599853515625,4236280000,0.01342443513234759,0.00018021545862260824,7.019486109162276e-05,3.1361256332994436e-05,22.16695136283154,2.769820587575189e-05
2011-04-21,1337.3800048828125,3587240000,0.005262908499656049,2.769820587575189e-05,7.573310202954627e-05,3.204520053965163e-05,22.000648941816962,2.540643289360634e-06
2011-04-25,1335.25,2142130000,-0.001593939550096124,2.540643289360634e-06,7.317151085728065e-05,3.177583887049006e-05,21.485066498540217,7.9914799530918e-05
2011-04-26,1347.239990234375,3908060000,0.008939507790192813,7.9914799530918e-05,6.460563262949544e-05,3.147916954489445e-05,22.086306924386772,3.881785674411448e-05
2011-04-27,1355.6600341796875,4051570000,0.006230397799829035,3.881785674411448e-05,6.583739281255061e-05,3.279083170832604e-05,22.12237029751414,1.2596241924280463e-05
2011-04-28,1360.47998046875,4036820000,0.003549118471434909,1.2596241924280463e-05,3.231354947288506e-05,3.301923341551188e-05,22.118723090505856,5.280894734714366e-06
2011-04-29,1363.6099853515625,3479070000,0.002298019742020152,5.280894734714366e-06,2.7830087244677557e-05,3.1009519706537416e-05,21.970030853925575,3.0773899365866668e-06
2011-05-02,1361.219970703125,3846250000,-0.0017542491090454249,3.0773899365866668e-06,2.7937436574122767e-05,2.9131746147019865e-05,22.07036448486052,1.1458403532721848e-05
2011-05-03,1356.6199951171875,4223740000,-0.0033850263710526463,1.1458403532721848e-05,1.424615737448353e-05,2.9500164053516972e-05,22.16398682866236,4.7319461297815876e-05
2011-05-04,1347.3199462890625,4223740000,-0.006878914252832047,4.7319461297815876e-05,1.594647828522381e-05,3.05369778098537e-05,22.16398682866236,8.301427851378502e-05
2011-05-05,1335.0999755859375,3846250000,-0.00911121718069463,8.301427851378502e-05,3.0030085603124722e-05,3.430493916741927e-05,22.07036448486052,1.4536246614009288e-05
2011-05-06,1340.199951171875,4223740000,0.0038126429958769137,1.4536246614009288e-05,3.188115597898371e-05,3.4964203753064374e-05,22.16398682866236,2.0555978101186465e-05
2011-05-09,1346.2900390625,4265250000,0.004533870101931292,2.0555978101186465e-05,3.5376873611903665e-05,3.5682291141885104e-05,22.173766633053745,6.466758804687219e-05
2011-05-10,1357.1600341796875,4223740000,0.008041616009663244,6.466758804687219e-05,4.601871051473374e-05,3.8516548055037756e-05,22.16398682866236,0.00012485134124116525
2011-05-11,1342.0799560546875,3846250000,-0.01117368968788579,0.00012485134124116525,6.15250865034036e-05,4.345978993722205e-05,22.07036448486052,2.3848510446100603e-05
2011-05-12,1348.6500244140625,3777210000,0.00488349367216756,2.3848510446100603e-05,4.9691932889866724e-05,4.4188139421807884e-05,22.05225147907816,6.56107621381e-05
2011-05-13,1337.77001953125,3426660000,-0.008100047045425107,6.56107621381e-05,5.9906835994684874e-05,4.439995864178259e-05,21.954851863069965,3.873467368618365e-05
2011-05-16,1329.469970703125,3846250000,-0.00622371863809601,3.873467368618365e-05,6.35425751116843e-05,4.615898095962639e-05,22.07036448486052,1.3588698821259972e-07
2011-05-17,1328.97998046875,4053970000,-0.00036862852333019447,1.3588698821259972e-07,5.0636234899952396e-05,4.61648394051754e-05,22.122962485096842,7.682999294829698e-05
2011-05-18,1340.6800537109375,3922030000,0.008765271983703471,7.682999294829698e-05,4.1031965241378735e-05,4.8959448214157606e-05,22.089875214104875,4.733116090736769e-06
2011-05-19,1343.5999755859375,3626110000,0.0021755725891674516,4.733116090736769e-06,3.720888637030597e-05,4.359530846056181e-05,22.011426285553615,5.956713212095642e-05
2011-05-20,1333.27001953125,4066020000,-0.007717974612614142,5.956713212095642e-05,3.600016036687725e-05,4.481840283747626e-05,22.125930471225562,0.0001439343636648137
2011-05-23,1317.3699951171875,3255580000,-0.011997264840988286,0.0001439343636648137,5.704009836260326e-05,4.31692621575765e-05,21.903636284444612,6.851247775956552e-07
2011-05-24,1316.280029296875,3846250000,-0.0008277226453321518,6.851247775956552e-07,5.714994592047987e-05,4.194139483493304e-05,22.07036448486052,1.0100403236598553e-05
2011-05-25,1320.469970703125,4109670000,0.003178113156669937,1.0100403236598553e-05,4.3804027978140186e-05,4.2285020287080215e-05,22.13660857050351,1.556557174132138e-05
2011-05-26,1325.68994140625,3259470000,0.003945322767698656,1.556557174132138e-05,4.597051910825711e-05,3.93600553875531e-05,21.904830442727686,1.658619553465123e-05
2011-05-27,1331.0999755859375,3124560000,0.004072615318766459,1.658619553465123e-05,3.737433179099607e-05,3.8349525332577496e-05,21.86255931054157,0.00011102868208331852
2011-05-31,1345.199951171875,4696240000,0.010537014856367932,0.00011102868208331852,3.079319547469703e-05,4.282372715798832e-05,22.27002802570459,0.0005312207079476689
2011-06-01,1314.550048828125,4241090000,-0.02304822570064058,0.0005312207079476689,0.00013690031210871167,6.673008230403172e-05,22.168086148859526,1.5020613229467182e-06
2011-06-02,1312.93994140625,3762170000,-0.001225586114047772,1.5020613229467182e-06,0.0001351806437259813,6.665847645795717e-05,22.048261755799473,9.56775987591965e-05
2011-06-03,1300.1600341796875,3505030000,-0.009781492665191571,9.56775987591965e-05,0.00015120304912955634,7.04866216955242e-05,21.97746491688278,0.00011704028873915867
2011-06-06,1286.1700439453125,3555980000,-0.010818516013721968,0.00011704028873915867,0.00017129386777045783,7.365575021558522e-05,21.991896530566507,9.155907098802636e-07
2011-06-07,1284.93994140625,3846250000,-0.0009568650426681202,9.155907098802636e-07,0.00014927124949577018,6.992399167904411e-05,22.07036448486052,1.7603599938744517e-05
2011-06-08,1279.56005859375,3970810000,-0.004195664421607681,1.7603599938744517e-05,4.6547827893985294e-05,7.006341683016844e-05,22.102235941312713,5.40285173037294e-05
2011-06-09,1289.0,3332510000,0.0073504093289917805,5.40285173037294e-05,5.705311909014184e-05,7.158489588482947e-05,21.926991611062896,0.00019820368025443366
2011-06-10,1270.97998046875,3846250000,-0.0140784828818461,0.00019820368025443366,7.755833538918926e-05,7.765471825790046e-05,22.07036448486052,4.4693578311362683e-07
2011-06-13,1271.8299560546875,4132520000,0.0006685325595015001,4.4693578311362683e-07,5.423966479798025e-05,7.199997255526175e-05,22.142153227575147,0.00015707392042518497
2011-06-14,1287.8699951171875,3500280000,0.012532913485107322,0.00015707392042518497,8.547133074104119e-05,7.805567300885649e-05,21.97610880252764,0.0003092522548945939
2011-06-15,1265.4200439453125,4070500000,-0.01758556950725776,0.0003092522548945939,0.00014380106173221107,8.913028631596984e-05,22.127031679223975,3.072300743557085e-06
2011-06-16,1267.6400146484375,3846250000,0.0017527979756826184,3.072300743557085e-06,0.00013360981842017663,8.750926936403228e-05,22.07036448486052,9.243973126467162e-06
2011-06-17,1271.5,4916460000,0.0030403902917992554,9.243973126467162e-06,9.581787699458331e-05,8.792327327940748e-05,22.315854596485774,2.8951815084954735e-05
2011-06-20,1278.3599853515625,3464660000,0.005380689090158874,2.8951815084954735e-05,0.00010151885285495154,8.574699246743738e-05,21.965880340964297,0.00017780033124318057
2011-06-21,1295.52001953125,4056150000,0.013334179061463836,0.00017780033124318057,0.00010566413501855066,9.361368406527572e-05,22.123500085046526,4.211308907217334e-05
2011-06-22,1287.1400146484375,3718420000,-0.006489459844407186,4.211308907217334e-05,5.223630185406654e-05,9.282031847214923e-05,22.036564684093765,8.020183548863828e-06
2011-06-23,1283.5,4983450000,-0.0028319928581943543,8.020183548863828e-06,5.322587841512788e-05,8.664240119415151e-05,22.329388259412855,0.00013912384560803686
2011-06-24,1268.449951171875,3665340000,-0.011795077176858015,0.00013912384560803686,7.920185291144181e-05,9.293507032280792e-05,22.02218693769569,8.358597650137185e-05
2011-06-27,1280.0999755859375,3479070000,0.009142536655730282,8.358597650137185e-05,9.012868519472523e-05,9.627532365302491e-05,21.970030853925575,0.00016541285084101516
2011-06-28,1296.6700439453125,3681500000,0.012861292735997232,0.00016541285084101516,8.765118911429217e-05,0.00010308656361210189,22.026586115044672,6.803995519328415e-05
2011-06-29,1307.4100341796875,4347540000,0.008248633534912564,6.803995519328415e-05,9.283656233851433e-05,0.00010542537086931248,22.192876005070453,0.00010137210657828615
2011-06-30,1320.6400146484375,4200500000,0.01006837159516305,0.00010137210657828615,0.00011150694694439878,0.00010498643561908373,22.158469403007242,0.00020468650361858036
2011-07-01,1339.6700439453125,3796930000,0.014306869106082587,0.00020468650361858036,0.00012461947854650748,9.014397178594334e-05,22.05745868268245,1.7877629908033782e-06
2011-07-05,1337.8800048828125,3722320000,-0.0013370725450787546,1.7877629908033782e-06,0.00010825983584439379,9.015695822539136e-05,22.037612967021563,1.0021167581934728e-06
2011-07-06,1339.219970703125,3564190000,0.0010010578196055775,1.0021167581934728e-06,7.537768902782946e-05,8.585352722534577e-05,21.994202656301212,0.0001081513243295013
2011-07-07,1353.219970703125,4069530000,0.010399582892092418,0.0001081513243295013,8.339996285507289e-05,8.544948338854317e-05,22.126793350862936,4.879662496375422e-05
2011-07-08,1343.800048828125,3594360000,-0.006985458106935738,4.879662496375422e-05,7.28848665321665e-05,8.762589403644652e-05,22.002631787514527,0.0003332876312160558
2011-07-11,1319.489990234375,3879130000,-0.018256166936573948,0.0003332876312160558,9.860509205166159e-05,0.00010197516818541523,22.07887673889267,1.9743535444707233e-05
2011-07-12,1313.6400146484375,4227890000,-0.004443369829837174,1.9743535444707233e-05,0.00010219624654244235,0.00010041675991909604,22.16496888782315,9.616369131510036e-06
2011-07-13,1317.719970703125,4060080000,0.0031010271091220787,9.616369131510036e-06,0.00010391909701710567,9.184460941350859e-05,22.12446851504572,4.541118782126031e-05
2011-07-14,1308.8699951171875,4358570000,-0.006738782369335006,4.541118782126031e-05,9.137106971545748e-05,9.388843905160618e-05,22.195409859087665,3.0681136278342255e-05
2011-07-15,1316.1400146484375,4242760000,0.005539055540283222,3.0681136278342255e-05,8.774797197837508e-05,8.814331249947697e-05,22.168479838050445,6.663648796154006e-05
2011-07-18,1305.43994140625,4118160000,-0.008163117539368159,6.663648796154006e-05,3.441774332747193e-05,7.711532309342906e-05,22.138672298852576,0.0002617001706963606
2011-07-19,1326.72998046875,4304600000,0.016177149646843247,0.0002617001706963606,8.28090703778026e-05,8.887113536401103e-05,22.182950055526664,4.5031938614148576e-07
2011-07-20,1325.8399658203125,3767420000,-0.0006710584073994497,4.5031938614148576e-07,8.097586042872889e-05,8.847142383035987e-05,22.049656254264697,0.00018104409664745281
2011-07-21,1343.800048828125,4837430000,0.013455262786265187,0.00018104409664745281,0.00010810244219396739,9.538470935592797e-05,22.299649425120098,8.234464699583672e-07
2011-07-22,1345.02001953125,3522830000,0.0009074395131127844,8.234464699583672e-07,0.0001021309042322906,8.734030550259969e-05,21.9825304810964,3.2024226936695656e-05
2011-07-25,1337.4300537109375,3536890000,-0.005658995223243757,3.2024226936695656e-05,9.520845202732173e-05,8.688172086007798e-05,21.986513647166788,1.6920224609172164e-05
2011-07-26,1331.93994140625,4007050000,-0.004113420062329176,1.6920224609172164e-05,4.625246280988404e-05,8.728626818100108e-05,22.111321146935342,0.00042097703126774155
2011-07-27,1304.8900146484375,3479040000,-0.020517724807291415,0.00042097703126774155,0.00013035780518620406,0.00010009777662007856,21.970022230894326,1.049246299627456e-05
2011-07-28,1300.6700439453125,4951800000,-0.003239207155504964,1.049246299627456e-05,9.62474784559684e-05,9.677534418802869e-05,22.323016983992915,4.187937113316849e-05
2011-07-29,1292.280029296875,5061190000,-0.006471427287173093,4.187937113316849e-05,0.00010445866338861044,9.116018601949019e-05,22.344867470659,1.7146728713485186e-05
2011-08-01,1286.93994140625,4967390000,-0.004140860866231222,1.7146728713485186e-05,0.00010148316374396834,8.88468575431357e-05,22.3261603884108,0.000670235619080389
2011-08-02,1254.050048828125,5206290000,-0.025888909190624254,0.000670235619080389,0.00023214624263821168,0.00011470428992959493,22.373133347115218,2.5031469424196303e-05
2011-08-03,1260.3399658203125,6446940000,0.00500314595271778,2.5031469424196303e-05,0.00015295713026950266,0.00010653815201166838,22.58687143673244,0.002401162197025841
2011-08-04,1200.0699462890625,4266530000,-0.04900165504374154,0.002401162197025841,0.000631091077075416,0.00021560062628598825,22.174066687675243,3.3072044455091564e-07
2011-08-05,1199.3800048828125,5454590000,-0.0005750829892727793,3.3072044455091564e-07,0.0006227813469376925,0.00021557010827173177,22.41972329318679,0.00475525670928963
2011-08-08,1119.4599609375,2615150000,-0.06895836939262434,0.00475525670928963,0.0015704033430529215,0.0004268021712244649,21.684587294577256,0.002145305346660398
2011-08-09,1172.530029296875,2366660000,0.046317441063387754,0.002145305346660398,0.001865417288568923,0.0005220980222106759,21.58474551584273,0.0020391363177805445
2011-08-10,1120.760009765625,5018070000,-0.04515679702747466,0.0020391363177805445,0.002268238258240193,0.0005996365988726981,22.33631123477341,0.0020476162902746133
2011-08-11,1172.6400146484375,3685050000,0.04525059436377177,0.0020476162902746133,0.0021975290768899472,0.0006918126331831485,22.027549931288057,2.7540192721739155e-05
2011-08-12,1178.81005859375,5640380000,0.005247875067276198,2.7540192721739155e-05,0.002202970971345385,0.0006926273524372498,22.453217276250545,0.00046443387629699877
2011-08-15,1204.489990234375,4272850000,0.021550727976033635,0.00046443387629699877,0.0013448064047468587,0.0007116738382770562,22.175546889083883,9.577118185210759e-05
2011-08-16,1192.760009765625,5071600000,-0.009786275177620318,9.577118185210759e-05,0.0009348995717852006,0.0007146324767122272,22.346922186815245,8.966918406321947e-07
2011-08-17,1193.8900146484375,4388340000,0.0009469381398128363,8.966918406321947e-07,0.0005272516465972182,0.0007116443041612769,22.20221686063294,0.002081056568551829
2011-08-18,1140.6500244140625,3234810000,-0.04561859893236342,0.002081056568551829,0.0005339397022526614,0.0007943423222456163,21.89723603087153,0.00022869775291324971
2011-08-19,1123.530029296875,5167560000,-0.015122756128207904,0.00022869775291324971,0.0005741712142909635,0.0008047172055877576,22.365666460676785,6.656806264577096e-08
2011-08-22,1123.8199462890625,5436260000,0.00025800787322438623,6.656806264577096e-08,0.0004812977526440929,0.0007964909542884482,22.416357161561713,0.0011363808462777852
2011-08-23,1162.3499755859375,5013170000,0.033710248386474184,0.0011363808462777852,0.0006894196855292284,0.0008481071997342586,22.3353342866815,0.00016990213629956074
2011-08-24,1177.5999755859375,5315310000,0.013034651368546868,0.00016990213629956074,0.0007232207744210141,0.0008543743774325706,22.39385717272148,0.00024611129634253865
2011-08-25,1159.27001953125,5748420000,-0.015687934737961484,0.00024611129634253865,0.000356231719979156,0.0008647921534204509,22.472190871561278,0.0002252526191148043
2011-08-26,1176.800048828125,5035320000,0.015008418274915059,0.0002252526191148043,0.0003555426932194669,0.000855895589231681,22.339742916410195,0.0007777129358034892
2011-08-29,1210.0799560546875,4228070000,0.027887505012164304,0.0007777129358034892,0.0005110719667676357,0.0008907692470865544,22.165011461345255,5.49562538707128e-06
2011-08-30,1212.9200439453125,4572570000,0.0023442750237698817,5.49562538707128e-06,0.0002848949225894928,0.0008891154404617318,22.243341247242785,2.4107203560866112e-05
2011-08-31,1218.8900146484375,5267840000,0.004909908712070532,2.4107203560866112e-05,0.00025573593604175386,0.0008894318256820673,22.38488624849833,0.0001426223697757233
2011-09-01,1204.4200439453125,4780410000,-0.01194246079230421,0.0001426223697757233,0.00023503815072839078,0.000865449405259128,22.287792154039156,0.0006557193345801297
2011-09-02,1173.969970703125,4401740000,-0.025607017291752854,0.0006557193345801297,0.00032113149382145595,0.0008941170354934886,22.205265754471725,5.571243736504358e-05
2011-09-06,1165.239990234375,5103980000,-0.007464076457609714,5.571243736504358e-05,0.0001767313941337668,0.0007875056827816342,22.35328646468185,0.0007977136483229357
2011-09-07,1198.6199951171875,4441040000,0.028243824959147013,0.0007977136483229357,0.0003351749987209397,0.0008237503613215607,22.214154420421394,0.00011382522209627471
2011-09-08,1185.9000244140625,4465170000,-0.010668890387302454,0.00011382522209627471,0.0003531186024280214,0.0006127762028127719,22.21957312468221,0.0007327070764098641
2011-09-09,1154.22998046875,4586370000,-0.027068562510962124,0.0007327070764098641,0.0004711355437548496,0.0005485671905286567,22.246354698677123,4.8185368825681266e-05
2011-09-12,1162.27001953125,5168550000,0.0069415681820235164,4.8185368825681266e-05,0.00034962875060395984,0.0004580694201216174,22.36585802210615,8.242326905784093e-05
2011-09-13,1172.8699951171875,4681370000,0.009078726180353769,8.242326905784093e-05,0.00035497091694251933,0.0003687424646117641,22.26685663929377,0.00017928568673556992
2011-09-14,1188.6800537109375,4986740000,0.013389760518230709,0.00017928568673556992,0.00023128532462504616,0.00037563998706693826,22.330048226799388,0.00029039727324863045
2011-09-15,1209.1099853515625,4479730000,0.017041046718104802,0.00029039727324863045,0.0002665997348555173,0.0003677292323829215,22.22282861392321,3.238151212099113e-05
2011-09-16,1216.010009765625,5248890000,0.005690475561936026,3.238151212099113e-05,0.00012653462199774273,0.0003648478837587798,22.38128246281486,9.70411900551896e-05
2011-09-19,1204.0899658203125,4254190000,-0.00985094868808023,9.70411900551896e-05,0.0001363057862436444,0.0003692180882230779,22.171170216807912,2.76352871820208e-06
2011-09-20,1202.0899658203125,4315610000,-0.0016623864527245402,2.76352871820208e-06,0.00012037383817571663,0.00027475022277609486,22.18550451904539,0.0008898882678894107
2011-09-21,1166.760009765625,4728550000,-0.02983099508714737,0.0008898882678894107,0.0002624943544064848,0.0003048043370931931,22.276884438753275,0.0010499192040337578
2011-09-22,1129.56005859375,6703140000,-0.032402456759229814,0.0010499192040337578,0.0004143987405635102,0.00035252491145551637,22.625841910423674,3.676710949287069e-05
2011-09-23,1136.4300537109375,5639930000,0.006063588829469779,3.676710949287069e-05,0.0004152758600378862,0.0003025424688743839,22.453137491209148,0.0005321336065574128
2011-09-26,1162.949951171875,4762830000,0.023068021296968944,0.0005321336065574128,0.0005022943433383308,0.0003190075357042863,22.284107866547238,0.00011303230826949919
2011-09-27,1175.3800048828125,5548130000,0.01063166535729465,0.00011303230826949919,0.0005243480992485901,0.00031295849079187536,22.436726771172054,0.0004371526538146658
2011-09-28,1151.06005859375,4787920000,-0.02090819585269532,0.0004371526538146658,0.0004338009764336412,0.00032259031055096,22.28936191627365,6.531042300489687e-05
2011-09-29,1160.4000244140625,5285740000,0.00808148643535933,6.531042300489687e-05,0.00023687922022786904,0.000290208378151024,22.388278465577542,0.0006396485647653628
2011-09-30,1131.4200439453125,4416790000,-0.025291274478866477,0.0006396485647653628,0.0003574555112823675,0.0003190335117591281,22.208679025075362,0.0008331075725873335
2011-10-03,1099.22998046875,5670340000,-0.02886360290378409,0.0008331075725873335,0.0004176503044883516,0.00035580625580578575,22.45851491779125,0.0004945867371951884
2011-10-04,1123.949951171875,3714670000,0.022239306131154102,0.0004945867371951884,0.0004939611902734895,0.00037180463614303413,22.035555682368468,0.0003135703933808009
2011-10-05,1144.030029296875,2510620000,0.01770791894551138,0.0003135703933808009,0.0004692447381867165,0.00035625241154306465,21.643795571938174,0.00032899315531842064
2011-10-06,1164.969970703125,5098330000,0.01813816846648031,0.00032899315531842064,0.0005219812846494213,0.00036867426235912725,22.352178872268663,6.718771364553701e-05
2011-10-07,1155.4599609375,5580380000,-0.008196811187622721,6.718771364553701e-05,0.0004074891144254561,0.0003354685380556092,22.442522711558528,0.0011259812388380722
2011-10-10,1194.8900146484375,4446800000,0.033555643919288336,0.0011259812388380722,0.00046606384767560393,0.00038147562972569085,22.215450573548615,2.9577895417187774e-07
2011-10-11,1195.5400390625,4424500000,0.0005438556372530101,2.9577895417187774e-07,0.00036720565602740054,0.00034818420711406854,22.210423114897694,9.500492400451299e-05
2011-10-12,1207.25,5355360000,0.009747046937637727,9.500492400451299e-05,0.00032349256215214296,0.0003503123687131063,22.401363765663984,8.86909387591786e-06
2011-10-13,1203.6600341796875,4436270000,-0.002978102395136517,8.86909387591786e-06,0.0002594677498636424,0.00034696899711392795,22.213079770452435,0.0002969055966336179
2011-10-14,1224.5799560546875,4116690000,0.017230948802477997,0.0002969055966336179,0.0003054113264612586,0.00035231535665474834,22.138315279595332,0.0003825911588943329
2011-10-17,1200.8599853515625,4300700000,-0.01955993759944885,0.0003825911588943329,0.00015673331047251073,0.0003565059878204621,22.182043637327155,0.00040856736525087244
2011-10-18,1225.3800048828125,4840170000,0.020213049380310544,0.00040856736525087244,0.00023838762773185085,0.00037360534478091123,22.300215681231666,0.0001620482863505188
2011-10-19,1209.8800048828125,4846390000,-0.012729818787025948,0.0001620482863505188,0.000251796300201052,0.00037656021279433533,22.3014999350542,2.064648031966641e-05
2011-10-20,1215.3900146484375,4870290000,0.0045438398210837505,2.064648031966641e-05,0.00025415177748980175,0.00037737307423076554,22.30641932072793,0.0003472284713125985
2011-10-21,1238.25,4980770000,0.018634067492434347,0.0003472284713125985,0.00026421635242559777,0.0003527067198409104,22.328850334705436,0.00016360473553465245
2011-10-24,1254.18994140625,4309380000,0.012790806680372135,0.00016360473553465245,0.0002204190677536617,0.0003124196985454965,22.18405987943838,0.00040999552381001334
2011-10-25,1229.050048828125,4473970000,-0.02024834619938165,0.00040999552381001334,0.0002207046994654899,0.000329384626469003,22.22154199480635,0.00010986038625052014
2011-10-26,1242.0,4873530000,0.010481430544087011,0.00010986038625052014,0.00021026711944549019,0.000310190389182326,22.30708435766801,0.001136808519999097
2011-10-27,1284.5899658203125,6367610000,0.03371659116813408,0.001136808519999097,0.00043349952738137626,0.00035672567153367145,22.574490040051472,1.5144046877674712e-07
2011-10-28,1285.0899658203125,4536690000,0.0003891535285420744,1.5144046877674712e-07,0.0003640841212126119,0.00033686198001794916,22.235463508425877,0.0006274331942239782
2011-10-31,1253.300048828125,4310210000,-0.025048616612978414,0.0006274331942239782,0.00045684981295047707,0.00036241301507336195,22.184252464005016,0.0008031589793554978
2011-11-01,1218.280029296875,5645540000,-0.028340059621593916,0.0008031589793554978,0.000535482504059574,0.00036984530664564084,22.45413169002605,0.0002552441844340689
2011-11-02,1237.9000244140625,4110530000,0.015976363304396557,0.0002552441844340689,0.0005645592636962837,0.0003435787890023106,22.1368178111553,0.00034624304574412755
2011-11-03,1261.1500244140625,4849140000,0.018607607200930687,0.00034624304574412755,0.0004064461688452899,0.0003368358939363533,22.30206720679142,3.9687726201154517e-05
2011-11-04,1253.22998046875,3830650000,-0.006299819537189499,3.9687726201154517e-05,0.0004143534259917654,0.0003243866817918239,22.066300338794164,3.938827906663038e-05
2011-11-07,1261.1199951171875,3429740000,0.006276008211166584,3.938827906663038e-05,0.0002967444429602958,0.0003112228237803789,21.955750293793457,0.00013612613014342734
2011-11-08,1275.9200439453125,3908490000,0.011667310321724855,0.00013612613014342734,0.00016333787311788173,0.0003143563881666466,22.08641694735095,0.0013976641777118269
2011-11-09,1229.0999755859375,4659740000,-0.03738534709898822,0.0013976641777118269,0.0003918218717734333,0.0003267056126609082,22.262225489750612,7.374002272295002e-05
2011-11-10,1239.699951171875,4002760000,0.0085872010994823,7.374002272295002e-05,0.00033732126716919775,0.00033004398737767086,22.110249960375576,0.00037222845390189854
2011-11-11,1263.8499755859375,3370180000,0.01929322300451375,0.00037222845390189854,0.00040382941270934665,0.00034264505691846114,21.938231992643914,9.208392010890875e-05
2011-11-14,1251.780029296875,3219680000,-0.009596036687555376,9.208392010890875e-05,0.0004143685409178022,0.00034642754901996074,21.892547812992923,2.3093774802796033e-05
2011-11-15,1257.81005859375,3599300000,0.00480559827730076,2.3093774802796033e-05,0.00039176206984967605,0.0003339815571185597,22.00400521933509,0.00028075677807626407
2011-11-16,1236.9100341796875,4085010000,-0.016755798341955064,0.00028075677807626407,0.0001683805899225635,0.0003293527216268293,22.130590013480596,0.00028705413408301804
2011-11-17,1216.1300048828125,4596450000,-0.016942671987706603,0.00028705413408301804,0.0002110434121945771,0.00032382939293738134,22.24855010358464,1.558326867698081e-07
2011-11-18,1215.6500244140625,3827610000,-0.00039475649047204797,1.558326867698081e-07,0.00013662888795155134,0.0003164706450435746,22.065506424730426,0.0003543644772852664
2011-11-21,1192.97998046875,4050070000,-0.018824571104948618,0.0003543644772852664,0.00018908499938682287,0.0003316396449056474,22.12200000211302,1.7217842828029642e-05
2011-11-22,1188.0400390625,3911710000,-0.004149438857005805,1.7217842828029642e-05,0.00018790981299186962,0.0003166391617927124,22.087240455747448,0.000499208328913704
2011-11-23,1161.7900390625,3798940000,-0.022342970458596234,0.000499208328913704,0.00023160012315935757,0.0003318938705826693,22.05798791766051,7.23136261098098e-06
2011-11-25,1158.6700439453125,1664200000,-0.0026891193002507308,7.23136261098098e-06,0.00017563556886495018,0.000313586408709986,21.232610365031494,0.0008306545969498097
2011-11-28,1192.550048828125,3920750000,0.028821079038610087,0.0008306545969498097,0.00034173532171755816,0.0003463497819235901,22.08954879923386,4.889436261510481e-06
2011-11-29,1195.18994140625,3992650000,0.0022112069693971392,4.889436261510481e-06,0.00027184031351280694,0.00029489891448097254,22.107721008042734,0.0017980515827342109
2011-11-30,1246.9599609375,5801910000,0.04240343833622706,0.0017980515827342109,0.0006280070614940432,0.00037662164822031043,22.481453010805218,3.649894007900599e-06
2011-12-01,1244.5799560546875,3818680000,-0.0019104695778526803,3.649894007900599e-06,0.0005288953745128825,0.0003482678618468523,22.063170650372477,5.808841018016316e-08
2011-12-02,1244.280029296875,4144310000,-0.0002410153733274356,5.808841018016316e-08,0.0005274607196727223,0.0003117632758947924,22.145002146296793,0.00010474423902402555
2011-12-05,1257.0799560546875,4148060000,0.010234463299266139,0.00010474423902402555,0.00038227864808756555,0.000304922369285245,22.14590659225247,1.2213297924409136e-06
2011-12-06,1258.469970703125,3734230000,0.0011051379065261102,1.2213297924409136e-06,0.00038154502679375163,0.0002892395640147138,22.040807476580316,4.0655494985768185e-06
2011-12-07,1261.010009765625,4160540000,0.0020163207826575658,4.0655494985768185e-06,2.2747820146624806e-05,0.00028762037416459665,22.148910710727954,0.0004566127474158663
2011-12-08,1234.3499755859375,4298370000,-0.021368498950929293,0.0004566127474158663,0.00011334039082821793,0.00030658512272592557,22.181501718246025,0.0002803083899513339
2011-12-09,1255.18994140625,3830610000,0.016742412907085225,0.0002803083899513339,0.0001693904511364487,0.0003131388618081031,22.066289896647575,0.00022579230341211644
2011-12-12,1236.469970703125,3600570000,-0.015026386904779088,0.00022579230341211644,0.00019360006401406688,0.00025987195843084354,22.004358003486143,7.61073563004914e-05
2011-12-13,1225.72998046875,4121570000,-0.008723953020305153,7.61073563004914e-05,0.00020857726931567698,0.00025997956450255,22.139499995923682,0.0001302623097369205
2011-12-14,1211.8199462890625,4298290000,-0.0114132514971379,0.0001302623097369205,0.00023381662136334573,0.0002489811034041419,22.18148310636653,1.0483691130591802e-05
2011-12-15,1215.75,3810340000,0.003237852858082313,1.0483691130591802e-05,0.00014459081010629083,0.0002452720020869456,22.06098426121106,1.0310451012521192e-05
2011-12-16,1219.6600341796875,5345800000,0.003210989101900097,1.0310451012521192e-05,9.059122231852827e-05,0.00024469094191466046,22.399577043001866,0.00013929188845517598
2011-12-19,1205.3499755859375,3659820000,-0.011802198458557456,0.00013929188845517598,7.329113932714017e-05,0.00023826071965915644,22.020679803095664,0.0008637307153165933
2011-12-20,1241.300048828125,4055590000,0.02938929593094386,0.0008637307153165933,0.00023081581113036054,0.00026447329153340987,22.12336201355983,3.793177563805784e-06
2011-12-21,1243.719970703125,2959020000,0.0019476081648539534,3.793177563805784e-06,0.00020552198469573761,0.0002646386253914569,21.80812396971981,6.775886270287426e-05
2011-12-22,1254.0,3492250000,0.008231577169830473,6.775886270287426e-05,0.0002169770190101941,0.00025161109745589367,21.973812064858283,8.090068455765007e-05
2011-12-23,1265.3299560546875,2233830000,0.008994480783105274,8.090068455765007e-05,0.00023109506571921987,0.0002545057720799673,21.526983438458025,6.257572395219252e-09
2011-12-27,1265.4300537109375,2130590000,7.910481903916633e-05,6.257572395219252e-09,0.00020323793954266377,0.00023181476883718055,21.479664774086146,0.00015766584936958666
2011-12-28,1249.6400146484375,2349980000,-0.012556506256502509,0.00015766584936958666,6.202496635326239e-05,0.00023865270005348085,21.5776726548535,0.0001134261734976297
2011-12-29,1263.02001953125,2278130000,0.010650172463281038,0.0001134261734976297,8.395156554002717e-05,0.00020605140807838172,21.546620768385225,1.8494908690300945e-05
2011-12-30,1257.5999755859375,2271850000,-0.004300570740064735,1.8494908690300945e-05,7.409877473751249e-05,0.00020666983864332672,21.543860314939234,0.0002357908787450802
2012-01-03,1277.06005859375,3943710000,0.01535548367017725,0.0002357908787450802,0.00010507681357499852,0.00013565798846200262,22.095387741825185,3.530879427975782e-08
2012-01-04,1277.300048828125,3592580000,0.00018790634443721643,3.530879427975782e-08,0.00010508262381937541,0.00013549368913411076,22.002136444563035,8.64002926547931e-06
2012-01-05,1281.06005859375,4315950000,0.0029393926694947226,8.64002926547931e-06,7.527745979855397e-05,0.0001358837773548062,22.185583299706153,6.452539847125455e-06
2012-01-06,1277.81005859375,3656830000,-0.0025401850025392747,6.452539847125455e-06,5.388273306845312e-05,0.00013141597284676526,22.019862489115734,5.1032814322321805e-06
2012-01-09,1280.699951171875,3371600000,0.0022590443626082646,5.1032814322321805e-06,5.1204407616839357e-05,0.00013159242519402851,21.938653246384195,7.826098003643872e-05
2012-01-10,1292.0799560546875,4221960000,0.008846523613060597,7.826098003643872e-05,1.9698427875111064e-05,0.00013496494476393132,22.163565312381664,9.582079676245036e-08
2012-01-11,1292.47998046875,3968120000,0.0003095493446325648,9.582079676245036e-08,1.97105302756076e-05,0.00011421417537215388,22.10155826809925,5.4470086373884895e-06
2012-01-12,1295.5,4019890000,0.0023338827385686045,5.4470086373884895e-06,1.9071926149989437e-05,0.00010172047622151998,22.114520376267645,2.460362816465874e-05
2012-01-13,1289.0899658203125,3692370000,-0.004960204447868932,2.460362816465874e-05,2.2702143813496096e-05,9.257553643754464e-05,22.02953436552121,1.2578781324550395e-05
2012-01-17,1293.6700439453125,4010490000,0.0035466577681741995,1.2578781324550395e-05,2.4197243791959736e-05,8.968787393863822e-05,22.11217926556281,0.00012202934073975749
2012-01-18,1308.0400390625,4096160000,0.011046689130221665,0.00012202934073975749,3.295091593262349e-05,8.931364807513082e-05,22.13331578666483,2.4270419170016422e-05
2012-01-19,1314.5,4465890000,0.004926501717244847,2.4270419170016422e-05,3.7785835607274284e-05,8.99403175314683e-05,22.21973435974309,4.478765470145985e-07
2012-01-20,1315.3800048828125,3912620000,0.0006692357932855941,4.478765470145985e-07,3.678600918919951e-05,8.94920186921271e-05,22.087473063524442,2.2205952435026044e-07
2012-01-23,1316.0,3770910000,0.00047123192204079345,2.2205952435026044e-07,3.1909695461137805e-05,8.317066283163503e-05,22.050582188854566,1.0533816475750608e-06
2012-01-24,1314.6500244140625,3693560000,-0.0010263438252238188,1.0533816475750608e-06,2.9604615525742748e-05,4.395805675577055e-05,22.02985659982616,7.467888758520754e-05
2012-01-25,1326.06005859375,4410910000,0.00864169471719567,7.467888758520754e-05,2.0134524894832755e-05,4.718013448401609e-05,22.207346854551158,3.329876590174559e-05
2012-01-26,1318.4300537109375,4522070000,-0.0057705082879886405,3.329876590174559e-05,2.1940194241178585e-05,4.5613766447601145e-05,22.232235690779675,2.541306396155807e-06
2012-01-27,1316.3299560546875,4007380000,-0.0015941475452905252,2.541306396155807e-06,2.235888021100683e-05,4.2051976531169595e-05,22.111403498393923,6.3771859815781106e-06
2012-01-30,1313.010009765625,3659010000,-0.0025253090863452954,6.3771859815781106e-06,2.35899055024524e-05,4.234156418613245e-05,22.0204584562402,2.0889573367791112e-07
2012-01-31,1312.4100341796875,4235550000,-0.0004570511280785894,2.0889573367791112e-07,2.342100831967297e-05,3.518442992995478e-05,22.166779026984,7.85038081003936e-05
2012-02-01,1324.0899658203125,4504360000,0.008860237474266341,7.85038081003936e-05,2.418599242271018e-05,3.359704968462586e-05,22.2283116537637,1.19803495361828e-06
2012-02-02,1325.5400390625,4120920000,0.001094547830667203,1.19803495361828e-06,1.7765846233084718e-05,3.281082815114029e-05,22.139342276593432,0.0002102420525702268
2012-02-03,1344.9000244140625,4608550000,0.014499725948107667,0.0002102420525702268,5.930599546789891e-05,3.1649517870465134e-05,22.251179111073323,1.797454847699331e-07
2012-02-06,1344.3299560546875,3379700000,-0.0004239640135317302,1.797454847699331e-07,5.8066507368537276e-05,3.1656083174578325e-05,21.941052785401602,4.085805391876152e-06
2012-02-07,1347.050048828125,3742460000,0.0020213375254707344,4.085805391876152e-06,5.884188930017693e-05,3.144907299850545e-05,22.04300898642539,4.65645012240722e-06
2012-02-08,1349.9599609375,4096730000,0.0021578809333249183,4.65645012240722e-06,4.407241770457965e-05,3.136743255647281e-05,22.133454931704193,2.1698030214681994e-06
2012-02-09,1351.949951171875,4209890000,0.0014730251258781024,2.1698030214681994e-06,4.4266771318149636e-05,3.1234092628710806e-05,22.160702356270853,4.774979494981014e-05
2012-02-10,1342.6400146484375,3877580000,-0.006910122643615679,4.774979494981014e-05,1.1768319794066307e-05,2.9847220579318602e-05,22.078477084910446,4.592804516788131e-05
2012-02-13,1351.77001953125,3618040000,0.006777023326496767,4.592804516788131e-05,2.0917979730688582e-05,3.193050350527855e-05,22.009198279966743,8.835342086045865e-07
2012-02-14,1350.5,3889520000,-0.0009399650039254581,8.835342086045865e-07,2.027752549403427e-05,3.1723072849424736e-05,22.08155159390409,2.9135678464729756e-05
2012-02-15,1343.22998046875,4080340000,-0.005397747536216357,2.9135678464729756e-05,2.5173371162498774e-05,3.1929075135791596e-05,22.129446155468862,0.00012023924785758172
2012-02-16,1358.0400390625,4108880000,0.01096536583327623,0.00012023924785758172,4.878726012972148e-05,3.682273270547484e-05,22.136416322478674,5.5045412736911345e-06
2012-02-17,1361.22998046875,3717640000,0.0023461758829403934,5.5045412736911345e-06,4.033820939449768e-05,3.1526150911562736e-05,22.036354895576014,5.179159241412048e-07
2012-02-21,1362.2099609375,3795200000,0.0007196637576960541,5.179159241412048e-07,3.125618354574966e-05,3.0446491673113857e-05,22.057002947591116,1.1193691173635748e-05
2012-02-22,1357.6600341796875,3633710000,-0.0033456974121452987,1.1193691173635748e-05,3.331821493875589e-05,3.093493779250573e-05,22.013520002140037,1.8172343527217562e-05
2012-02-23,1363.4599609375,3786450000,0.004262903180605626,1.8172343527217562e-05,3.1125547951253454e-05,3.175085979263606e-05,22.054694741888518,2.7917102337750996e-06
2012-02-24,1365.739990234375,3505360000,0.0016708411755086416,2.7917102337750996e-06,7.636040426492128e-06,3.182987472837243e-05,21.977559062857583,1.8323481582580253e-06
2012-02-27,1367.5899658203125,3648890000,0.0013536425518791972,1.8323481582580253e-06,6.901601803405506e-06,2.851866839078381e-05,22.017688848975126,1.1227280907583083e-05
2012-02-28,1372.1800537109375,3579120000,0.0033507134923151938,1.1227280907583083e-05,9.043474800093883e-06,2.7515419072867334e-05,21.998382797366308,2.254580927896045e-05
2012-02-29,1365.6800537109375,4482370000,-0.0047482427569534025,2.254580927896045e-05,1.1313898421158823e-05,2.842471465844937e-05,22.22341776157293,3.768924307828247e-05
2012-03-01,1374.0899658203125,3919240000,0.006139156544533009,3.768924307828247e-05,1.5217278331371804e-05,2.984798998102684e-05,22.08916359465623,1.056922875236296e-05
2012-03-02,1369.6300048828125,3283490000,-0.0032510350278585065,1.056922875236296e-05,1.6772782035089377e-05,3.0318914209148888e-05,21.912172718364534,1.503268373907997e-05
2012-03-05,1364.3299560546875,3429480000,-0.0038772005028215872,1.503268373907997e-05,1.9412849151253764e-05,2.7433863101816444e-05,21.955674483424335,0.00023992480007522192
2012-03-06,1343.3599853515625,4191060000,-0.015489506127543962,0.00023992480007522192,6.515235298478153e-05,3.828507969825298e-05,22.15621952241774,4.729205238418723e-05
2012-03-07,1352.6300048828125,3580380000,0.006876921722994034,4.729205238418723e-05,7.01016016058269e-05,3.087826150797845e-05,21.998734777256708,9.545386087649723e-05
2012-03-08,1365.9100341796875,3543060000,0.009770049174722573,9.545386087649723e-05,8.165452516546984e-05,3.5208903116693326e-05,21.988256597769613,1.3138254507221596e-05
2012-03-09,1370.8699951171875,3639470000,0.0036246730207318834,1.3138254507221596e-05,8.216833031644157e-05,3.562037807648176e-05,22.015103903872873,2.5743492284963895e-08
2012-03-12,1371.0899658203125,3081870000,0.0001604477867873655,2.5743492284963895e-08,7.916694226708256e-05,3.5409891411476195e-05,21.84880239287686,0.0003228897440217508
2012-03-13,1395.949951171875,4386470000,0.017969133090434575,0.0003228897440217508,9.575993105638835e-05,4.998807054785268e-05,22.201790640571677,1.4327565445791494e-06
2012-03-14,1394.280029296875,4502280000,-0.0011969780885960901,1.4327565445791494e-06,8.658807188846674e-05,4.788275062034218e-05,22.227849772299244,3.539614213404103e-05
2012-03-15,1402.5999755859375,4271650000,0.005949465701560186,3.539614213404103e-05,7.457652813997549e-05,4.7404027755167626e-05,22.175266006643106,1.2516518546222038e-06
2012-03-16,1404.1700439453125,5163950000,0.001118772476700336,1.2516518546222038e-06,7.21992076094556e-05,4.7420760375441156e-05,22.36496762766085,1.5728930050422343e-05
2012-03-19,1409.75,3932570000,0.003965971514070965,1.5728930050422343e-05,7.533984492108308e-05,4.681136272024536e-05,22.092558993374006,9.030197694508982e-06
2012-03-20,1405.52001953125,3695280000,-0.003005028734389903,9.030197694508982e-06,1.256793565563472e-05,4.1756405894651147e-05,22.030322166824664,3.5079413420502025e-06
2012-03-21,1402.8900146484375,3573590000,-0.0018729499037748454,3.5079413420502025e-06,1.298297261512893e-05,4.1665651352303835e-05,21.996836529979465,5.231099786009345e-05
2012-03-22,1392.780029296875,3740590000,-0.007232634226897794,5.231099786009345e-05,1.6365943760339413e-05,4.4019882349392565e-05,22.042509190209028,9.63503953620722e-06
2012-03-23,1397.1099853515625,3472950000,0.0031040360075564877,9.63503953620722e-06,1.8042621296656417e-05,4.394903454769127e-05,21.96827021411753,0.00019017237309953725
2012-03-26,1416.510009765625,3576950000,0.013790299964088426,0.00019017237309953725,5.293130990647939e-05,5.176721771006944e-05,21.997776319211148,7.956629176079241e-06
2012-03-27,1412.52001953125,3513640000,-0.0028207497542460658,7.956629176079241e-06,5.2716596202793455e-05,5.200198675290144e-05,21.97991837439439,2.4539725092261827e-05
2012-03-28,1405.5400390625,3892800000,-0.004953758683289067,2.4539725092261827e-05,5.692295295283578e-05,5.303414024990162e-05,22.08239453025042,2.5896016999718836e-06
2012-03-29,1403.280029296875,3832000000,-0.0016092239433875832,2.5896016999718836e-06,4.697867372081146e-05,5.264151846773747e-05,22.066652697315984,1.3628011131337416e-05
2012-03-30,1408.469970703125,3676890000,0.0036916136216209594,1.3628011131337416e-05,4.7777268039837504e-05,5.2236164006481884e-05,22.025333123397893,5.589993815296678e-05
2012-04-02,1419.0400390625,3572010000,0.007476626120983099,5.589993815296678e-05,2.0922781050523408e-05,5.3063922873512985e-05,21.996394299788772,1.5972906040898695e-05
2012-04-03,1413.3800048828125,3822090000,-0.003996611820141993,1.5972906040898695e-05,2.2526036423487298e-05,5.330954456844643e-05,22.06406323062957,0.0001051635247508966
2012-04-04,1398.9599609375,3938290000,-0.010254926852537594,0.0001051635247508966,3.865079635521425e-05,5.740640097807445e-05,22.09401245614822,3.9594316941942657e-07
2012-04-05,1398.0799560546875,3303740000,-0.0006292401524214952,3.9594316941942657e-07,3.821206464910376e-05,4.651872566417434e-05,21.918320997317466,0.00013049493572938361
2012-04-09,1382.199951171875,3468980000,-0.011423437999542152,0.00013049493572938361,6.1585449568713e-05,5.030067490713781e-05,21.967126439855427,0.00029683931200191624
2012-04-10,1358.5899658203125,4631730000,-0.01722902527718606,0.00029683931200191624,0.00010977332433850288,5.945455904920231e-05,22.25619628557863,5.507554229741493e-05
2012-04-11,1368.7099609375,3743040000,0.007421289800123354,5.507554229741493e-05,0.00011759385158980613,6.1360799403302e-05,22.043163952693778,0.00018728785310805334
2012-04-12,1387.5699462890625,3618280000,0.013685315235976603,0.00018728785310805334,0.0001340187172612375,6.987271347674602e-05,22.00926461202503,0.00015758953685987304
2012-04-13,1370.260009765625,3631160000,-0.01255346712505645,0.00015758953685987304,0.0001654574359993282,6.235906769666067e-05,22.01281799367904,2.5374113249242104e-07
2012-04-16,1369.5699462890625,3574780000,-0.000503727240173113,2.5374113249242104e-07,0.00013940919707994997,6.230547608702036e-05,21.997169473017014,0.0002361747833993141
2012-04-17,1390.780029296875,3456200000,0.015367979157954181,0.0002361747833993141,0.00012727629135942954,7.14317779627146e-05,21.9634355568735,1.6512306632851916e-05
2012-04-18,1385.1400146484375,3463140000,-0.004063533761746285,1.6512306632851916e-05,0.00011956364422651695,7.212544408899776e-05,21.965441529213397,3.542720248630943e-05
2012-04-19,1376.9200439453125,4180020000,-0.005952075477202001,3.542720248630943e-05,8.919151410216817e-05,7.30208201088108e-05,22.153581868399858,1.3655853428924368e-06
2012-04-20,1378.530029296875,3833320000,0.001168582621337677,1.3655853428924368e-06,5.7946723798772034e-05,7.26724286382828e-05,22.06699710564146,7.128615886815398e-05
2012-04-23,1366.93994140625,3654860000,-0.0084431131028877,7.128615886815398e-05,7.215320734590435e-05,7.575325670765115e-05,22.019323625994584,1.3491073287790997e-05
2012-04-24,1371.969970703125,3617100000,0.0036730196416288052,1.3491073287790997e-05,2.7616465323599732e-05,7.398871468163741e-05,22.008938437032114,0.0001836659980450607
2012-04-25,1390.68994140625,3998430000,0.013552342898741188,0.0001836659980450607,6.104720360604149e-05,8.189921279567619e-05,22.109167621268114,4.43283266120801e-05
2012-04-26,1399.97998046875,4034700000,0.006657952133507727,4.43283266120801e-05,6.282742843119562e-05,7.526993795533723e-05,22.118197786709736,5.814917137090419e-06
2012-04-27,1403.3599853515625,3645830000,0.0024114139290238867,5.814917137090419e-06,6.371729479003522e-05,7.517258740811047e-05,22.016849885950187,1.5140365630808034e-05
2012-04-30,1397.9100341796875,3574010000,-0.0038910622753700608,1.5140365630808034e-05,5.248813614256603e-05,7.47453437962262e-05,21.996954051944982,3.183708085076881e-05
2012-05-01,1405.8199462890625,3807950000,0.005642435719684258,3.183708085076881e-05,5.6157337655161594e-05,7.607477466671697e-05,22.060356823799836,6.249027921095258e-06
2012-05-02,1402.31005859375,3803860000,-0.0024998055766589644,6.249027921095258e-06,2.0673943630368502e-05,7.57393663389787e-05,22.059282177850307,5.911074269079844e-05
2012-05-03,1391.5699462890625,4004910000,-0.007688351103507074,5.911074269079844e-05,2.3630426846112173e-05,7.588531199978923e-05,22.11078694555382,0.00026500570170352657
2012-05-04,1369.0999755859375,3975140000,-0.016278995721589418,0.00026500570170352657,7.54685837593994e-05,8.720498452990866e-05,22.10332580480984,1.228639779941326e-07
2012-05-07,1369.5799560546875,3559390000,0.00035051958289678,1.228639779941326e-07,7.246508342883663e-05,8.243040904023129e-05,21.99285501909489,1.838568450706005e-05
2012-05-08,1363.719970703125,4261670000,-0.0042878531349686,1.838568450706005e-05,6.977480416009486e-05,8.324812455557859e-05,22.172926939422396,4.5223305332212385e-05
2012-05-09,1354.5799560546875,4288540000,-0.006724827531781941,4.5223305332212385e-05,7.75696596423183e-05,7.937214135570718e-05,22.17921218585504,6.321440020512893e-06
2012-05-10,1357.989990234375,3727990000,0.0025142474063848397,6.321440020512893e-06,6.701179910826118e-05,6.616678353837065e-05,22.039135051630964,1.1513068802775875e-05
2012-05-11,1353.3900146484375,3869070000,-0.0033930913342814506,1.1513068802775875e-05,1.6313272528111045e-05,6.418667110679615e-05,22.07628000528995,0.00012488225884262075
2012-05-14,1338.3499755859375,3688120000,-0.011175073102339006,0.00012488225884262075,4.1265151501036365e-05,6.135005318564012e-05,22.028382680343505,3.3205349145101134e-05
2012-05-15,1330.6600341796875,4114040000,-0.005762408276502207,3.3205349145101134e-05,4.422908442864458e-05,5.569622647133231e-05,22.137671351270402,1.9479370012750753e-05
2012-05-16,1324.800048828125,4280420000,-0.004413543928947661,1.9479370012750753e-05,3.908029736475226e-05,5.657011869316224e-05,22.177316972800345,0.00023000141094783438
2012-05-17,1304.8599853515625,4664280000,-0.015165797405604309,0.00023000141094783438,8.381629155021656e-05,5.628951085445861e-05,22.263199318712328,5.498521813151451e-05
2012-05-18,1295.219970703125,4512470000,-0.007415201826755258,5.498521813151451e-05,9.251072141596429e-05,5.803827955894328e-05,22.230110512605474,0.00025308623920641593
2012-05-21,1315.989990234375,3786750000,0.015908684395839146,0.00025308623920641593,0.00011815151748872333,6.793187213712994e-05,22.054773968635487,2.3640871674976078e-07
2012-05-22,1316.6300048828125,4123680000,0.0004862187951424346,2.3640871674976078e-07,0.00011155772940305304,6.788054592685072e-05,22.140011805764633,2.8637794944112205e-06
2012-05-23,1318.8599853515625,4108330000,0.0016922705145487882,2.8637794944112205e-06,0.00010823461129938516,6.477043777349877e-05,22.13628245709111,1.9018620838092895e-06
2012-05-24,1320.6800537109375,3937670000,0.0013790801585873425,1.9018620838092895e-06,6.261470152658012e-05,6.424365544604507e-05,22.093855015023298,4.700140327539395e-06
2012-05-25,1317.8199462890625,2872660000,-0.0021679807027599196,4.700140327539395e-06,5.25576859657851e-05,5.610884373161228e-05,21.778504267093297,0.00012139754212730316
2012-05-29,1332.4200439453125,3441640000,0.01101805527882771,0.00012139754212730316,2.6219946549962547e-05,5.961198989139515e-05,21.95921393920192,0.00020847401620133953
2012-05-30,1313.3199462890625,3534290000,-0.01443862930479689,0.00020847401620133953,6.78674680468805e-05,6.882376712158829e-05,21.985778267748803,5.195030979830631e-06
2012-05-31,1310.3299560546875,4557620000,-0.0022792610600435026,5.195030979830631e-06,6.833371834396437e-05,6.837170645563477e-05,22.240066394614775,0.0006225671428547194
2012-06-01,1278.0400390625,4669350000,-0.02495129541436114,0.0006225671428547194,0.00019246677449814639,9.522307291035979e-05,22.264285712858566,1.200080702497965e-08
2012-06-04,1278.1800537109375,4011960000,0.00010954819498731894,1.200080702497965e-08,0.00019152914659404353,9.493957167790206e-05,22.112545737155923,3.2609976932394816e-05
2012-06-05,1285.5,3403230000,0.0057105145943596725,3.2609976932394816e-05,0.00017377163355506185,9.373499141615643e-05,21.947990817897953,0.0005192827372159974
2012-06-06,1315.1300048828125,4268360000,0.02278777604804816,0.0005192827372159974,0.00023593337775799344,0.00010529303848490512,22.174495515704102,1.133589500607277e-08
2012-06-07,1314.989990234375,4258140000,-0.00010647016016740452,1.133589500607277e-08,0.00023489663874102853,0.00010528796902658746,22.172098282398082,6.530936214649974e-05
2012-06-08,1325.6600341796875,3497190000,0.008081420799989303,6.530936214649974e-05,0.00012344508259938457,0.00010742086346474381,21.975225626122466,0.00016130076509080876
2012-06-11,1308.9300537109375,3537530000,-0.012700423815401152,0.00016130076509080876,0.00015570283545614136,0.00011269711163558911,21.98669458072786,0.00013417492160415072
2012-06-12,1324.1800537109375,3442920000,0.011583389901240082,0.00013417492160415072,0.00017601582439049252,0.00011850863352575445,21.95958578577291,4.967472788318618e-05
2012-06-13,1314.8800048828125,3506510000,-0.0070480300711039945,4.967472788318618e-05,8.20942225239303e-05,0.00012024325439304583,21.977887078068928,0.00011570428543522418
2012-06-14,1329.0999755859375,3687720000,0.01075659264986939,0.00011570428543522418,0.00010523281243197391,0.00011982607378361872,22.02827421812082,0.0001057759931293495
2012-06-15,1342.8399658203125,4401570000,0.010284745652146654,0.0001057759931293495,0.00011332613862854386,0.00012312473941926636,22.20522713263517,2.084281121046531e-06
2012-06-18,1344.780029296875,3259430000,0.0014437039589356715,2.084281121046531e-06,8.148284183459143e-05,0.00012233405356055257,21.90481817071861,9.541058920989376e-05
2012-06-19,1357.97998046875,3815350000,0.00976783441761242,9.541058920989376e-05,7.372997535574003e-05,0.00011621628893610071,22.062298240856055,2.848603059290544e-06
2012-06-20,1355.68994140625,3695700000,-0.0016877805127712975,2.848603059290544e-06,6.43647503909609e-05,0.00011384644279645416,22.030435818870895,0.0005068445427080426
2012-06-21,1325.510009765625,4094470000,-0.02251320818337632,0.0005068445427080426,0.00014259280184552458,0.0001253809111374372,22.132903119989965,5.11080470750544e-05
2012-06-22,1335.02001953125,5271490000,0.007148989234504022,5.11080470750544e-05,0.00013165921263466558,0.00012769325833554196,22.385578892175914,0.0002586790491485313
2012-06-25,1313.719970703125,3501820000,-0.016083502390602966,0.0002586790491485313,0.00018297816624016251,0.00013932122513800194,21.976548670574196,2.267062676478467e-05
2012-06-26,1319.989990234375,3412940000,0.004761368161021018,2.267062676478467e-05,0.0001684301737511407,0.00014026525989622811,21.950839927167674,8.000911464473481e-05
2012-06-27,1331.8499755859375,3286910000,0.00894478141961752,8.000911464473481e-05,0.00018386227606822955,0.00014368839509246425,21.91321375096767,4.460663733323116e-06
2012-06-28,1329.0400390625,3969370000,-0.0021120283457669586,4.460663733323116e-06,8.338550027328568e-05,0.00013837308243819246,22.101873229128497,0.0006058880706126642
2012-06-29,1362.1600341796875,4590480000,0.02461479373492015,0.0006058880706126642,0.00019434150498080766,0.0001564373576387072,22.247250430932503,6.033371168923403e-06
2012-07-02,1365.510009765625,3301650000,0.0024562921587065745,6.033371168923403e-06,0.00014381236938488607,0.0001564754640109387,21.917688180763374,3.859853056142771e-05
2012-07-03,1374.02001953125,2116390000,0.006212771568424813,3.859853056142771e-05,0.0001469979501442147,0.00012993143617942544,21.472977644450864,2.2071594558883303e-05
2012-07-05,1367.5799560546875,3041520000,-0.004698041566321365,2.2071594558883303e-05,0.00013541044612704438,0.00013093414498632807,21.835623227734974,8.982146437316833e-05
2012-07-06,1354.6800537109375,2745140000,-0.009477418655581715,8.982146437316833e-05,0.0001524826062550134,0.00013353466714272687,21.73309791279313,2.6901778703359422e-06
2012-07-09,1352.4599609375,2904860000,-0.0016401761705182594,2.6901778703359422e-06,3.1843027706547756e-05,0.00011005318717246955,21.789651033662143,6.657126837737676e-05
2012-07-10,1341.469970703125,3470600000,-0.008159121789590884,6.657126837737676e-05,4.395060714823843e-05,0.00011307863864894093,21.967593326908812,2.2271649308113496e-10
2012-07-11,1341.449951171875,3426290000,-1.492368899036478e-05,2.2271649308113496e-10,3.6230945579251506e-05,0.00011011004140212245,21.95474388037631,2.499574370577151e-05
2012-07-12,1334.760009765625,3654440000,-0.004999574352459568,2.499574370577151e-05,3.681577540862915e-05,0.00010391435861189347,22.019208703908927,0.0002677398901940437
2012-07-13,1356.780029296875,3212930000,0.016362759247573244,0.0002677398901940437,7.239946057280423e-05,0.00010998549354779771,21.890449130661672,5.368469961785191e-06
2012-07-16,1353.6400146484375,2862720000,-0.002316995891620266,5.368469961785191e-06,7.293511899109408e-05,0.00010797157273318855,21.77503805911802,5.449917730414114e-05
2012-07-17,1363.6700439453125,3566680000,0.007382355809911978,5.449917730414114e-05,7.052070077644696e-05,0.0001051895223635939,21.994901028337303,4.4332630371215643e-05
2012-07-18,1372.780029296875,3642630000,0.006658275330084784,4.4332630371215643e-05,7.938718230739148e-05,0.00010239664223822415,22.015971785444805,7.362622310852541e-06
2012-07-19,1376.510009765625,4043360000,0.0027134152485110974,7.362622310852541e-06,7.586055802840767e-05,0.0001026365668377608,22.1203418666783,0.00010226509406808423
2012-07-20,1362.6600341796875,3925020000,-0.010112620534168393,0.00010226509406808423,4.276559880321578e-05,0.00010294813524040582,22.09063728396398,8.00842252087997e-05
2012-07-23,1350.52001953125,3717180000,-0.008948979003707613,8.00842252087997e-05,5.770874985261869e-05,0.00010645884533811078,22.03623115350816,8.248363569770532e-05
2012-07-24,1338.31005859375,3891290000,-0.009082050192423807,8.248363569770532e-05,6.330564153133152e-05,8.716971320127728e-05,22.08200655939742,9.853994146089123e-08
2012-07-25,1337.8900146484375,3719170000,-0.00031391072211839344,9.853994146089123e-08,5.4458823445380566e-05,8.485109924065938e-05,22.036766362326187,0.0002691457740384373
2012-07-26,1360.02001953125,4429300000,0.016405662864951154,0.0002691457740384373,0.00010681545379089752,8.532685946292785e-05,22.211507395199753,0.00035724078840242574
2012-07-27,1385.969970703125,4399010000,0.018900814490450557,0.00035724078840242574,0.0001578105926577658,0.00010053459408282061,22.204645352781654,2.3374947249358346e-07
2012-07-30,1385.300048828125,3212060000,-0.00048347644461088635,2.3374947249358346e-07,0.0001418404975105046,9.690844112044601e-05,21.89017831311797,1.871577080318211e-05
2012-07-31,1379.3199462890625,3821570000,-0.004326172766219827,1.871577080318211e-05,0.00012908692453159995,9.755640053271233e-05,22.06392717015575,8.434336410547562e-06
2012-08-01,1375.3199462890625,4440920000,-0.0029041929017452617,8.434336410547562e-06,0.0001307540838254173,7.039941261443431e-05,22.214127399358482,5.673047603531119e-05
2012-08-02,1365.0,4193740000,-0.0075319636241362176,5.673047603531119e-05,8.827102422479208e-05,7.270382647199739e-05,22.156858774419128,0.0003557481920090327
2012-08-03,1390.989990234375,3751170000,0.018861288185302527,0.0003557481920090327,8.797250494611346e-05,8.711972017416125e-05,22.045333628533434,5.4128848027267644e-06
2012-08-06,1394.22998046875,3122050000,0.002326560724057458,5.4128848027267644e-06,8.90083320121601e-05,8.636250609433595e-05,21.861755674606467,2.5946418877829577e-05
2012-08-07,1401.3499755859375,3682490000,0.0050937627425931,2.5946418877829577e-05,9.04544616270896e-05,8.345909493545692e-05,22.026854991022425,3.8518632295392085e-07
2012-08-08,1402.219970703125,3221790000,0.0006206338074532525,3.8518632295392085e-07,8.884463160957086e-05,8.335432259239411e-05,21.89320294297872,1.7106495600681878e-07
2012-08-09,1402.800048828125,3119610000,0.0004135999951726532,1.7106495600681878e-07,7.753274939370999e-05,8.033613152778637e-05,21.860973831275203,4.778817519151087e-06
2012-08-10,1405.8699951171875,2767980000,0.0021860506671051994,4.778817519151087e-06,7.338874495733666e-06,8.055334038245265e-05,21.741383649603478,1.5692199051304202e-06
2012-08-13,1404.1099853515625,2499990000,-0.0012526850781942045,1.5692199051304202e-06,6.570141516214398e-06,7.948849839151441e-05,21.63955256921257,1.6423604582048945e-08
2012-08-14,1403.9300537109375,2930900000,-0.00012815461202020373,1.6423604582048945e-08,1.3841424615648916e-06,6.731924991017526e-05,21.798575380385877,1.2973019319545693e-06
2012-08-15,1405.530029296875,2655750000,0.00113899162944886,1.2973019319545693e-06,1.5665655833650212e-06,6.713419681791022e-05,21.69999293800094,5.0061573659930425e-05
2012-08-16,1415.510009765625,3114100000,0.007075420387505638,5.0061573659930425e-05,1.1544667324149742e-05,6.693248756135518e-05,21.85920602320162,3.498335332899591e-06
2012-08-17,1418.1600341796875,2922990000,0.0018703837394768996,3.498335332899591e-06,1.1288570886899443e-05,6.507638324143172e-05,21.79587290226912,4.483828972337488e-10
2012-08-20,1418.1300048828125,2766320000,-2.117505365362149e-05,4.483828972337488e-10,1.0974816582452805e-05,6.474173897197921e-05,21.740783754386673,1.2275681146635589e-05
2012-08-21,1413.1700439453125,3282950000,-0.0035036668144439176,1.2275681146635589e-05,1.3426668090863513e-05,6.0651311111913364e-05,21.912008245681907,5.124682840184187e-08
2012-08-22,1413.489990234375,3062690000,0.00022637762345656398,5.124682840184187e-08,1.317745707015297e-05,5.701344845825892e-05,21.84255945203564,6.569101847907803e-05
2012-08-23,1402.0799560546875,3008240000,-0.008104999597722262,6.569101847907803e-05,1.630334603398249e-05,5.625014767559404e-05,21.824621027417635,4.1396206001228847e-05
2012-08-24,1411.1300048828125,2598790000,0.0064339883432618095,4.1396206001228847e-05,2.388292016764834e-05,5.812731431467441e-05,21.678311789418228,2.392524813400525e-07
2012-08-27,1410.43994140625,2472500000,-0.0004891344205226744,2.392524813400525e-07,2.3930680987336907e-05,4.590429060753362e-05,21.62849562186559,6.536868722822787e-07
2012-08-28,1409.300048828125,2629090000,-0.0008085090427956132,6.536868722822787e-07,2.1606282132466243e-05,2.9695785992527102e-05,21.689903616037437,7.123241237861018e-07
2012-08-29,1410.489990234375,2571220000,0.0008439929642989341,7.123241237861018e-07,2.1738497591543098e-05,2.9717539385767672e-05,21.667646331775387,6.140963090810841e-05
2012-08-30,1399.47998046875,2530280000,-0.007836429729673355,6.140963090810841e-05,2.0882220077349175e-05,3.165816939053705e-05,21.651595805894125,2.5608354269254248e-05
2012-08-31,1406.5799560546875,2938250000,0.005060469767645515,2.5608354269254248e-05,1.7724649730954255e-05,3.243880656593281e-05,21.801080003317576,1.3610473092432392e-06
2012-09-04,1404.93994140625,3200310000,-0.0011666393226885674,1.3610473092432392e-06,1.794900869653489e-05,2.992201435111154e-05,21.88651351737248,1.1411188650877394e-06
2012-09-05,1403.43994140625,3389110000,-0.0010682316532886205,1.1411188650877394e-06,1.8046495095095986e-05,1.3803511026386765e-05,21.943833187291837,0.0004092341515365269
2012-09-06,1432.1199951171875,3952870000,0.020229536612006882,0.0004092341515365269,9.975086057764414e-05,3.215902315065041e-05,22.09770773455779,1.6336106732645404e-05
2012-09-07,1437.9200439453125,3717620000,0.0040417949889430815,1.6336106732645404e-05,9.073615574255154e-05,3.172219078041477e-05,22.036349515804496,3.802949198225606e-05
2012-09-10,1429.0799560546875,3223670000,-0.006166805654652663,3.802949198225606e-05,9.32203832851519e-05,3.343329558311031e-05,21.893786299342032,9.797226157807604e-06
2012-09-11,1433.56005859375,3509630000,0.003130052101452563,9.797226157807604e-06,9.490761905486477e-05,3.387084836501035e-05,21.978776456047353,4.370213674489647e-06
2012-09-12,1436.56005859375,3641200000,0.002090505602597048,4.370213674489647e-06,9.555343801674515e-05,3.385227546298029e-05,22.01557913487004,0.00026173325423941646
2012-09-13,1459.989990234375,4606550000,0.016178172153844095,0.00026173325423941646,6.605325855732307e-05,4.567791338726602e-05,22.250745040899158,1.561147010207906e-05
2012-09-14,1465.77001953125,5041990000,0.003951135292808772,1.561147010207906e-05,6.59083312312098e-05,4.638677913715225e-05,22.341066682568563,9.79428887927204e-06
2012-09-17,1461.18994140625,3482430000,-0.0031295828602662112,9.79428887927204e-06,6.0261290610613e-05,4.677300581657576e-05,21.97099616320086,1.6399238924025573e-06
2012-09-18,1459.3199462890625,3377390000,-0.0012805951321173126,1.6399238924025573e-06,5.862983015753198e-05,4.457202173623358e-05,21.94036905909655,1.4038736561482002e-06
2012-09-19,1461.050048828125,3451360000,0.0011848517443748818,1.4038736561482002e-06,5.80365621538637e-05,4.447681893274488e-05,21.962034193500422,2.9255116663481075e-07
2012-09-20,1460.260009765625,3382520000,-0.0005408799928217078,2.9255116663481075e-07,5.7484215393073664e-06,4.449009633200568e-05,21.941886831073774,5.673381948654725e-09
2012-09-21,1460.1500244140625,4833870000,-7.532185571701433e-05,5.673381948654725e-09,2.6272621952812852e-06,4.39323687063381e-05,22.298913226230592,4.995895832648519e-06
2012-09-24,1456.8900146484375,3008920000,-0.0022351500693797988,4.995895832648519e-06,1.667583585956581e-06,4.4157125479258404e-05,21.824847047667276,0.00011145847133529129
2012-09-25,1441.5899658203125,3739900000,-0.010557389418567986,0.00011145847133529129,2.3631293074534325e-05,4.6237464245449915e-05,22.04232471031486,3.309992251840589e-05
2012-09-26,1433.3199462890625,3565380000,-0.005753253211740805,3.309992251840589e-05,2.997050284698587e-05,4.5860360450776145e-05,21.994536477277993,9.221237943848937e-05
2012-09-27,1447.1500244140625,3150330000,0.009602727708234227,9.221237943848937e-05,4.8354468501356774e-05,5.004095713064657e-05,21.870773046519,2.0140422769989535e-05
2012-09-28,1440.6700439453125,3509230000,-0.004487808236766533,2.0140422769989535e-05,5.238141837896495e-05,5.0926717853269625e-05,21.97866247742395,7.011891649706694e-06
2012-10-01,1444.489990234375,3505080000,0.00264799766799495,7.011891649706694e-06,5.278461754237659e-05,5.1213061831720556e-05,21.977479181994166,7.60221341051325e-07
2012-10-02,1445.75,3321790000,0.000871906727265781,7.60221341051325e-07,3.06449675435286e-05,4.845627048776341e-05,21.923769631509643,1.3088891392753592e-05
2012-10-03,1450.989990234375,3531640000,0.003617857293033211,1.3088891392753592e-05,2.6642761318398135e-05,4.7887203993377024e-05,21.985028189521735,5.110565215159373e-05
2012-10-04,1461.4000244140625,3615860000,0.00714882173169773,5.110565215159373e-05,1.8421415861019007e-05,5.0148322395302046e-05,22.008595562189225,1.0345298696505372e-07
2012-10-05,1460.9300537109375,3172940000,-0.0003216410840751749,1.0345298696505372e-07,1.441402190441411e-05,5.010115576447828e-05,21.877924440134525,1.1990456443553227e-05
2012-10-08,1455.8800048828125,2328720000,-0.0034627238474289612,1.1990456443553227e-05,1.5409734863183418e-05,3.2044624169343123e-05,21.568584597778848,9.880722087979452e-05
2012-10-09,1441.47998046875,3216320000,-0.009940182135141917,9.880722087979452e-05,3.5019134770932056e-05,3.579331117603172e-05,21.891503686111562,3.853002166761689e-05
2012-10-10,1432.56005859375,3225060000,-0.0062072555664816065,3.853002166761689e-05,4.010736082590472e-05,3.58160625253663e-05,21.894217391982316,3.81696076476355e-08
2012-10-11,1432.8399658203125,3672540000,0.00019537043698480971,3.81696076476355e-08,2.98938643171155e-05,3.5372469045813575e-05,22.02414935798839,8.824137335716105e-06
2012-10-12,1428.5899658203125,3134750000,-0.002970544956016674,8.824137335716105e-06,3.163800118686571e-05,3.557492012132387e-05,21.865815263353927,6.472959963202251e-05
2012-10-15,1440.1300048828125,3483810000,0.00804547075266715,6.472959963202251e-05,4.218582982455956e-05,2.662020854826051e-05,21.9713923597194,0.0001043984468770024
2012-10-16,1454.9200439453125,3568770000,0.010217555817170876,0.0001043984468770024,4.3304075024001135e-05,3.0655980219847935e-05,21.995486835836253,1.6880644298229343e-05
2012-10-17,1460.9100341796875,3655320000,0.004108606125954317,1.6880644298229343e-05,3.8974199550123634e-05,3.097808728434599e-05,22.019449477888926,5.986438155992749e-06
2012-10-18,1457.3399658203125,3880030000,-0.0024467198768949316,5.986438155992749e-06,4.016385325979266e-05,3.117565611450918e-05,22.079108722768193,0.00027922893255410313
2012-10-19,1433.18994140625,3875170000,-0.016710144600035726,0.00027922893255410313,9.424481230347007e-05,4.3804067882598044e-05,22.077855370015214,1.9314766165124686e-07
2012-10-22,1433.8199462890625,3216220000,0.00043948567855078835,1.9314766165124686e-07,8.133752190939581e-05,4.3799549541462424e-05,21.891472594194536,0.00021168023823373624
2012-10-23,1413.1099853515625,3587670000,-0.014549234970737679,0.00021168023823373624,0.00010279388018074257,5.342112067108914e-05,22.000768803947746,9.549042371823809e-06
2012-10-24,1408.75,3385970000,-0.0030901524835877936,9.549042371823809e-06,0.00010132755979546148,5.362808187741529e-05,21.942906260901626,8.94646952551629e-06
2012-10-25,1412.969970703125,3512640000,0.0029910649483948504,8.94646952551629e-06,0.00010191956606936617,4.896844543151642e-05,21.979633728747913,5.318020163738466e-07
2012-10-26,1411.93994140625,3284910000,-0.0007292475686444533,5.318020163738466e-07,4.618013996182032e-05,4.74880763177877e-05,21.91260509155182,2.4294693542040065e-08
2012-10-31,1412.1600341796875,3577110000,0.00015586755128005336,2.4294693542040065e-08,4.614636936819848e-05,4.3297708829380997e-05,21.997821049056853,0.00011809630971502645
2012-11-01,1427.5899658203125,3929890000,0.010867212600985887,0.00011809630971502645,2.742958366445652e-05,4.7750249145064485e-05,22.091877272868437,8.880646552141147e-05
2012-11-02,1414.199951171875,3732480000,-0.009423718242891788,8.880646552141147e-05,4.3281068294374057e-05,5.1468184321051067e-05,22.040338729292266,4.671958375503755e-06
2012-11-05,1417.260009765625,2921040000,0.0021614713450572864,4.671958375503755e-06,4.242616606437155e-05,5.1645990549889824e-05,21.795205554541027,6.119164897514845e-05
2012-11-06,1428.3900146484375,3306970000,0.007822509122727084,6.119164897514845e-05,5.455813545612646e-05,5.383247953090777e-05,21.91929819954115,0.0005755433311526703
2012-11-07,1394.530029296875,4356490000,-0.023990484179204685,0.0005755433311526703,0.00016966194274795212,7.767055584913852e-05,22.19493252444189,0.00015079676218424082
2012-11-08,1377.510009765625,3779520000,-0.012279933313509517,0.00015079676218424082,0.00017620203324179498,8.452025172174196e-05,22.05286285465234,2.8806619068570727e-06
2012-11-09,1379.8499755859375,3647350000,0.0016972512798218986,2.8806619068570727e-06,0.00015901687251888413,8.410617015189214e-05,22.017266713732194,1.702486770452238e-08
2012-11-12,1380.030029296875,2567540000,0.00013047937654864228,1.702486770452238e-08,0.00015808588581732425,7.961570669679714e-05,21.66621407939246,1.594711157637163e-05
2012-11-13,1374.530029296875,3455550000,-0.003993383474745649,1.594711157637163e-05,0.00014903697833756888,7.858921078355871e-05,21.963247471366437,0.0001945709866726292
2012-11-14,1355.489990234375,4109510000,-0.013948870444327355,0.0001945709866726292,7.284250944156068e-05,8.743161155923969e-05,22.136569637179264,2.5434379367544332e-06
2012-11-15,1353.3299560546875,3928870000,-0.0015948159570164933,2.5434379367544332e-06,4.3191844592063395e-05,8.714612522292325e-05,22.091617689930295,2.3312236918336698e-05
2012-11-16,1359.8800048828125,4045910000,0.004828274735175775,2.3312236918336698e-05,4.7278159594359325e-05,8.526351782684663e-05,22.120972331499928,0.00038680570781528283
2012-11-19,1386.8900146484375,3374800000,0.019667376739547215,0.00038680570781528283,0.000124635896183875,9.810021150585938e-05,21.93960190055206,4.3978972160893044e-07
2012-11-20,1387.81005859375,3207160000,0.0006631664358280887,4.3978972160893044e-07,0.00012153443181292245,9.735289993419482e-05,21.88865164758846,5.37077686864233e-06
2012-11-21,1391.030029296875,2667090000,0.002317493660971337,5.37077686864233e-06,8.369438985212506e-05,9.732491533022434e-05,21.70425382773363,0.00016750059439401137
2012-11-23,1409.1500244140625,1504960000,0.012942202068968456,0.00016750059439401137,0.00011668582114357645,9.224635450476563e-05,21.132032157385428,4.127578437087002e-06
2012-11-26,1406.2900390625,2948960000,-0.002031644269326449,4.127578437087002e-06,0.00011284888944732652,9.242519226728544e-05,21.80471840310669,2.7460677907438627e-05
2012-11-27,1398.93994140625,3323120000,-0.005240293685227826,2.7460677907438627e-05,4.097988346575767e-05,8.405157588881736e-05,21.924169937914805,6.123580150536606e-05
2012-11-28,1409.9300537109375,3359250000,0.007825330760125482,6.123580150536606e-05,5.313908582250909e-05,8.640097403125108e-05,21.93498357201748,1.8152316696267503e-05
2012-11-29,1415.949951171875,3356850000,0.0042605535668815975,1.8152316696267503e-05,5.569539378803413e-05,8.681942162992159e-05,21.934268871491447,2.6404408604313794e-08
2012-11-30,1416.1800537109375,3966000000,0.00016249433406834157,2.6404408604313794e-08,2.220055579095272e-05,8.679644901138663e-05,22.10102386729616,2.262447457900473e-05
2012-12-03,1409.4599609375,3074280000,-0.004756519166260631,2.262447457900473e-05,2.589993501933627e-05,8.78237299152713e-05,21.846336564772173,2.928464833048295e-06
2012-12-04,1407.050048828125,3247710000,-0.0017112757910542342,2.928464833048295e-06,2.09934924044582e-05,8.258882787518138e-05,21.901215969853258,2.507813203667187e-06
2012-12-05,1409.280029296875,4253920000,0.0015836076545872046,2.507813203667187e-06,9.247894744118427e-06,7.866616186073844e-05,22.171106747952894,1.0897497957658461e-05
2012-12-06,1413.93994140625,3229700000,0.003301135858709614,1.0897497957658461e-05,7.79693099639662e-06,7.894914093265458e-05,21.89565509092009,8.506917218454483e-06
2012-12-07,1418.0699462890625,3125160000,0.0029166619993503673,8.506917218454483e-06,9.493033558366652e-06,7.65543803982594e-05,21.862751319144085,1.1458445024437215e-07
2012-12-10,1418.550048828125,2999430000,0.0003385032499760854,1.1458445024437215e-07,4.991055532614581e-06,5.039852827542186e-05,21.821688107895632,4.260866507212265e-05
2012-12-11,1427.8399658203125,3650230000,0.006527531315292379,4.260866507212265e-05,1.292709558042945e-05,4.5480887497598305e-05,22.018056016528117,2.008288626396609e-07
2012-12-12,1428.47998046875,3709050000,0.0004481393339572648,2.008288626396609e-07,1.2465698712223945e-05,4.535907690467933e-05,22.03404161635518,4.021449512849584e-05
2012-12-13,1419.449951171875,3349960000,-0.00634148997700823,4.021449512849584e-05,1.8329098146391422e-05,4.718623464380621e-05,21.932214242712103,1.7172534432220135e-05
2012-12-14,1413.5799560546875,3210170000,-0.004143975679491874,1.7172534432220135e-05,2.0062221589144554e-05,4.724193568270841e-05,21.889589732499097,0.00013925623816572993
2012-12-17,1430.3599853515625,3455610000,0.011800688037810758,0.00013925623816572993,4.789055233224167e-05,4.472762893239481e-05,21.963264834587655,0.0001304434820349612
2012-12-18,1446.7900390625,4302240000,0.011421185666775635,0.0001304434820349612,6.545751572480938e-05,5.054126730049512e-05,22.18240165447387,5.803614181633317e-05
2012-12-19,1435.81005859375,3869800000,-0.007618145562821255,5.803614181633317e-05,7.702457831554808e-05,5.211962661404041e-05,22.076468663324512,2.9954874986764438e-05
2012-12-20,1443.68994140625,3686580000,0.005473104693568764,2.9954874986764438e-05,7.497265428720178e-05,3.589913421274412e-05,22.027965036229993,8.879188211051049e-05
2012-12-21,1430.1500244140625,5229160000,-0.009422944450144577,8.879188211051049e-05,8.929652382285988e-05,3.9915138412239643e-05,22.37751649046033,5.96961213143094e-06
2012-12-24,1426.6600341796875,1248960000,-0.0024432789712660608,5.96961213143094e-06,6.263919861600007e-05,3.9942358196911854e-05,20.94557704275719,2.3029986271572925e-05
2012-12-26,1419.8299560546875,2285030000,-0.00479895678992559,2.3029986271572925e-05,4.1156499463322416e-05,3.337551237316465e-05,21.54964499074687,1.4864118600530851e-06
2012-12-27,1418.0999755859375,2830180000,-0.0012191849162670465,1.4864118600530851e-06,2.98465534720664e-05,3.325545934693584e-05,21.76360615117251,0.00012346422498762003
2012-12-28,1402.4300537109375,2426680000,-0.011111445674961473,0.00012346422498762003,4.854842347223752e-05,3.761925694148954e-05,21.60978990538938,0.00028224091626890754
2012-12-31,1426.18994140625,3204330000,0.01680002726988583,0.00028224091626890754,8.723823030391692e-05,4.7664943976195974e-05,21.887768857415534,0.0006293132138932273
2013-01-02,1462.4200439453125,4202600000,0.025086115958697697,0.0006293132138932273,0.0002119069506562762,7.544498475787596e-05,22.158969218561793,4.358889730490992e-06
2013-01-03,1459.3699951171875,3829730000,-0.002087795423524774,4.358889730490992e-06,0.00020817273134805982,7.564191590887082e-05,22.066060141831564,2.355452068597683e-05
2013-01-04,1466.469970703125,3424290000,0.004853299978980985,2.355452068597683e-05,0.00021258635311324458,7.568419073191499e-05,21.954159988193094,9.784404389078498e-06
2013-01-07,1461.8900146484375,3304970000,-0.003128003259122103,9.784404389078498e-06,0.00018985038899353623,7.599582434809819e-05,21.91869323335561,1.0547160248233609e-05
2013-01-08,1457.1500244140625,3601600000,-0.0032476391807332305,1.0547160248233609e-05,0.00013551163778940148,7.63612492137603e-05,22.004644028394395,7.03493590171945e-06
2013-01-09,1461.02001953125,3674390000,0.0026523453586815293,7.03493590171945e-06,1.1055982191099875e-05,7.618567821121762e-05,22.024652969711543,5.728522134316492e-05
2013-01-10,1472.1199951171875,4081840000,0.007568700109210624,5.728522134316492e-05,2.164124851363466e-05,7.84028738532499e-05,22.12981370433853,2.2576861513432916e-09
2013-01-11,1472.050048828125,3340650000,-4.751511497769201e-05,2.2576861513432916e-09,1.6930795913669565e-05,7.839776809124568e-05,21.929431236078585,8.669563439641996e-07
2013-01-14,1470.6800537109375,3003010000,-0.000931104904918989,8.669563439641996e-07,1.5147306304646704e-05,7.65004176945112e-05,21.82288095627839,1.272459115314097e-06
2013-01-15,1472.3399658203125,3135350000,0.0011280332953038652,1.272459115314097e-06,1.32923660780628e-05,7.654912816054186e-05,21.866006647861873,3.879816967836014e-08
2013-01-16,1472.6300048828125,3384080000,0.0001969725099559838,3.879816967836014e-08,1.1893138531654583e-05,7.472296011695925e-05,21.94234791936839,3.1663810336070426e-05
2013-01-17,1480.93994140625,3706710000,0.005627060541354645,3.1663810336070426e-05,6.768856330235685e-06,7.538165447622517e-05,22.033410527949666,1.154295445959573e-05
2013-01-18,1485.97998046875,3795740000,0.0033974923781512345,1.154295445959573e-05,9.07699568492456e-06,6.957650521685544e-05,22.0571452224611,1.9521654372442055e-05
2013-01-22,1492.56005859375,3570950000,0.004418331627712213,1.9521654372442055e-05,1.2807935290620132e-05,6.45346039594682e-05,21.996097504060533,2.2690659928810586e-06
2013-01-23,1494.81005859375,3552010000,0.0015063419242924425,2.2690659928810586e-06,1.3007256666133525e-05,6.199973687658402e-05,21.990779477669218,4.375374735124768e-11
2013-01-24,1494.8199462890625,3699430000,6.614661544723788e-06,4.375374735124768e-11,1.2999505782947324e-05,6.06381536387196e-05,22.031444590945302,2.949259657009186e-05
2013-01-25,1502.9599609375,3476290000,0.005430708661868344,2.949259657009186e-05,1.256526302975161e-05,5.794273156870058e-05,21.969231470386195,3.4274385970200494e-06
2013-01-28,1500.1800537109375,3388540000,-0.0018513342747921158,3.4274385970200494e-06,1.0942159857236475e-05,5.782717822622734e-05,21.9436649873992,2.5938687515369862e-05
2013-01-29,1507.8399658203125,3949640000,0.005093003781205141,2.5938687515369862e-05,1.2225566485822036e-05,5.7959391919127216e-05,22.09689027271869,1.526656092493498e-05
2013-01-30,1501.9599609375,3726810000,-0.003907244671752075,1.526656092493498e-05,1.4825065472232822e-05,5.858576233116729e-05,22.038818477072414,6.587394280884393e-06
2013-01-31,1498.1099853515625,3999880000,-0.0025665919583923724,6.587394280884393e-06,1.6142535577660226e-05,5.327317911722476e-05,22.1095301978663,0.0001000502707964954
2013-02-01,1513.1700439453125,3836320000,0.010002513224010023,0.0001000502707964954,3.0254070422940935e-05,4.499178614120604e-05,22.0677794109784,0.00013469535288442282
2013-02-04,1495.7099609375,3390000000,-0.011605832709651764,0.00013469535288442282,5.650765328042149e-05,2.2509156095351286e-05,21.944095758633754,0.00010738414656966278
2013-02-05,1511.2900390625,3618360000,0.010362632222059354,0.00010738414656966278,7.279674509128007e-05,2.7192122315313636e-05,22.0092867217334,3.0142280572378914e-07
2013-02-06,1512.1199951171875,3611570000,0.0005490198591342477,3.0142280572378914e-07,6.980371746743783e-05,2.613516332075668e-05,22.00740841807226,3.265361236831264e-06
2013-02-07,1509.3900146484375,3614580000,-0.0018070310558568892,3.265361236831264e-06,6.913931085862721e-05,2.5838843177472713e-05,22.008241503511464,3.183210289765952e-05
2013-02-08,1517.9300537109375,2986150000,0.005641994585043442,3.183210289765952e-05,5.549567727886004e-05,2.6806340570628438e-05,21.81725076956391,3.676012028882668e-07
2013-02-11,1517.010009765625,2684100000,-0.0006063012476387186,3.676012028882668e-07,2.863012694255313e-05,2.650327990249975e-05,21.7106113135585,2.540839626684601e-06
2013-02-12,1519.4300537109375,3414370000,0.0015940011376045504,2.540839626684601e-06,7.661465553957495e-06,2.4014898915387006e-05,21.951258833009213,3.505679330571226e-07
2013-02-13,1520.3299560546875,3385880000,0.0005920877747911391,3.505679330571226e-07,7.671294579424159e-06,2.403073119933727e-05,21.942879680277432,4.766980934914746e-07
2013-02-14,1521.3800048828125,3759740000,0.0006904332650528033,4.766980934914746e-07,7.113561950756202e-06,2.401299218795215e-05,22.047615643287124,1.0933374877948277e-06
2013-02-15,1519.7900390625,3838510000,-0.0010456277960129157,1.0933374877948277e-06,9.65808868783264e-07,2.400485029579218e-05,22.06835010767367,5.343163282605876e-05
2013-02-19,1530.93994140625,3748910000,0.007309694441360648,5.343163282605876e-05,1.1578615193417362e-05,2.643179732562765e-05,22.044730968277065,0.00015579312022193643
2013-02-20,1511.949951171875,4240570000,-0.01248171143000576,0.00015579312022193643,4.222907131246773e-05,3.207403868407611e-05,22.167963531352925,3.998039811883366e-05
2013-02-21,1502.4200439453125,4274600000,-0.006323005465665332,3.998039811883366e-05,5.015503734962304e-05,3.3366649759496016e-05,22.175956367939925,7.628648348571074e-05
2013-02-22,1515.5999755859375,3419320000,0.008734213386774492,7.628648348571074e-05,6.531699442806688e-05,3.594686926464459e-05,21.95270753813464,0.00034148362613804995
2013-02-25,1487.8499755859375,4011050000,-0.01847927558477469,0.00034148362613804995,0.00013339505215811793,5.136571290760681e-05,22.112318889625215,3.709878095496398e-05
2013-02-26,1496.93994140625,3975280000,0.006090876862567818,3.709878095496398e-05,0.00013012848178389896,5.3052019144025754e-05,22.103361023075035,0.00015991370620877264
2013-02-27,1515.989990234375,3551850000,0.012645699119019582,0.00015991370620877264,0.0001309525989812662,5.898025140032943e-05,21.99073443173645,7.472797870261865e-07
2013-02-28,1514.6800537109375,3912320000,-0.0008644534614576926,7.472797870261865e-07,0.0001231059753149047,5.885842599987516e-05,22.08739638562018,5.387781190127143e-06
2013-03-01,1518.199951171875,3695610000,0.0023211594495267107,5.387781190127143e-06,0.00010892623485578797,5.792429389418231e-05,22.030411465948347,2.116116426083819e-05
2013-03-04,1525.199951171875,3414430000,0.004600126548350403,2.116116426083819e-05,4.4861742480345635e-05,5.819223040945063e-05,21.95127640564276,9.064090795696123e-05
2013-03-05,1539.7900390625,3610690000,0.009520551872499894,9.064090795696123e-05,5.5570167880745084e-05,6.201284466745412e-05,22.00716472703812,1.1748935257542264e-06
2013-03-06,1541.4599609375,3676890000,0.0010839250554139923,1.1748935257542264e-06,2.3822405344141404e-05,5.751850933696588e-05,22.025333123397893,3.2936573549160462e-06
2013-03-07,1544.260009765625,3634710000,0.0018148436172067406,3.2936573549160462e-06,2.4331680857719377e-05,5.1545704994715575e-05,22.013795165106963,1.999099196780733e-05
2013-03-08,1551.1800537109375,3652260000,0.004471128712954631,1.999099196780733e-05,2.725232301325541e-05,4.757328887644943e-05,22.018611991285148,1.0522360834600758e-05
2013-03-11,1556.219970703125,3091080000,0.003243818865874104,1.0522360834600758e-05,2.5124562328007928e-05,4.803787696867111e-05,21.851786381676696,5.7895356705506835e-06
2013-03-12,1552.47998046875,3274910000,-0.00240614539680184,5.7895356705506835e-06,8.15428787072582e-06,4.8152612170203807e-05,21.90955622504534,1.7244657625101451e-06
2013-03-13,1554.52001953125,3073830000,0.0013131891571704912,1.7244657625101451e-06,8.264202318077003e-06,4.6784083209515204e-05,21.84619017832149,3.1218504148373945e-05
2013-03-14,1563.22998046875,3459260000,0.005587352158972436,3.1218504148373945e-05,1.3849171676768581e-05,4.818639697976455e-05,21.964320530598698,2.623667001154167e-06
2013-03-15,1560.699951171875,5175850000,-0.0016197737499892284,2.623667001154167e-06,1.0375706683437952e-05,4.8190161860422246e-05,22.367269414011027,3.053192752729834e-05
2013-03-18,1552.0999755859375,3164560000,-0.005525570335024099,3.053192752729834e-05,1.4377620021977465e-05,4.956204184197867e-05,21.875279862657177,5.882903395990675e-06
2013-03-19,1548.3399658203125,3796210000,-0.0024254697268757397,5.882903395990675e-06,1.4396293567065467e-05,4.980777844663773e-05,22.05726903781828,4.455781196799714e-05
2013-03-20,1558.7099609375,3349090000,0.006675163815817342,4.455781196799714e-05,2.2962962808162862e-05,5.1783436377556007e-05,21.931954504389616,6.917122076319683e-05
2013-03-21,1545.800048828125,3243270000,-0.00831692375600479,6.917122076319683e-05,3.0553506131127444e-05,5.249887219288048e-05,21.89984791735853,5.1103108226452236e-05
2013-03-22,1556.8900146484375,2948380000,0.0071486438032994926,5.1103108226452236e-05,4.0249394376187056e-05,4.774023528399483e-05,21.804521704255453,1.1193235419354039e-05
2013-03-25,1551.68994140625,3178170000,-0.0033456293009468396,1.1193235419354039e-05,3.63816559545982e-05,4.643172788856393e-05,21.87957139670764,6.013945415015004e-05
2013-03-26,1563.77001953125,2869260000,0.0077549631946354225,6.013945415015004e-05,4.723296610543007e-05,4.5697772009674815e-05,21.777319994098832,3.4635938340077054e-07
2013-03-27,1562.8499755859375,2914210000,-0.0005885230525652929,3.4635938340077054e-07,3.83906755885108e-05,3.019153261173622e-05,21.792864608354762,1.6390055870303976e-05
2013-03-28,1569.18994140625,3304440000,0.004048463396191693,1.6390055870303976e-05,2.7834442609932224e-05,2.925022692606985e-05,21.918532855954005,2.0102820195310034e-05
2013-04-01,1562.1700439453125,2753110000,-0.004483616865356588,2.0102820195310034e-05,2.1634385003703787e-05,2.2895186652730642e-05,21.735997019083058,2.6614598972745175e-05
2013-04-02,1570.25,3312160000,0.005158933898854023,2.6614598972745175e-05,2.4718657714382008e-05,2.4070973888445144e-05,21.920866381783235,0.00011240522879006744
2013-04-03,1553.68994140625,4060610000,-0.010602133218841736,0.00011240522879006744,3.517181264236549e-05,2.8935403324806065e-05,22.124599045825892,1.6323854500764522e-05
2013-04-04,1559.97998046875,3350670000,0.00404027901273718,1.6323854500764522e-05,3.836731166583824e-05,2.871552560843908e-05,21.9324261630845,1.8525665635029127e-05
2013-04-05,1553.280029296875,3515410000,-0.004304145168907425,1.8525665635029127e-05,3.879443361878326e-05,2.543756004835126e-05,21.980421998649987,3.9475570846099405e-05
2013-04-08,1563.0699462890625,2887120000,0.006282958765271296,3.9475570846099405e-05,4.2668983748941146e-05,2.7178499926548766e-05,21.78352530274882,1.2517909651668619e-05
2013-04-09,1568.6099853515625,3252780000,0.0035380658065768955,1.2517909651668619e-05,3.9849645884725834e-05,2.7597784121855703e-05,21.90277585257794,0.0001467839670715067
2013-04-10,1587.72998046875,3453350000,0.012115443329548725,0.0001467839670715067,4.6725393541013685e-05,3.336110117202386e-05,21.962610611642393,1.2573805227481755e-05
2013-04-11,1593.3699951171875,3393950000,0.003545956179577203,1.2573805227481755e-05,4.5975383686357133e-05,3.345434864442753e-05,21.945260272064786,8.070135086670815e-06
2013-04-12,1588.8499755859375,3206290000,-0.0028407983185489982,8.070135086670815e-06,4.388427757668547e-05,3.3558012254251175e-05,21.88838034275095,0.0005398245436218787
2013-04-15,1552.3599853515625,4660130000,-0.02323412455036511,0.0005398245436218787,0.0001439540721318413,5.801710670240428e-05,22.262309181905145,0.00020180591363230517
2013-04-16,1574.5699462890625,3654700000,0.014205840828064531,0.00020180591363230517,0.00018181167292796865,6.57710798607648e-05,22.019279847709715,0.0002082628147032673
2013-04-17,1552.010009765625,4250310000,-0.014431313685983937,0.0002082628147032673,0.00019410744245432074,7.511831384722449e-05,22.170257758634406,4.520620487559365e-05
2013-04-18,1541.6099853515625,3890800000,-0.006723555969544215,4.520620487559365e-05,0.00020063392238394315,7.578532645396519e-05,22.081880629216577,7.759828810159874e-05
2013-04-19,1555.25,3569870000,0.008808989051054539,7.759828810159874e-05,0.00021453955298692874,7.904511666785645e-05,21.995795017789227,2.162992404061813e-05
2013-04-22,1562.5,2979880000,0.00465079821542691,2.162992404061813e-05,0.0001109006290706766,7.800293994388469e-05,21.815148868532138,0.00010743970955696505
2013-04-23,1578.780029296875,3565150000,0.010365312805553195,0.00010743970955696505,9.202738825560858e-05,7.974241670723779e-05,21.99447196594433,4.0197756548290625e-11
2013-04-24,1578.7900390625,3598240000,6.340170072505202e-06,4.0197756548290625e-11,5.0374833354506424e-05,7.74195499786607e-05,22.003710674252364,1.6213624855001094e-05
2013-04-25,1585.1600341796875,3908580000,0.0040266145649914264,1.6213624855001094e-05,4.457631735038791e-05,7.764774949846286e-05,22.086439973881347,3.399641959415589e-06
2013-04-26,1582.239990234375,3198620000,-0.001843811801517603,3.399641959415589e-06,2.9736588121951284e-05,7.506866712615675e-05,21.885985304049704,5.1270116189364196e-05
2013-04-29,1593.6099853515625,2891200000,0.007160315369406867,5.1270116189364196e-05,3.566462655170049e-05,7.738338334460962e-05,21.784937478148116,6.159417699177572e-06
2013-04-30,1597.5699462890625,3745070000,0.0024818174185821107,6.159417699177572e-06,1.5408568180143e-05,7.691835433683116e-05,22.043706145596712,8.7450040715536e-05
2013-05-01,1582.699951171875,3530320000,-0.009351472649563597,8.7450040715536e-05,3.289856828369889e-05,7.997959163320506e-05,21.984654355624347,8.768456735969972e-05
2013-05-02,1597.5899658203125,3366950000,0.009364003810320654,8.768456735969972e-05,4.7192756784638616e-05,8.275549928715753e-05,21.937273127297242,0.00010982126054378581
2013-05-03,1614.4200439453125,3603910000,0.010479563948170068,0.00010982126054378581,6.847708050151266e-05,8.263804618505382e-05,22.005285204405116,3.6326878232926862e-06
2013-05-06,1617.5,3062240000,0.0019059611284841793,3.6326878232926862e-06,5.894959482829836e-05,8.206117497244147e-05,21.842412511580594,2.72133241239443e-05
2013-05-07,1625.9599609375,3309580000,0.005216639159836944,2.72133241239443e-05,6.316037611325171e-05,8.245606854011943e-05,21.920087130369023,1.706135132929461e-05
2013-05-08,1632.68994140625,3554700000,0.004130538866697009,1.706135132929461e-05,4.9082638236003424e-05,8.143724038026467e-05,21.991536508736395,1.3645030403295454e-05
2013-05-09,1626.6700439453125,3457400000,-0.0036939180287731688,1.3645030403295454e-05,3.427473084472257e-05,8.148847314170225e-05,21.963782698742197,1.8596308804328547e-05
2013-05-10,1633.699951171875,3086470000,0.00431234377158507,1.8596308804328547e-05,1.602974049683112e-05,7.566176140228507e-05,21.850293880327694,1.8394190464473572e-09
2013-05-13,1633.77001953125,2910600000,4.288844886968235e-05,1.8394190464473572e-09,1.530357081598187e-05,7.509030841099255e-05,21.79162508278707,0.00010182963257587617
2013-05-14,1650.3399658203125,3457790000,0.010091066969150297,0.00010182963257587617,3.0226832506368243e-05,7.935210375141097e-05,21.963895493907707,2.6021256817841496e-05
2013-05-15,1658.780029296875,3657440000,0.005101103490210868,2.6021256817841496e-05,3.201881360407762e-05,5.5997408896682e-05,22.020029286349427,2.5223818571682614e-05
2013-05-16,1650.469970703125,3513130000,-0.0050223319854110215,2.5223818571682614e-05,3.4334571237755056e-05,4.7970950030290076e-05,21.97977321523855,0.00010500945242235014
2013-05-17,1667.469970703125,3440710000,0.01024741198656276,0.00010500945242235014,5.1617199961359364e-05,4.3277615381157476e-05,21.958943682674605,5.010776783831271e-07
2013-05-20,1666.2900390625,3275080000,-0.0007078684047074901,5.010776783831271e-07,5.17170476132267e-05,4.124556414492064e-05,21.909608133521534,2.96151292798131e-06
2013-05-21,1669.1600341796875,3513560000,0.0017209046830028996,2.96151292798131e-06,3.194342368364774e-05,3.785298345521075e-05,21.979895605724085,6.902409800569664e-05
2013-05-22,1655.3499755859375,4361020000,-0.008308074265778842,6.902409800569664e-05,4.054399192121877e-05,4.0007264089987046e-05,22.195971812129933,8.573858065825054e-06
2013-05-23,1650.510009765625,3945510000,-0.0029281151046065546,8.573858065825054e-06,3.721399982004725e-05,3.551336174948069e-05,22.095844060708618,3.041715516903056e-07
2013-05-24,1649.5999755859375,2758080000,-0.0005515174989882965,3.041715516903056e-07,1.6272943645915286e-05,3.552718590193222e-05,21.73780062278588,3.9954561985436435e-05
2013-05-28,1660.06005859375,3457400000,0.00632096210916,3.9954561985436435e-05,2.4163640507325948e-05,3.66063194078611e-05,21.963782698742197,5.002642709988591e-05
2013-05-29,1648.3599853515625,3587140000,-0.007072936243165628,5.002642709988591e-05,3.357662334170687e-05,3.8725718732427936e-05,22.000621064843628,1.3422148978222961e-05
2013-05-30,1654.4100341796875,3498620000,0.0036636251143127296,1.3422148978222961e-05,2.2456233536212134e-05,3.700535658646697e-05,21.97563444226227,0.00020766472722075083
2013-05-31,1630.739990234375,4099600000,-0.014410576921856766,0.00020766472722075083,6.227440736719729e-05,4.616468883744757e-05,22.13415524516561,3.5027930373380904e-05
2013-06-03,1640.4200439453125,3952070000,0.005918439859741831,3.5027930373380904e-05,6.921915913153541e-05,4.3781865640076885e-05,22.097505329478807,3.0537206560255536e-05
2013-06-04,1631.3800048828125,3653840000,-0.005526048005605411,3.0537206560255536e-05,6.733568804649922e-05,4.118425833101124e-05,22.01904450658721,0.0001925310139013661
2013-06-05,1608.9000244140625,3632350000,-0.01387555454392242,0.0001925310139013661,9.583660540679527e-05,4.4943792574537616e-05,22.01314565895666,7.147779487690595e-05
2013-06-06,1622.56005859375,3547380000,0.008454454144231072,7.147779487690595e-05,0.00010744773458653186,4.802766107697459e-05,21.989475140069757,0.00016256032044440781
2013-06-07,1643.3800048828125,3371990000,0.012749914526945183,0.00016256032044440781,9.842685323126327e-05,5.417979727335928e-05,21.938768911779132,1.2032129690007942e-07
2013-06-10,1642.81005859375,2978730000,-0.00034687360363694353,1.2032129690007942e-07,9.14453314159671e-05,5.340975045370499e-05,21.814762872464634,0.00010414741708198423
2013-06-11,1626.1300048828125,3435710000,-0.010205264184820706,0.00010414741708198423,0.00010616737352031284,5.7523495302736296e-05,21.957489437331905,7.064027487411243e-05
2013-06-12,1612.52001953125,3202550000,-0.008404776908051304,7.064027487411243e-05,8.17892257148621e-05,5.9889130124090114e-05,21.887213204728035,0.00021538700415047116
2013-06-13,1636.3599853515625,3378620000,0.014676069097359523,0.00021538700415047116,0.00011057106756957513,6.967936488460942e-05,21.940733179343034,3.483833830211301e-05
2013-06-14,1626.72998046875,2939400000,-0.005902401062458651,3.483833830211301e-05,8.502667114111619e-05,6.663430605398382e-05,21.801471316177064,5.6834644750102034e-05
2013-06-17,1639.0400390625,3137080000,0.007538875562715042,5.6834644750102034e-05,9.636953583175657e-05,6.803491459635929e-05,21.86655826822059,6.0232553342910055e-05
2013-06-18,1651.81005859375,3120980000,0.007760963428783185,6.0232553342910055e-05,8.758656308394174e-05,6.962622072232418e-05,21.861412892332435,0.0001945551099501146
2013-06-19,1628.9300537109375,3545060000,-0.01394830132848135,0.0001945551099501146,0.00011236953009914217,7.369647788267711e-05,21.98882092231618,0.000641529082196412
2013-06-20,1588.18994140625,4858850000,-0.025328424392299098,0.000641529082196412,0.00019759794570833032,0.00010283411445167843,22.304067621549986,7.108724041385304e-06
2013-06-21,1592.4300537109375,5797280000,0.002666219053526042,7.108724041385304e-06,0.00019205202285618478,0.00010302262404774222,22.480654679155318,0.00014931297777150254
2013-06-24,1573.0899658203125,4733660000,-0.012219368959627275,0.00014931297777150254,0.00021054768946046488,0.0001066721185825516,22.277964524799913,8.934893500550699e-05
2013-06-25,1588.030029296875,3761170000,0.009452456559302824,8.934893500550699e-05,0.0002163709657929843,0.00011034371298890077,22.047995916423446,9.110300977179451e-05
2013-06-26,1603.260009765625,3558340000,0.009544789666189324,9.110300977179451e-05,0.00019568054575732027,0.00011447093290799641,21.992559981208565,3.8200944949562534e-05
2013-06-27,1613.199951171875,3364540000,0.006180691300296637,3.8200944949562534e-05,7.50149183079504e-05,0.00011439122304272941,21.936557089658546,1.8479586698592954e-05
2013-06-28,1606.280029296875,4977190000,-0.004298788980467982,1.8479586698592954e-05,7.728909083939193e-05,0.00011295727575176156,22.328131311902872,2.9043472429854053e-05
2013-07-01,1614.9599609375,3104690000,0.005389199609390438,2.9043472429854053e-05,5.3235189771062235e-05,0.0001136673359086539,21.8561797087003,2.9708679536899375e-07
2013-07-02,1614.0799560546875,3317130000,-0.0005450566900506715,2.9708679536899375e-07,3.542482012903463e-05,0.00010424153407113654,21.922365788485806,6.784946955858722e-07
2013-07-03,1615.4100341796875,1966050000,0.0008237078945754206,6.784946955858722e-07,1.7339917113792903e-05,0.0001026801960857822,21.39929229120657,0.00010302342777756704
2013-07-05,1631.8900146484375,2634140000,0.01015004570322553,0.00010302342777756704,3.0304413679393803e-05,0.00010597502432293273,21.691822590335647,2.7434603458089795e-05
2013-07-08,1640.4599609375,3514590000,0.005237805213836211,2.7434603458089795e-05,3.209541703129317e-05,9.847064203005653e-05,21.9801887127315,5.1892745271794037e-05
2013-07-09,1652.3199462890625,3155360000,0.007203661934862993,5.1892745271794037e-05,3.666527159968117e-05,9.758041250255146e-05,21.872368431342952,3.2969830930741986e-08
2013-07-10,1652.6199951171875,3011010000,0.00018157596462842207,3.2969830930741986e-08,3.661244820679352e-05,9.01928056564843e-05,21.82554140792837,0.00018125809796517908
2013-07-11,1675.02001953125,3446340000,0.01346321276535356,0.00018125809796517908,7.272836886071217e-05,9.84263409595879e-05,21.960578635594207,9.497061152736477e-06
2013-07-12,1680.18994140625,3039070000,0.0030817302206287422,9.497061152736477e-06,5.402309553574605e-05,9.412405205371302e-05,21.834817384837567,1.887697800681924e-06
2013-07-15,1682.5,2623200000,0.0013739351515562603,1.887697800681924e-06,4.8913714404264476e-05,9.099893491401162e-05,21.687660783875927,1.3806095183138004e-05
2013-07-16,1676.260009765625,3081710000,-0.003715655417707353,1.3806095183138004e-05,4.129638438653327e-05,8.18361663245874e-05,21.84875047499797,7.674044874832782e-06
2013-07-17,1680.9100341796875,3153440000,0.0027702066483987764,7.674044874832782e-06,4.282459939531368e-05,8.060142571425646e-05,21.871759757725574,2.5203830905310057e-05
2013-07-18,1689.3699951171875,3452370000,0.005020341712006271,2.5203830905310057e-05,1.1613745983339871e-05,7.916366144858411e-05,21.96232678895445,2.588094515042186e-06
2013-07-19,1692.0899658203125,3302580000,0.0016087555796460151,2.588094515042186e-06,1.0231952655801012e-05,7.654345877459012e-05,21.91796981844282,4.1248088487400355e-06
2013-07-22,1695.530029296875,2779130000,0.0020309625424266287,4.1248088487400355e-06,1.0679374865412636e-05,6.78875359972549e-05,21.745403766389536,3.4360326636004017e-06
2013-07-23,1692.3900146484375,3096180000,-0.001853653868336913,3.4360326636004017e-06,8.605362361505114e-06,3.88833064730362e-05,21.85343493084172,1.4580963096865163e-05
2013-07-24,1685.93994140625,3336120000,-0.003818502729718176,1.4580963096865163e-05,9.986746005911592e-06,3.9222953702830736e-05,21.928074292318733,6.518881228469029e-06
2013-07-25,1690.25,3322500000,0.002553209985189042,6.518881228469029e-06,6.249756070543384e-06,3.2732312950874665e-05,21.92398334885265,6.855035835356399e-07
2013-07-26,1691.6500244140625,2762770000,0.0008279514379090358,6.855035835356399e-07,5.8692378842420755e-06,2.8702156977148694e-05,21.739499636932795,1.4010304837968886e-05
2013-07-29,1685.3299560546875,2840520000,-0.0037430341753674767,1.4010304837968886e-05,7.846337082087844e-06,2.5197943116520257e-05,21.76725297130262,1.3968688379549242e-07
2013-07-30,1685.9599609375,3320530000,0.00037374708533377543,1.3968688379549242e-07,7.187067926126864e-06,2.3467885931712666e-05,21.923390245989303,1.8610011507155418e-08
2013-07-31,1685.72998046875,3847390000,-0.00013641851599821564,1.8610011507155418e-08,4.274597309055262e-06,2.262875062775422e-05,22.070660833535023,0.00015531610540091764
2013-08-01,1706.8699951171875,3775170000,0.012462588230416571,0.00015531610540091764,3.403404214354499e-05,2.8368415762802563e-05,22.05171125201091,2.6866949933064425e-06
2013-08-02,1709.6700439453125,3136630000,0.0016391140879470356,2.6866949933064425e-06,3.443428042549914e-05,2.847703431725427e-05,21.86641481243426,2.1931562641207087e-06
2013-08-05,1707.1400146484375,2529300000,-0.0014809308775634022,2.1931562641207087e-06,3.2070850710729505e-05,2.8545882570369484e-05,21.65120842195638,3.294154837267244e-05
2013-08-06,1697.3699951171875,3141210000,-0.005739472830554426,3.294154837267244e-05,3.8631223008504895e-05,2.5360342597419727e-05,21.867873913275027,1.453992731375576e-05
2013-08-07,1690.9100341796875,3010230000,-0.0038131256619413634,1.453992731375576e-05,4.153548646895461e-05,2.4774220954495457e-05,21.825282325080284,1.5038271856533942e-05
2013-08-08,1697.47998046875,3271660000,0.0038779210740464976,1.5038271856533942e-05,1.3479919760077875e-05,2.3099017617438185e-05,21.908563338612904,1.2790265313415815e-05
2013-08-09,1691.4200439453125,2957670000,-0.0035763480414265914,1.2790265313415815e-05,1.550063382409975e-05,2.3678894684823866e-05,21.80766763348351,1.3307603376030701e-06
2013-08-12,1689.469970703125,2789160000,-0.0011535858605249416,1.3307603376030701e-06,1.532815463879622e-05,1.5500379338115865e-05,21.74900631253714,7.685148324395706e-06
2013-08-13,1694.1600341796875,3035560000,0.0027722100072677947,7.685148324395706e-06,1.0276874629140874e-05,1.5418019664100376e-05,21.83366175876998,2.6936756309157802e-05
2013-08-14,1685.3900146484375,2871430000,-0.005190063227857422,2.6936756309157802e-05,1.2756240428221284e-05,1.655661323266746e-05,21.7780760008167,0.0002069157087421347
2013-08-15,1661.3199462890625,3426690000,-0.01438456494796192,0.0002069157087421347,5.1131727805341434e-05,2.5334322939894585e-05,21.954860617912484,1.0956547671999258e-05
2013-08-16,1655.8299560546875,3211450000,-0.0033100676234782966,1.0956547671999258e-05,5.0764984277058116e-05,2.548352761249306e-05,21.889988385803576,3.502009595017753e-05
2013-08-19,1646.06005859375,2904530000,-0.00591777795715398,3.502009595017753e-05,5.750285139957302e-05,2.5929721478168856e-05,21.789537424487946,1.4545933121927424e-05
2013-08-20,1652.3499755859375,2994090000,0.003813913098371202,1.4545933121927424e-05,5.887500835907935e-05,2.6473259596663636e-05,21.819906182946283,3.359789900198825e-05
2013-08-21,1642.800048828125,2932180000,-0.005796369467346629,3.359789900198825e-05,6.020723689764545e-05,2.7812945512720375e-05,21.799012010969086,7.365830627909407e-05
2013-08-22,1656.9599609375,2537460000,0.008582441743413938,7.365830627909407e-05,3.3555756405037326e-05,3.100486704069736e-05,21.654429418037367,1.5517626827175927e-05
2013-08-23,1663.5,2582670000,0.003939241910212665,1.5517626827175927e-05,3.4467972236072656e-05,3.104744266480239e-05,21.672089584865066,1.6385002432394953e-05
2013-08-26,1656.780029296875,2430670000,-0.004047839230057804,1.6385002432394953e-05,3.0740953532516143e-05,3.14959027195263e-05,21.611432776871066,0.0002560492577031185
2013-08-27,1630.47998046875,3219190000,-0.016001539229184125,0.0002560492577031185,7.904161844875436e-05,4.310334608859825e-05,21.892395612373623,7.528862686676e-06
2013-08-28,1634.9599609375,2784010000,0.0027438773089691892,7.528862686676e-06,7.38278111856919e-05,4.2808735081721296e-05,21.74715817172535,3.847390644948285e-06
2013-08-29,1638.1700439453125,2527550000,0.00196147664909585,3.847390644948285e-06,5.9865628058862754e-05,4.297726707086461e-05,21.65051629145254,1.0108375745602398e-05
2013-08-30,1632.969970703125,2734300000,-0.0031793671926347855,1.0108375745602398e-05,5.8783777842548045e-05,4.343589278605075e-05,21.72914129892838,1.7268805466917896e-05
2013-09-03,1639.77001953125,3731610000,0.004155575226959307,1.7268805466917896e-05,5.896053844945264e-05,3.7161015516323495e-05,22.0401056131311,6.535409446427566e-05
2013-09-04,1653.0799560546875,3312150000,0.008084187928560027,6.535409446427566e-05,2.0821505801684068e-05,4.000953367409482e-05,21.920863362600862,1.4619990797351823e-06
2013-09-05,1655.0799560546875,2957110000,0.0012091315394675561,1.4619990797351823e-06,1.9608133080295904e-05,3.9976299256622756e-05,21.80747827732775,2.9625878639814145e-09
2013-09-06,1655.1700439453125,3123880000,5.442965978197378e-05,2.9625878639814145e-09,1.8839247468879045e-05,3.8479090811858733e-05,21.862341656214262,9.886885969517306e-05
2013-09-09,1671.7099609375,3102780000,0.009943282138970666,9.886885969517306e-05,3.6591344258793174e-05,4.231222410192316e-05,21.85556432109161,5.356688982007008e-05
2013-09-10,1683.989990234375,3691800000,0.00731894048480175,5.356688982007008e-05,4.385096112942361e-05,4.406352491844752e-05,22.029379981209644,9.288076739346773e-06
2013-09-11,1689.1300048828125,3135460000,0.0030476346138188504,9.288076739346773e-06,3.2637757584437836e-05,4.390433452871711e-05,21.866041731048885,1.146595647798916e-05
2013-09-12,1683.4200439453125,3106290000,-0.0033861418278018363,1.146595647798916e-05,3.463854906408863e-05,4.4365025262371025e-05,21.85669492531181,7.349529963127838e-06
2013-09-13,1687.989990234375,2736500000,0.002711001653103118,7.349529963127838e-06,3.61078625391414e-05,4.4349769882313396e-05,21.729945568913678,3.2228423190823805e-05
2013-09-16,1697.5999755859375,3079800000,0.005677008295821295,3.2228423190823805e-05,2.2779775238271554e-05,4.4590300195116396e-05,21.848130497083282,1.7714583280782418e-05
2013-09-17,1704.760009765625,2774240000,0.0042088695965523115,1.7714583280782418e-05,1.5609313930414022e-05,3.59902490377822e-05,21.743642673121094,0.00014650975870090298
2013-09-18,1725.52001953125,3989760000,0.01210412155841567,0.00014650975870090298,4.3053650322725266e-05,4.21517586300051e-05,22.10699691591378,3.4027489275094155e-06
2013-09-19,1722.3399658203125,3740130000,-0.0018446541484813395,3.4027489275094155e-06,4.1441008812629315e-05,4.0714606492611094e-05,22.04238620739442,5.2461830708719604e-05
2013-09-20,1709.9100341796875,5074030000,-0.007243053962847412,5.2461830708719604e-05,5.046346896174767e-05,4.243805638291983e-05,22.34740121079818,2.23800801668532e-05
2013-09-23,1701.8399658203125,3126950000,-0.004730758941951407,2.23800801668532e-05,4.849380035695355e-05,4.1928155526777325e-05,21.863323925847528,6.762712060163052e-06
2013-09-24,1697.4200439453125,3268930000,-0.0026005214977313784,6.762712060163052e-06,4.630342611282967e-05,3.88874466986441e-05,21.907728551488898,7.525284247614477e-06
2013-09-25,1692.77001953125,3148730000,-0.0027432251543784147,7.525284247614477e-06,1.8506531222171973e-05,3.852415839957312e-05,21.870265034201633,1.2105986704218824e-05
2013-09-26,1698.6700439453125,2813930000,0.0034793658479985723,1.2105986704218824e-05,2.0247178777513855e-05,3.832965768465603e-05,21.75784792006269,1.6663717275159846e-05
2013-09-27,1691.75,2951700000,-0.004082121663444127,1.6663717275159846e-05,1.3087556090801901e-05,2.744849675611245e-05,21.80564711284289,3.657201412289966e-05
2013-09-30,1681.550048828125,3308630000,-0.0060474799811904845,3.657201412289966e-05,1.5925942882011194e-05,2.876864000321353e-05,21.919800043677533,6.34687021811954e-05
2013-10-01,1695.0,3238690000,0.007966724683406312,6.34687021811954e-05,2.7267140906217665e-05,3.1478699618497486e-05,21.898434764311993,4.447447667268755e-07
2013-10-02,1693.8699951171875,3148600000,-0.0006668918703409688,4.447447667268755e-07,2.5851033010040143e-05,3.1039443664912235e-05,21.870223746862404,8.135990391072187e-05
2013-10-03,1678.6600341796875,3279650000,-0.00901997250055242,8.135990391072187e-05,3.970181645134075e-05,3.395267541235787e-05,21.91100254663667,4.9399344213218305e-05
2013-10-04,1690.5,2880270000,0.007028466704283254,4.9399344213218305e-05,4.6248941838952445e-05,3.322745949185526e-05,21.7811498770472,7.297853547783366e-05
2013-10-07,1676.1199951171875,2678490000,-0.008542747536819384,7.297853547783366e-05,5.3530246109939236e-05,3.6478211146314285e-05,21.70851904021877,0.0001539770748521575
2013-10-08,1655.449951171875,3569230000,-0.012408749931083207,0.0001539770748521575,7.163192064413167e-05,4.34770344310549e-05,21.995615723479993,3.29179573437727e-07
2013-10-09,1656.4000244140625,3577840000,0.0005737417306050929,3.29179573437727e-07,7.160880760547384e-05,3.8997958061885115e-05,21.998025103593175,0.00046637092769768936
2013-10-10,1692.56005859375,3362300000,0.02159562288283645,0.00046637092769768936,0.00014861101236286734,5.776177796541326e-05,21.935891100848902,3.9270220631114596e-05
2013-10-11,1703.199951171875,2944670000,0.006266595617328008,3.9270220631114596e-05,0.00014658518764644658,5.9124602687766344e-05,21.803262593781632,1.6535943588092823e-05
2013-10-14,1710.1400146484375,2580580000,0.004066441145288202,1.6535943588092823e-05,0.00013529666926849845,5.935505664731651e-05,21.67128001720387,5.025093818813472e-05
2013-10-15,1698.06005859375,3327740000,-0.007088789613758806,5.025093818813472e-05,0.00011455144193569386,6.13051206575441e-05,21.92555923215396,0.00018858991413798554
2013-10-16,1721.5400390625,3486180000,0.013732804307132085,0.00018858991413798554,0.00015220358884860343,6.841246115514235e-05,21.972072418109917,4.517606744831503e-05
2013-10-17,1733.1500244140625,3453590000,0.006721314413737467,4.517606744831503e-05,6.796461679872856e-05,6.966071043548475e-05,21.9626801069616,4.2607022086533415e-05
2013-10-18,1744.5,3664890000,0.0065274054636228485,4.2607022086533415e-05,6.863197708981233e-05,6.493785877119522e-05,22.022064158464904,8.414798278895469e-09
2013-10-21,1744.6600341796875,3052710000,9.173220960434492e-05,8.414798278895469e-09,6.532647133184954e-05,6.47835708562302e-05,21.839295557979167,3.273117102732518e-05
2013-10-22,1754.6700439453125,3850840000,0.005721116239627122,3.273117102732518e-05,6.182251789968763e-05,6.388672268889408e-05,22.071557143525776,2.242735875051831e-05
2013-10-23,1746.3800048828125,3713380000,-0.004735753240036722,2.242735875051831e-05,2.859000682219419e-05,6.388887171542431e-05,22.035208350292724,1.0580958595645074e-05
2013-10-24,1752.0699462890625,3671700000,0.0032528385443555408,1.0580958595645074e-05,2.1670985051660196e-05,6.406242837612805e-05,22.02392060729303,1.9230105270598625e-05
2013-10-25,1759.77001953125,3175720000,0.004385214392774728,1.9230105270598625e-05,1.6995601688473238e-05,6.459446569535459e-05,21.878800215550694,1.7657533417974239e-06
2013-10-28,1762.1099853515625,3282300000,0.0013288165192371082,1.7657533417974239e-06,1.7347069397176944e-05,6.412445508797181e-05,21.911810233419793,3.1009987717359136e-05
2013-10-29,1771.949951171875,3358460000,0.005568661214094384,3.1009987717359136e-05,1.7002832735183737e-05,6.477655828988996e-05,21.93474837281912,2.3891074636707078e-05
2013-10-30,1763.31005859375,3523040000,-0.004887849694569901,2.3891074636707078e-05,1.729557591242149e-05,6.420015194960848e-05,21.982590090484596,1.4797643802351707e-05
2013-10-31,1756.5400390625,3826530000,-0.0038467705679376962,1.4797643802351707e-05,1.8138912953762815e-05,6.198783111420648e-05,22.06522422450757,8.405444207960862e-06
2013-11-01,1761.6400146484375,3686290000,0.0028992144122090835,8.405444207960862e-06,1.5973980741235264e-05,6.234968108880804e-05,22.02788636944214,1.2703517206840016e-05
2013-11-04,1767.9300537109375,3194870000,0.00356419937809882,1.2703517206840016e-05,1.816153351424378e-05,5.922893623863159e-05,21.88481223568521,7.893463587776654e-06
2013-11-05,1762.969970703125,3516680000,-0.002809530848340458,7.893463587776654e-06,1.3538228688327286e-05,5.734230530111151e-05,21.980783199946742,1.8117525898682105e-05
2013-11-06,1770.489990234375,3322100000,0.0042564687122874645,1.8117525898682105e-05,1.2383518940722291e-05,5.484862304751372e-05,21.923862950333444,0.0001761044716193466
2013-11-07,1747.1500244140625,4143200000,-0.013270435999594987,0.0001761044716193466,4.464488450412127e-05,5.5854413809658676e-05,22.144734273315315,0.0001779078137860404
2013-11-08,1770.6099853515625,3837170000,0.013338208792264439,0.0001779078137860404,7.854535841973717e-05,6.392616991023153e-05,22.068000952937343,5.222520228080111e-07
2013-11-11,1771.8900146484375,2534060000,0.0007226700649729523,5.222520228080111e-07,7.610910538293077e-05,4.275123010682783e-05,21.653088596939142,5.632104087120567e-06
2013-11-12,1767.68994140625,3221030000,-0.0023732054456200302,5.632104087120567e-06,7.565683348279956e-05,4.1222224809373556e-05,21.892967021440235,6.500798143191493e-05
2013-11-13,1782.0,3327480000,0.008062752720499056,6.500798143191493e-05,8.503492458944612e-05,4.3425499256820014e-05,21.925481097997597,2.3286384673548142e-05
2013-11-14,1790.6199951171875,3139060000,0.004825596820451139,2.3286384673548142e-05,5.447130720028642e-05,4.219983773342971e-05,21.86718922930975,1.7750601525117607e-05
2013-11-15,1798.1800537109375,3254820000,0.00421314627388103,1.7750601525117607e-05,2.2439864748101867e-05,3.443441443284481e-05,21.903402811845933,1.3727413460918183e-05
2013-11-18,1791.530029296875,3168520000,-0.0037050524235047178,1.3727413460918183e-05,2.5080897035723903e-05,3.3004930160690405e-05,21.876530439158607,4.182251088443767e-06
2013-11-19,1787.8699951171875,3224450000,-0.0020450552776010156,4.182251088443767e-06,2.4790926435988544e-05,3.125834966077724e-05,21.89402823032457,1.3265883051734006e-05
2013-11-20,1781.3699951171875,3109140000,-0.003642235996161425,1.3265883051734006e-05,1.4442506759952359e-05,3.1860961854116106e-05,21.857611997887265,6.554044625966518e-05
2013-11-21,1795.8499755859375,3256630000,0.008095705420756438,6.554044625966518e-05,2.2893319077175766e-05,3.3352292546495196e-05,21.90395875562069,2.4494486605576857e-05
2013-11-22,1804.760009765625,3055140000,0.004949190500028955,2.4494486605576857e-05,2.4242096093267616e-05,3.3446252903543313e-05,21.840091255361195,1.598051929962695e-06
2013-11-25,1802.47998046875,2998540000,-0.001264140787239576,1.598051929962695e-06,2.181622378707652e-05,3.303793896419411e-05,21.821391340820693,2.2438013402594803e-08
2013-11-26,1802.75,3427120000,0.00014979323550345924,2.2438013402594803e-08,2.0984261172068287e-05,3.216486317977611e-05,21.95498609556665,6.160317434918789e-06
2013-11-27,1807.22998046875,2613590000,0.002481998677461128,6.160317434918789e-06,1.9563148048705242e-05,3.236461609309981e-05,21.68399059248624,6.177935745896392e-07
2013-11-29,1805.81005859375,1598300000,-0.0007859984571165768,6.177935745896392e-07,6.578617511690133e-06,3.098315272297393e-05,21.192206401964548,7.413223446496561e-06
2013-12-02,1800.9000244140625,3095430000,-0.0027227235347160317,7.413223446496561e-06,3.162364879874075e-06,3.0234159487055268e-05,21.85319266751976,1.0226922526089227e-05
2013-12-03,1795.1500244140625,3475680000,-0.003197955991893764,1.0226922526089227e-05,4.888138999099381e-06,3.0026399429043335e-05,21.969055980560608,1.7013118871760642e-06
2013-12-04,1792.81005859375,3610540000,-0.0013043434697870282,1.7013118871760642e-06,5.223913773854074e-06,2.9721666141734935e-05,22.00712318286906,1.891393854242089e-05
2013-12-05,1785.030029296875,3336880000,-0.004349015813080115,1.891393854242089e-05,7.774637995354496e-06,3.0003958020624976e-05,21.928302075925224,0.00012488498053615842
2013-12-06,1805.0899658203125,3150030000,0.011175194876876127,0.00012488498053615842,3.262807538766825e-05,3.532175424555142e-05,21.870677813865584,3.295863233685694e-06
2013-12-09,1808.3699951171875,3129500000,0.0018154512479506835,3.295863233685694e-06,3.1804603345106083e-05,3.4648042306233404e-05,21.86413908464857,1.0142472661019743e-05
2013-12-10,1802.6199951171875,3117150000,-0.0031847248956573537,1.0142472661019743e-05,3.178771337209218e-05,2.7104315080854904e-05,21.860184960089914,0.0001295362130275521
2013-12-11,1782.219970703125,3472240000,-0.011381397674607108,0.0001295362130275521,5.735469360016738e-05,2.4905605955469073e-05,21.968065756067492,1.427092949000892e-05
2013-12-12,1775.5,3306640000,-0.003777688379155819,1.427092949000892e-05,5.642609178968499e-05,2.5530545840341846e-05,21.919198405328856,1.028506033717992e-08
2013-12-13,1775.3199462890625,3061070000,-0.00010141528650642329,1.028506033717992e-08,3.1451152694520745e-05,2.5275008611851688e-05,21.84203036531857,3.969191685354061e-05
2013-12-16,1786.5400390625,3209890000,0.006300152129396608,3.969191685354061e-05,3.873036341849173e-05,2.4124278403743765e-05,21.88950250589994,9.646030514400779e-06
2013-12-17,1781.0,3270030000,-0.003105805936371553,9.646030514400779e-06,3.8631074989167934e-05,2.3504262305600703e-05,21.908064996431225,0.0002726100172437978
2013-12-18,1810.6500244140625,4327770000,0.016510906009174597,0.0002726100172437978,6.724583583241708e-05,3.508878120190435e-05,22.188318234980535,3.365130264288679e-07
2013-12-19,1809.5999755859375,3497210000,-0.0005800974283936,3.365130264288679e-07,6.445895253970107e-05,3.4480103909427566e-05,21.975231344983264,2.3108743430956457e-05
2013-12-20,1818.3199462890625,5097700000,0.004807155440690103,2.3108743430956457e-05,6.907864421382492e-05,3.534039901590541e-05,22.35205529475846,2.8132722425708394e-05
2013-12-23,1827.989990234375,2851540000,0.005304028886206069,2.8132722425708394e-05,6.676680532825848e-05,3.601616444199516e-05,21.771125036517883,8.47685731399224e-06
2013-12-24,1833.3199462890625,1307630000,0.0029115043043059785,8.47685731399224e-06,6.653297068817678e-05,3.342236494446457e-05,20.99148217611185,2.2413640245679183e-05
2013-12-26,1842.02001953125,1982270000,0.004734304621132779,2.2413640245679183e-05,1.649369528855305e-05,3.3327781019014674e-05,21.407508490115063,1.1332717002260509e-07
2013-12-27,1841.4000244140625,2052920000,-0.0003366410106071527,1.1332717002260509e-07,1.64490581172718e-05,3.326029352992649e-05,21.442529007346238,3.2137719280741956e-08
2013-12-30,1841.0699462890625,2293860000,-0.00017926996201467205,3.2137719280741956e-08,1.1833736974936654e-05,3.326073442564822e-05,21.5535018254565,1.561716860401238e-05
2013-12-31,1848.3599853515625,2312840000,0.003951856349111438,1.561716860401238e-05,9.330626210597452e-06,3.369059129697066e-05,21.561742044002838,7.923515369262308e-05
2014-01-02,1831.97998046875,3080600000,-0.008901413016629611,7.923515369262308e-05,2.348228548632362e-05,3.7264107665972174e-05,21.848390220479242,1.1090266684773979e-07
2014-01-03,1831.3699951171875,2774270000,-0.0003330205201601544,1.1090266684773979e-07,1.902173797055733e-05,3.693218399416996e-05,21.743653486835044,6.324859091703206e-06
2014-01-06,1826.77001953125,3294850000,-0.00251492725375968,6.324859091703206e-06,2.026404435489345e-05,3.6754817474425135e-05,21.915626480647674,3.6764157141282085e-05
2014-01-07,1837.8800048828125,3511750000,0.006063345375391549,3.6764157141282085e-05,2.7610448239293723e-05,3.8348583167793596e-05,21.97938032596005,4.504221105724112e-08
2014-01-08,1837.489990234375,3652140000,-0.00021223150345139885,4.504221105724112e-08,2.4496022960702693e-05,3.749090606182252e-05,22.01857913437699,1.2127704805993655e-07
2014-01-09,1838.1300048828125,3581150000,0.0003482485435144511,1.2127704805993655e-07,8.673247631790063e-06,3.181982863054532e-05,21.998949815105533,5.308556500946922e-06
2014-01-10,1842.3699951171875,3335710000,0.0023040304904551334,5.308556500946922e-06,9.7127783986099e-06,3.1911314688148105e-05,21.92795138750839,0.0001601734870061291
2014-01-13,1819.199951171875,3591350000,-0.01265596645879441,0.0001601734870061291,4.048250398149508e-05,3.8730906249289435e-05,22.00179401360625,0.00011577493411632852
2014-01-14,1838.8800048828125,3353270000,0.01075987611993412,0.00011577493411632852,5.628465937650437e-05,3.810539357150655e-05,21.933201826389833,2.655226643433449e-05
2014-01-15,1848.3800048828125,3777800000,0.005152889134683036,2.655226643433449e-05,6.158610422115981e-05,3.866363615988498e-05,22.0524076668267,1.8171808002154053e-06
2014-01-16,1845.8900146484375,3491310000,-0.0013480284864257897,1.8171808002154053e-06,6.192528497159091e-05,3.87457677844249e-05,21.973542861184107,1.5231694226302523e-05
2014-01-17,1838.699951171875,3626120000,-0.0039027803200157862,1.5231694226302523e-05,6.390991251666203e-05,3.7633939483186806e-05,22.01142904332605,7.672413832912896e-06
2014-01-21,1843.800048828125,3782470000,0.0027699122428179734,7.672413832912896e-06,3.3409697882018794e-05,3.754422963402827e-05,22.053643072597318,3.3028014720309406e-07
2014-01-22,1844.8599853515625,3374170000,0.0005747000497677845,3.3028014720309406e-07,1.0320767088193705e-05,2.5167877947819413e-05,21.939415205396607,7.973284075118056e-05
2014-01-23,1828.4599609375,3972250000,-0.008929324764570978,7.973284075118056e-05,2.095688195156292e-05,2.8776801935308127e-05,22.102598521984497,0.00044505899703993615
2014-01-24,1790.2900390625,4618450000,-0.02109642142734014,0.00044505899703993615,0.00010960524519950707,4.795635891753449e-05,22.253324988129094,2.3894712887465665e-05
2014-01-27,1781.56005859375,4045200000,-0.0048882218533394806,2.3894712887465665e-05,0.0001113378489317397,4.7763722120341635e-05,22.120796830239495,3.7477361136523715e-05
2014-01-28,1792.5,3437830000,0.006121875622431716,3.7477361136523715e-05,0.00011729883839246185,4.90819268395476e-05,21.958106295622276,0.00010530256710563776
2014-01-29,1774.199951171875,3964020000,-0.01026170390849579,0.00010530256710563776,0.0001382932957841488,5.284960533318208e-05,22.100524499062374,0.00012553061029463238
2014-01-30,1794.18994140625,3547510000,0.011204044372218114,0.00012553061029463238,0.00014745284969283916,5.855039092975526e-05,21.989511786162925,4.207196074347187e-05
2014-01-31,1782.5899658203125,4059690000,-0.006486290214249735,4.207196074347187e-05,6.685544243354631e-05,6.046129197630939e-05,22.124372453211407,0.0005334531488753382
2014-02-03,1741.8900146484375,4726040000,-0.023096604704487156,0.0005334531488753382,0.0001687671296311208,8.399929107955147e-05,22.276353479704085,5.794320903314847e-05
2014-02-04,1755.199951171875,4068410000,0.007612043683081993,5.794320903314847e-05,0.0001728602992104458,8.303147541321173e-05,22.126518096927224,4.1220466589015846e-06
2014-02-05,1751.6400146484375,3984290000,-0.0020302824086568805,4.1220466589015846e-06,0.00015262419512109855,8.321380014012326e-05,22.105624965435258,0.000152845115417133
2014-02-06,1773.4300537109375,3825410000,0.01236305445337571,0.000152845115417133,0.00015808709614559868,8.987381179127916e-05,22.064931488284415,0.00017461490996899565
2014-02-07,1797.02001953125,3775990000,0.013214193504296645,0.00017461490996899565,0.00018459568599070341,9.613975510162978e-05,22.051928437185904,2.4586390630291036e-06
2014-02-10,1799.8399658203125,3312160000,0.0015680048032544747,2.4586390630291036e-06,7.839678402824161e-05,9.624946404944668e-05,21.920866381783235,0.00012103027266682499
2014-02-11,1819.75,3699380000,0.011001375944254654,0.00012103027266682499,9.101419675497691e-05,0.00010174532748666327,22.031431075258325,7.252176166439824e-08
2014-02-12,1819.260009765625,3326380000,-0.00026929864772107237,7.252176166439824e-08,9.020429177552947e-05,0.00010150732590760498,21.925150462844563,3.356130503103917e-05
2014-02-13,1829.8299560546875,3289510000,0.005793211978776469,3.356130503103917e-05,6.63475296983107e-05,9.575222672691909e-05,21.914004454765383,2.301782344020558e-05
2014-02-14,1838.6300048828125,3114750000,0.004797689385548587,2.301782344020558e-05,3.602811239255269e-05,9.153599442345894e-05,21.8594147294643,1.3405086958206112e-06
2014-02-18,1840.760009765625,3421110000,0.001157803392558776,1.3405086958206112e-06,3.580448631911099e-05,9.039000543534467e-05,21.953230897058077,4.2848306353787865e-05
2014-02-19,1828.75,3661570000,-0.006545861773195938,4.2848306353787865e-05,2.0168093056503567e-05,9.225505659687071e-05,22.02115785440364,3.6160279927555595e-05
2014-02-20,1839.780029296875,3404980000,0.006013341826934138,3.6160279927555595e-05,2.7385644689681806e-05,9.320635594692767e-05,21.9485049031092,3.6885763461351163e-06
2014-02-21,1836.25,3403880000,-0.001920566673181412,3.6885763461351163e-06,2.1411098952700995e-05,9.30252724248014e-05,21.948181794685983,3.803750798998399e-05
2014-02-24,1847.6099853515625,4014530000,0.006167455552331447,3.803750798998399e-05,2.4415035862656675e-05,9.473923732674599e-05,22.113186116720886,1.8186968134825272e-06
2014-02-25,1845.1199951171875,3515560000,-0.0013485906767742861,1.8186968134825272e-06,2.451067348618906e-05,9.119768532957788e-05,21.9804646670158,4.708788082897085e-10
2014-02-26,1845.1600341796875,3716730000,2.1699742124958732e-05,4.708788082897085e-10,1.5941106391193146e-05,7.096775232225389e-05,22.03611008666704,2.4362925277948344e-05
2014-02-27,1854.2900390625,3547460000,0.004935881408416165,2.4362925277948344e-05,1.3581635461271698e-05,7.098903470363947e-05,21.989497691670636,7.721864386551303e-06
2014-02-28,1859.449951171875,3917450000,0.0027788242813375774,7.721864386551303e-06,1.4388293069354934e-05,6.963651212409527e-05,22.088706769126404,5.484685417903886e-05
2014-03-03,1845.72998046875,3428220000,-0.007405866200454803,5.484685417903886e-05,1.7750162307165908e-05,6.734307062743167e-05,21.955307013277256,0.0002295928824819363
2014-03-04,1873.9100341796875,3765770000,0.015152322676142305,0.0002295928824819363,6.330499944085667e-05,7.207317390867277e-05,22.049218192825666,2.846515896757271e-09
2014-03-05,1873.81005859375,3392990000,-5.335274966444814e-05,2.846515896757271e-09,6.330547456827436e-05,7.016094144378299e-05,21.94497737579456,2.947860632628761e-06
2014-03-06,1877.030029296875,3360450000,0.001716933496856754,2.947860632628761e-06,5.9022461639210445e-05,4.604706470547801e-05,21.9353407308229,2.893843680481306e-07
2014-03-07,1878.0400390625,3564740000,0.0005379445771156455,2.893843680481306e-07,5.753596563550981e-05,4.3426436311609815e-05,21.994356957157283,2.1469659683118337e-07
2014-03-10,1877.1700439453125,3021350000,-0.00046335364121929956,2.1469659683118337e-07,4.6609534119068276e-05,4.324882949060662e-05,21.8289695886481,2.5960013186847724e-05
2014-03-11,1867.6300048828125,3392400000,-0.005095096975215263,2.5960013186847724e-05,5.88296026005056e-06,3.748132484377547e-05,21.944803472746596,9.310085261405827e-08
2014-03-12,1868.199951171875,3270860000,0.00030512432320950467,9.310085261405827e-08,5.90101112739402e-06,2.9548515338485395e-05,21.908318784525566,0.00013853505852949789
2014-03-13,1846.3399658203125,3670990000,-0.011770091695883167,0.00013853505852949789,3.301845070676785e-05,3.573380713241579e-05,22.023727217676413,7.984955845963259e-06
2014-03-14,1841.1300048828125,3285460000,-0.0028257664174455854,7.984955845963259e-06,3.455756500235087e-05,3.059538364055844e-05,21.91277250982541,9.15412218919635e-05
2014-03-17,1858.8299560546875,2860490000,0.009567717695039057,9.15412218919635e-05,5.282287006137733e-05,3.4753051828299306e-05,21.77425877612401,5.1749064248839995e-05
2014-03-18,1872.25,2930190000,0.007193682245473454,5.1749064248839995e-05,5.7980680273775784e-05,3.557976815638117e-05,21.798333104630608,3.782895896556536e-05
2014-03-19,1860.77001953125,3289210000,-0.00615052509673486,3.782895896556536e-05,6.552785189636604e-05,3.625300158935206e-05,21.913913251613366,3.6268507861727525e-05
2014-03-20,1872.010009765625,3327540000,0.006022334087521841,3.6268507861727525e-05,4.5074541762811976e-05,3.784063791507511e-05,21.925499129498625,8.625852205358117e-06
2014-03-21,1866.52001953125,5270710000,-0.0029369801166092557,8.625852205358117e-06,4.520272103469095e-05,3.628507181741921e-05,22.385430915472515,2.3781041853219022e-05
2014-03-24,1857.43994140625,3409000000,-0.00487658095936272,2.3781041853219022e-05,3.1650685026942055e-05,3.572237917767664e-05,21.94968483039552,1.9309616292807224e-05
2014-03-25,1865.6199951171875,3200560000,0.004394270848822046,1.9309616292807224e-05,2.5162795435735502e-05,3.6432426447979915e-05,21.886591631753824,4.934973921998005e-05
2014-03-26,1852.56005859375,3480850000,-0.007024936954875827,4.934973921998005e-05,2.7466951486618435e-05,3.6946618776616095e-05,21.970542354068765,3.617190684296338e-06
2014-03-27,1849.0400390625,3733430000,-0.0019018913439774465,3.617190684296338e-06,2.09366880511322e-05,3.7028368498016726e-05,22.04059321936913,2.143217065484685e-05
2014-03-28,1857.6199951171875,2955520000,0.004629489243409779,2.143217065484685e-05,2.3497951741029945e-05,3.800253666965485e-05,21.806940445588644,6.229741869693673e-05
2014-03-31,1872.3399658203125,3274300000,0.00789287138479633,6.229741869693673e-05,3.120122710977349e-05,3.972683182506341e-05,21.909369943035273,4.920584835763122e-05
2014-04-01,1885.52001953125,3336190000,0.007014688044213457,4.920584835763122e-05,3.7180473522738286e-05,4.1612467460112496e-05,21.928095274557265,8.118304383427947e-06
2014-04-02,1890.9000244140625,3131660000,0.002849263831839366,8.118304383427947e-06,2.893418655542787e-05,3.9488442469402906e-05,21.864829052668874,1.2703210773884839e-06
2014-04-03,1888.77001953125,3055600000,-0.001127085213011192,1.2703210773884839e-06,2.846481263404629e-05,2.911014422374164e-05,21.840241809958748,0.00015917715538629076
2014-04-04,1865.0899658203125,3583750000,-0.012616542925314,0.00015917715538629076,5.6013809580335076e-05,3.634534008148682e-05,21.99967557544089,0.00011681961546929293
2014-04-07,1845.0400390625,3801540000,-0.010808312332149406,0.00011681961546929293,6.69182489348063e-05,4.1521328937698834e-05,22.05867208500276,1.4014076609026967e-05
2014-04-08,1851.9599609375,3721450000,0.003743537980176903,1.4014076609026967e-05,5.987989458508545e-05,4.214517858501605e-05,22.037379214499996,0.00011791873543036715
2014-04-09,1872.1800537109375,3308650000,0.010859039341966081,0.00011791873543036715,8.18399807944733e-05,4.74953621683586e-05,21.91980608845726,0.0004454618741316415
2014-04-10,1833.0799560546875,3758780000,-0.021105967737387488,0.0004454618741316415,0.0001706782914053239,6.656362857494014e-05,22.04736027387799,9.086016288497612e-05
2014-04-11,1815.68994140625,3743460000,-0.00953205973989757,9.086016288497612e-05,0.00015701489290506095,7.068940412186568e-05,22.043276154657402,6.69730790964972e-05
2014-04-14,1830.6099853515625,3111540000,0.008183708150740543,6.69730790964972e-05,0.00014704558563050183,6.74365868749111e-05,21.858383617748213,4.535456128027612e-05
2014-04-15,1842.97998046875,3736440000,0.0067345795177038426,4.535456128027612e-05,0.00015331368256475165,6.913520530374351e-05,22.041399123665215,0.00010886560037228865
2014-04-16,1862.31005859375,3155080000,0.010433867948766107,0.00010886560037228865,0.00015150305555313597,6.99226770528492e-05,21.872279689511927,1.857561031359485e-06
2014-04-17,1864.8499755859375,3341430000,0.0013629237070942324,1.857561031359485e-06,6.278219293307956e-05,6.765488145205463e-05,21.929664696319502,1.4197941980635263e-05
2014-04-21,1871.8900146484375,2642500000,0.0037680156555719435,1.4197941980635263e-05,4.744974875221138e-05,6.658074431637599e-05,21.694991276087098,1.667733256490014e-05
2014-04-22,1879.550048828125,3215440000,0.00408378899612849,1.667733256490014e-05,3.739059944589197e-05,6.569023634833838e-05,21.89123004405862,4.909622789052583e-06
2014-04-23,1875.3900146484375,3085720000,-0.0022157668625224503,4.909622789052583e-06,2.9301611747647272e-05,6.55213168294154e-05,21.850050854755427,2.9429000227987793e-06
2014-04-24,1878.6099853515625,3191830000,0.0017154882753311895,2.9429000227987793e-06,8.117071677749294e-06,6.45741285643963e-05,21.883860257283644,6.60862459586967e-05
2014-04-25,1863.4000244140625,3213020000,-0.008129344743501576,6.60862459586967e-05,2.096280866321674e-05,6.670033900375491e-05,21.8904771420841,1.0438140767746884e-05
2014-04-28,1869.4300537109375,4034680000,0.003230811162501901,1.0438140767746884e-05,2.0210848420639063e-05,6.493162998319886e-05,22.11819282969941,2.2557375085077046e-05
2014-04-29,1878.3299560546875,3647820000,0.004749460504633873,2.2557375085077046e-05,2.1386856924674443e-05,6.579254745596161e-05,22.017395566110007,8.925453823620082e-06
2014-04-30,1883.949951171875,3779230000,0.002987549802701217,8.925453823620082e-06,2.219002313158794e-05,6.522406032726949e-05,22.05278612238839,2.052679272404111e-08
2014-05-01,1883.6800537109375,3416740000,-0.00014327174433237388,2.052679272404111e-08,2.1605548485572994e-05,6.239329251344165e-05,21.951952717339694,1.8207589966396413e-06
2014-05-02,1881.1400146484375,3159560000,-0.0013493550298715462,1.8207589966396413e-06,8.752451093161582e-06,6.023942481521475e-05,21.873698614660544,3.4949090414204585e-06
2014-05-05,1884.6600341796875,2733730000,0.0018694675823400786,3.4949090414204585e-06,7.363804747896297e-06,6.0029270481487133e-05,21.728932814336357,8.152340914162673e-05
2014-05-06,1867.719970703125,3327260000,-0.009029031461991188,8.152340914162673e-05,1.9157011559206235e-05,6.367713812077069e-05,21.92541497971198,3.136845512540557e-05
2014-05-07,1878.2099609375,3632950000,0.005600754871033509,3.136845512540557e-05,2.3645611819563333e-05,5.786765174527592e-05,22.0133108276355,1.8894405757231268e-06
2014-05-08,1875.6300048828125,3393420000,-0.001374569232786449,1.8894405757231268e-06,2.401939457616315e-05,5.2643552886477294e-05,21.94510409964427,2.305305324106869e-06
2014-05-09,1878.47998046875,3025020000,0.0015183231948787679,2.305305324106869e-06,2.41163038416566e-05,5.211133600989002e-05,21.830183540308184,9.266480789505499e-05
2014-05-12,1896.6500244140625,3005740000,0.009626256172316161,9.266480789505499e-05,4.19502836123835e-05,5.0963430212830366e-05,21.82378963118979,1.7780456701184985e-07
2014-05-13,1897.449951171875,2915680000,0.00042166878828275856,1.7780456701184985e-07,2.568116269746053e-05,3.072324523261993e-05,21.793368906044993,2.220378806874427e-05
2014-05-14,1888.530029296875,2822060000,-0.00471208956501723,2.220378806874427e-05,2.3848229286128264e-05,2.7602500922791203e-05,21.760732952022018,8.847103351736487e-05
2014-05-15,1870.8499755859375,3552640000,-0.009405904183934943,8.847103351736487e-05,4.116454787445661e-05,2.8579680669194282e-05,21.990956826307496,1.398732188750922e-05
2014-05-16,1877.8599853515625,3173650000,0.003739962819000908,1.398732188750922e-05,4.3500951187137085e-05,2.715389706043215e-05,21.878148182333955,1.4725747663339582e-05
2014-05-19,1885.0799560546875,2664250000,0.003837414189703736,1.4725747663339582e-05,2.7913139140794e-05,2.2874812846389012e-05,21.70318842944068,4.250524425173158e-05
2014-05-20,1872.8299560546875,3007700000,-0.006519604608542728,4.250524425173158e-05,3.6378627077737944e-05,2.4722434810951375e-05,21.824441504350162,6.534039441084283e-05
2014-05-21,1888.030029296875,2777140000,0.00808334054774651,6.534039441084283e-05,4.500594834615766e-05,2.7047091739597178e-05,21.74468745847636,5.566976907970172e-06
2014-05-22,1892.489990234375,2759800000,0.002359444194714122,5.566976907970172e-06,2.8425137024278723e-05,2.6542075573373085e-05,21.738424050644074,1.7972452312213485e-05
2014-05-23,1900.530029296875,2396280000,0.004239392917884999,1.7972452312213485e-05,2.922216310921957e-05,2.7135840551698584e-05,21.597183372224887,3.564030552812874e-05
2014-05-27,1911.9100341796875,2911020000,0.005969950211528463,3.564030552812874e-05,3.3405074682177403e-05,2.8622086256486306e-05,21.791769372521056,1.2425399270329547e-06
2014-05-28,1909.780029296875,2976450000,-0.001114692750058488,1.2425399270329547e-06,2.5152533817237683e-05,2.5674645073228868e-05,21.813997152499617,2.8652025243955048e-05
2014-05-29,1920.030029296875,2709050000,0.0053527586573611785,2.8652025243955048e-05,1.7814859983860124e-05,2.6502548913056506e-05,21.719863857243375,3.392891952768679e-06
2014-05-30,1923.5699462890625,3263490000,0.0018419804431015763,3.392891952768679e-06,1.7380042992819824e-05,2.5631436043406127e-05,21.90606301214639,5.293455384709785e-07
2014-06-02,1924.969970703125,2509020000,0.0007275613640587153,5.293455384709785e-07,1.3891421638071325e-05,2.524979475771753e-05,21.643158076000795,1.4385974312224444e-07
2014-06-03,1924.239990234375,2867180000,-0.00037928846953505513,1.4385974312224444e-07,6.792132481070024e-06,2.525540080091745e-05,21.776594805622903,3.5716335872776055e-06
2014-06-04,1927.8800048828125,2793920000,0.0018898766063628614,3.5716335872776055e-06,7.2579512131189545e-06,2.5334986009582808e-05,21.750711464944636,4.230308421931592e-05
2014-06-05,1940.4599609375,3113270000,0.006504082119662691,4.230308421931592e-05,9.98816300819113e-06,2.7098993972214422e-05,21.858939458020924,2.1317460489394245e-05
2014-06-06,1949.43994140625,2864300000,0.004617083548019707,2.1317460489394245e-05,1.3573076715516242e-05,2.4362359942567496e-05,21.775589829511535,8.804647962351721e-07
2014-06-09,1951.27001953125,2812180000,0.0009383308564867576,8.804647962351721e-07,1.3643300567069082e-05,2.297654220033247e-05,21.757225820581585,6.052283007736755e-08
2014-06-10,1950.7900390625,2702360000,-0.0002460138818793922,6.052283007736755e-08,1.3626633184460104e-05,2.2893409575530395e-05,21.717391302620527,1.2555053917525795e-05
2014-06-11,1943.8900146484375,2710620000,-0.003543311151666728,1.2555053917525795e-05,1.5423317250509742e-05,2.3359307238867622e-05,21.720443228328087,5.0610974976354186e-05
2014-06-12,1930.1099853515625,3040480000,-0.007114139088909788,5.0610974976354186e-05,1.7084895401917397e-05,2.144776937892667e-05,21.835281234966217,9.79476670232862e-06
2014-06-13,1936.1600341796875,2598230000,0.0031296591990708222,9.79476670232862e-06,1.4780356644504274e-05,2.1884904021441072e-05,21.67809628129936,6.994902393352152e-07
2014-06-16,1937.780029296875,2926130000,0.0008363553307866312,6.994902393352152e-07,1.4744161733124282e-05,2.0907435938286116e-05,21.796946568154098,4.70982205595021e-06
2014-06-17,1941.989990234375,2971260000,0.002170212444888797,4.70982205595021e-06,1.5674021578298846e-05,1.710010814458545e-05,21.812251942556447,5.912446038483048e-05
2014-06-18,1956.97998046875,3065220000,0.007689243160729831,5.912446038483048e-05,2.4987902871759784e-05,1.915179625810005e-05,21.843385182225195,1.6298691692200345e-06
2014-06-19,1959.47998046875,2952150000,0.0012766632951644041,1.6298691692200345e-06,1.5191681710332953e-05,1.855652905382189e-05,21.805799555740567,2.987931758586185e-06
2014-06-20,1962.8699951171875,4336240000,0.0017285634956767382,2.987931758586185e-06,1.3830314721584468e-05,1.6760287576860734e-05,22.19027345033609,1.754905675516227e-08
2014-06-23,1962.6099853515625,2717630000,-0.00013247285289885724,1.754905675516227e-08,1.3693926485068456e-05,1.3791067333493115e-05,21.723026014269877,4.168131112149682e-05
2014-06-24,1949.97998046875,3089700000,-0.006456106498617942,4.168131112149682e-05,2.1088224298177778e-05,1.543262797956251e-05,21.851339836087796,2.3868671330670724e-05
2014-06-25,1959.530029296875,3106710000,0.004885557422717568,2.3868671330670724e-05,1.4037066487345827e-05,1.5700637934946925e-05,21.85683012569826,1.391407626110773e-06
2014-06-26,1957.219970703125,2778840000,-0.0011795794276396876,1.391407626110773e-06,1.3989374178723976e-05,1.4143869848491564e-05,21.74529941174201,3.6444537210507535e-06
2014-06-27,1960.9599609375,4290590000,0.001909045238083884,3.6444537210507535e-06,1.4120678571216892e-05,1.4253047748219646e-05,22.17969008980067,1.3862664804311076e-07
2014-06-30,1960.22998046875,3037350000,-0.00037232599700143254,1.3862664804311076e-07,1.4144894089474482e-05,1.2956984175678195e-05,21.834251262006898,4.429665058492125e-05
2014-07-01,1973.3199462890625,3188240000,0.006655572896822726,4.429665058492125e-05,1.4667961982159367e-05,1.4816245931685129e-05,21.88273487766312,4.3374879016753315e-07
2014-07-02,1974.6199951171875,2851480000,0.0006585960751230857,4.3374879016753315e-07,9.980977474058727e-06,1.4811900624944064e-05,21.771103995034608,2.9861309190752585e-05
2014-07-03,1985.43994140625,1998090000,0.005464550227672227,2.9861309190752585e-05,1.567495778698709e-05,1.616269378165453e-05,21.4154575617038,1.545464050223893e-05
2014-07-07,1977.6500244140625,2681260000,-0.0039312390543235765,1.545464050223893e-05,1.8036995143224723e-05,1.6702830459607322e-05,21.709552670610336,5.003811140297387e-05
2014-07-08,1963.7099609375,3302430000,-0.007073762181680543,5.003811140297387e-05,2.8016892094210878e-05,1.7054422604319045e-05,21.917924398375334,2.1469475649324632e-05
2014-07-09,1972.8299560546875,2858800000,0.004633516553258943,2.1469475649324632e-05,2.3451457107091554e-05,1.706133238431588e-05,21.773667793659897,1.7136522664784736e-05
2014-07-10,1964.6800537109375,3165690000,-0.0041396283244736765,1.7136522664784736e-05,2.6792011882014995e-05,1.780024410561359e-05,21.875636878576497,2.1604354992241192e-06
2014-07-11,1967.5699462890625,2684630000,0.0014698419980474497,2.1604354992241192e-06,2.12518371437093e-05,1.7895694681483897e-05,21.710808753177,2.3346878085092064e-05
2014-07-14,1977.0999755859375,2744920000,0.004831860726996595,2.3346878085092064e-05,2.283028466027993e-05,1.8386232143646e-05,21.733017767949526,3.740218950069401e-06
2014-07-15,1973.280029296875,3328740000,-0.0019339645679457007,3.740218950069401e-06,1.3570706169699034e-05,1.6255743233360327e-05,21.92585969125764,1.7575253600448133e-05
2014-07-16,1981.5699462890625,3390950000,0.004192285009448682,1.7575253600448133e-05,1.2791861759923735e-05,1.6609401728729397e-05,21.944375955363103,0.000141719642288531
2014-07-17,1958.1199951171875,3381680000,-0.01190460592747744,0.000141719642288531,3.770848568467299e-05,2.3019408640056476e-05,21.941638464672998,0.00010429738053764418
2014-07-18,1978.219970703125,3106060000,0.010212608899671238,0.00010429738053764418,5.8135874692357e-05,2.754611584376984e-05,21.856620879258376,5.396080088332838e-06
2014-07-21,1973.6300048828125,2611160000,-0.002322946423904959,5.396080088332838e-06,5.454571509300516e-05,2.5103916739383587e-05,21.683060404372252,2.5036124713531195e-05
2014-07-22,1983.530029296875,2890480000,0.005003611167300193,2.5036124713531195e-05,5.880489624569752e-05,2.616783744594318e-05,21.7846884155907,3.0726611340518453e-06
2014-07-23,1987.010009765625,2869720000,0.0017529007770127336,3.0726611340518453e-06,5.590437775241826e-05,2.617168878119162e-05,21.777480301331416,2.3817993040499016e-07
2014-07-24,1987.97998046875,3203530000,0.00048803681255105147,2.3817993040499016e-07,2.760808528079306e-05,2.6181717457266613e-05,21.887519164068955,2.3628796463190107e-05
2014-07-25,1978.3399658203125,2638960000,-0.00486094604610976,2.3628796463190107e-05,1.1474368465902243e-05,2.5361148609161764e-05,21.693650737475128,8.300932754491504e-08
2014-07-28,1978.9100341796875,2803320000,0.00028811339355350185,8.300932754491504e-08,1.041175431374466e-05,2.4279982154474224e-05,21.754070266366,2.059406492754832e-05
2014-07-29,1969.949951171875,3183300000,-0.004538068413713958,2.059406492754832e-05,9.523342356548084e-06,2.5152830213630477e-05,21.88118423182607,3.710140103326333e-09
2014-07-30,1970.0699462890625,3448250000,6.0910919409629116e-05,3.710140103326333e-09,8.909552157758381e-06,2.4987341869041956e-05,21.961132693209905,0.0004081180628044991
2014-07-31,1930.6700439453125,4193000000,-0.020201932155229585,0.0004081180628044991,9.04855287325772e-05,4.3531861694335406e-05,22.15668230537353,8.198007187169812e-06
2014-08-01,1925.1500244140625,3789660000,-0.00286321623129826,8.198007187169812e-06,8.739937087737315e-05,4.189101426716489e-05,22.05554214251793,5.131307390450903e-05
2014-08-04,1938.989990234375,3072920000,0.00716331444964613,5.131307390450903e-05,9.764538379276596e-05,4.420371086327133e-05,21.845894086888993,9.47250443582613e-05
2014-08-05,1920.2099609375,3462520000,-0.009732679197336225,9.47250443582613e-05,0.00011247157967890855,4.715206246179444e-05,21.965262484905278,2.4456037902021983e-10
2014-08-06,1920.239990234375,3539150000,1.563842636009838e-05,2.4456037902021983e-10,0.00011247088656296368,4.6449589918982636e-05,21.987152422548558,3.104847055172019e-05
2014-08-07,1909.5699462890625,3230520000,-0.0055721154467329725,3.104847055172019e-05,3.705696811240793e-05,4.558642442574383e-05,21.895908952244984,0.0001314559144328533
2014-08-08,1931.5899658203125,2902280000,0.011465422557972005,0.0001314559144328533,6.170854956154463e-05,5.0585808006813304e-05,21.7887624722812,7.593469283043242e-06
2014-08-11,1936.9200439453125,2784890000,0.0027556250258413684,7.593469283043242e-06,5.296462863725146e-05,5.0152032853097796e-05,21.747474212597698,2.682986258045434e-06
2014-08-12,1933.75,2611700000,-0.0016379823741559107,2.682986258045434e-06,3.4556217017208294e-05,5.017578516031695e-05,21.683267187629593,4.4686111214816015e-05
2014-08-13,1946.719970703125,2718020000,0.006684767102511202,4.4686111214816015e-05,4.349339034809569e-05,5.114575030257713e-05,21.723169511367935,1.8804349988130272e-05
2014-08-14,1955.1800537109375,2609460000,0.004336398273697917,1.8804349988130272e-05,4.104456623537771e-05,5.183048353157988e-05,21.682409140706465,3.766867004412944e-09
2014-08-15,1955.06005859375,3023380000,-6.137480757129055e-05,3.766867004412944e-09,1.475413672220793e-05,5.1031779589150626e-05,21.82964124811863,7.217323513552058e-05
2014-08-18,1971.739990234375,2638160000,0.00849548321965976,7.217323513552058e-05,2.76700898927034e-05,4.78705792640138e-05,21.693347541790427,2.4882041263844538e-05
2014-08-19,1981.5999755859375,2656430000,0.004988190179197716,2.4882041263844538e-05,3.210990089386322e-05,4.426079111520471e-05,21.700248953423404,6.124379061953452e-06
2014-08-20,1986.510009765625,2579560000,0.0024747482825437928,6.124379061953452e-06,2.4397554463290707e-05,4.429389561400565e-05,21.67088467908789,8.676248780308414e-06
2014-08-21,1992.3699951171875,2638920000,0.002945547280270411,8.676248780308414e-06,2.2371934221726335e-05,4.355026488976826e-05,21.693635579873973,3.978329106796182e-06
2014-08-22,1988.4000244140625,2301860000,-0.0019945749188226003,3.978329106796182e-06,2.3166846669684688e-05,4.359143161580209e-05,21.556983329149976,2.2813556230363577e-05
2014-08-25,1997.9200439453125,2233880000,0.004776353863603866,2.2813556230363577e-05,1.3294910888653286e-05,4.4617585083982026e-05,21.52700582128949,1.1036109597412647e-06
2014-08-26,2000.02001953125,2451950000,0.0010505288952433744,1.1036109597412647e-06,8.539224827832632e-06,4.3593713015643436e-05,21.620149463703175,2.498604523288751e-09
2014-08-27,2000.1199951171875,2344350000,4.998604328498857e-05,2.498604523288751e-09,7.314848736346599e-06,4.3590053437324276e-05,21.575274015347144,2.8605990122679767e-06
2014-08-28,1996.739990234375,2282400000,-0.0016913305449461902,2.8605990122679767e-06,6.1517187827385116e-06,4.278398680481154e-05,21.548493358301698,1.0988657008742721e-05
2014-08-29,2003.3699951171875,2259130000,0.003314914329020091,1.0988657008742721e-05,7.55378436312782e-06,4.328330257156787e-05,21.538245620806556,2.9616911474985704e-07
2014-09-02,2002.280029296875,2819980000,-0.0005442142177027876,2.9616911474985704e-07,3.050306940005076e-06,2.474594376748836e-05,21.759995630027316,6.075341226695409e-07
2014-09-03,2000.719970703125,2809980000,-0.0007794447528013393,6.075341226695409e-07,2.951091572590731e-06,2.4400922264556527e-05,21.75644320318489,2.3580649175152684e-06
2014-09-04,1997.6500244140625,3072410000,-0.001535599204713023,2.3580649175152684e-06,3.422204835189127e-06,2.217569458332954e-05,21.845728107193516,2.5233017505377977e-05
2014-09-05,2007.7099609375,2818300000,0.005023247704959211,2.5233017505377977e-05,7.896688533811126e-06,1.9016966090016663e-05,21.759399703592614,9.473135102933792e-06
2014-09-08,2001.5400390625,2789090000,-0.0030778458543165854,9.473135102933792e-06,7.593584152649341e-06,1.944755202376915e-05,21.74898121506034,4.311920503921429e-05
2014-09-09,1988.43994140625,2882830000,-0.006566521532684888,4.311920503921429e-05,1.615819133754223e-05,1.99962217732007e-05,21.782038287856484,1.3245549720257553e-05
2014-09-10,1995.68994140625,2912430000,0.00363944360036772,1.3245549720257553e-05,1.868579445705983e-05,1.462302337717362e-05,21.792253621557993,7.770718064879602e-07
2014-09-11,1997.449951171875,2941690000,0.0008815167647231448,7.770718064879602e-07,1.836959583485437e-05,1.431318712823929e-05,21.802250083417476,3.576524984881901e-05
2014-09-12,1985.5400390625,3206570000,-0.005980405492006291,3.576524984881901e-05,2.0476042303542578e-05,1.5816926382365362e-05,21.888467667283244,5.046734853278531e-07
2014-09-15,1984.1300048828125,2776530000,-0.0007104037481093783,5.046734853278531e-07,1.868234998002139e-05,1.3808679212843174e-05,21.74446778391801,5.559950148115802e-05
2014-09-16,1998.97998046875,3160310000,0.00745650732455605,5.559950148115802e-05,2.1178409268410133e-05,1.548118609888989e-05,21.873935961315865,1.67652019283315e-06
2014-09-17,2001.5699462890625,3209420000,0.0012948050790884125,1.67652019283315e-06,1.886460336292525e-05,1.555722034097301e-05,21.889356072716097,2.380715011469546e-05
2014-09-18,2011.3599853515625,3235340000,0.00487925712733972,2.380715011469546e-05,2.347061902456675e-05,1.3358761930935506e-05,21.897399860149374,2.2789501600473994e-07
2014-09-19,2010.4000244140625,4880220000,-0.00047738351040305105,2.2789501600473994e-07,1.63631480580039e-05,1.2238118919670063e-05,22.30845613796743,6.473172007426134e-05
2014-09-22,1994.2900390625,3349670000,-0.008045602530218687,6.473172007426134e-05,2.9208557375790598e-05,1.4902088965684057e-05,21.93212767076706,3.35617464850873e-05
2014-09-23,1982.77001953125,3279350000,-0.0057932500796260555,3.35617464850873e-05,2.4801006376576447e-05,1.603324795226491e-05,21.91091106927728,6.087084134257917e-05
2014-09-24,1998.300048828125,3313850000,0.007801976758654128,6.087084134257917e-05,3.663987060652565e-05,1.8619271235709598e-05,21.921376492705537,0.0002657197732786069
2014-09-25,1965.989990234375,3273050000,-0.016300913265170358,0.0002657197732786069,8.502239523930796e-05,2.9660462919720657e-05,21.908988109159033,7.29189805438814e-05
2014-09-26,1982.8499755859375,2929440000,0.008539261124001385,7.29189805438814e-05,9.95606123448833e-05,3.292479790081794e-05,21.79807711576993,6.5027593728549555e-06
2014-09-29,1977.800048828125,3094440000,-0.002550050856915398,6.5027593728549555e-06,8.791482020460202e-05,3.322026429937847e-05,21.852872790039903,7.783076350917484e-06
2014-09-30,1972.2900390625,3951100000,-0.002789816544312096,7.783076350917484e-06,8.275908617776804e-05,3.344401326931708e-05,22.097259858356555,0.00017787839945975842
2014-10-01,1946.1600341796875,4188590000,-0.01333710611263772,0.00017787839945975842,0.0001061605978012039,4.102991065345416e-05,22.155629998972024,2.6453825491487014e-11
2014-10-02,1946.1700439453125,4012510000,5.1433282504120825e-06,2.6453825491487014e-11,5.301664843624761e-05,4.101644962341214e-05,22.1126828178605,0.00012329072184768383
2014-10-03,1967.9000244140625,3560970000,0.011103635523903144,0.00012329072184768383,6.309099669700811e-05,4.659295815636734e-05,21.993298816887556,2.4535651053767324e-06
2014-10-06,1964.8199462890625,3358220000,-0.0015663860013983566,2.4535651053767324e-06,6.228115784351245e-05,4.659729907399741e-05,21.93467690894112,0.0002323069381309759
2014-10-07,1935.0999755859375,3687870000,-0.015241618619128872,0.0002323069381309759,0.00010718593019952414,5.600975001152458e-05,22.02831489283294,0.00029966890328054954
2014-10-08,1968.8900146484375,4441890000,0.017310947498058837,0.00029966890328054954,0.00013154403096368237,6.920046674687076e-05,22.21434579871716,0.000435884556081318
2014-10-09,1928.2099609375,4344020000,-0.020877848454314396,0.000435884556081318,0.00021872093688918084,8.705343724878456e-05,22.192066023849215,0.00013264313233014817
2014-10-10,1906.1300048828125,4550540000,-0.01151708002621099,0.00013264313233014817,0.00022059141898567373,9.248060009468869e-05,22.238511744405635,0.00027572712765688167
2014-10-13,1874.739990234375,4352580000,-0.016605033202522712,0.00027572712765688167,0.00027524613149597474,0.00010497832990607022,22.194034609908694,2.488883857458207e-06
2014-10-14,1877.699951171875,4812010000,0.001577619680866782,2.488883857458207e-06,0.0002292825206412712,0.00010346576781555381,22.294380713402486,6.615058070081707e-05
2014-10-15,1862.489990234375,6090800000,-0.008133300726077763,6.615058070081707e-05,0.0001825788561253247,0.00010644967268898515,22.530045273095034,2.101548920402093e-08
2014-10-16,1862.760009765625,5073150000,0.0001449672004421032,2.101548920402093e-08,9.54061480069019e-05,0.00010392337787116903,22.347227763593725,0.0001638864257432893
2014-10-17,1886.760009765625,4482120000,0.012801813377146587,0.0001638864257432893,0.00010165480668953013,0.00011129655539618977,22.22336198595156,8.283031465303798e-05
2014-10-20,1904.010009765625,3331210000,0.009101116121280839,8.283031465303798e-05,6.307544408876139e-05,0.00011397942651156897,21.92660143860184,0.0003757926021294342
2014-10-21,1941.280029296875,3987090000,0.01938537082775138,0.0003757926021294342,0.0001377361877431566,0.0001310505495621794,22.106327478705094,5.367175090407651e-05
2014-10-22,1927.1099853515625,3761930000,-0.0073261006616123225,5.367175090407651e-05,0.00013524042178380847,0.00013054782369080738,22.048197960794084,0.000149531460820903
2014-10-23,1950.8199462890625,3789250000,0.012228305721599497,0.000149531460820903,0.00016514251085014827,0.00013581917434243537,22.055433947539946,4.940248558621522e-05
2014-10-24,1964.5799560546875,3078380000,0.007028690175716612,4.940248558621522e-05,0.00014224572281873346,0.0001352978854444188,21.847669321857907,2.2580979096710525e-06
2014-10-27,1961.6300048828125,3538860000,-0.0015026968788385275,2.2580979096710525e-06,0.00012613127947006008,0.00012332235474583084,21.987070478612317,0.0001408580774931002
2014-10-28,1985.050048828125,3653260000,0.01186836456691065,0.0001408580774931002,7.914437454279326e-05,0.00012641049551624986,22.018885756877733,1.9218720259115127e-06
2014-10-29,1982.300048828125,3740350000,-0.0013863159906426503,1.9218720259115127e-06,6.879439876716026e-05,0.00012620227336411607,22.042445027149302,3.857400245419084e-05
2014-10-30,1994.6500244140625,3586150000,0.006210797247873323,3.857400245419084e-05,4.660290709381783e-05,0.00012760186091426485,22.00034504086969,0.0001360282336154757
2014-10-31,2018.050048828125,4292290000,0.011663114233148697,0.0001360282336154757,6.392805669966993e-05,0.00012569958064861565,22.18008622723282,1.4144087155939979e-08
2014-11-03,2017.81005859375,3555440000,-0.00011892891639941894,1.4144087155939979e-08,6.347926593516689e-05,0.00012570022235922158,21.99174466216304,8.030724257644075e-06
2014-11-04,2012.0999755859375,3956260000,-0.002833853252665719,8.030724257644075e-06,3.691379528807568e-05,0.00012046113155967431,22.09856497175246,3.2311392235991614e-05
2014-11-05,2023.5699462890625,3766590000,0.005684311060805136,3.2311392235991614e-05,4.29916993300917e-05,0.00012181830552015681,22.049435920072643,1.4200866026582544e-05
2014-11-06,2031.2099609375,3669770000,0.0037684036443277336,1.4200866026582544e-05,3.811707204457004e-05,0.00011190439315177529,22.023394827021793,1.22167814251346e-07
2014-11-07,2031.9200439453125,3704280000,0.0003495251267811028,1.22167814251346e-07,1.0935858884325168e-05,9.828863244876174e-05,22.03275474509571,9.705262438795538e-06
2014-11-10,2038.260009765625,3284940000,0.0031153270195591887,9.705262438795538e-06,1.287408255465309e-05,7.891684637410162e-05,21.912614224180416,4.850448733300055e-07
2014-11-11,2039.6800537109375,2958320000,0.0006964516302874202,4.850448733300055e-07,1.1364946677790275e-05,7.290966058060988e-05,21.8078873769254,4.919094671069081e-07
2014-11-12,2038.25,3246650000,-0.0007013625789182854,4.919094671069081e-07,5.001050124013333e-06,6.0398968844711035e-05,21.900889532757354,2.8058678146686674e-07
2014-11-13,2039.3299560546875,3455270000,0.0005297044284002794,2.8058678146686674e-07,2.216994274990198e-06,6.029859170489325e-05,21.96316643901425,5.771590555176066e-08
2014-11-14,2039.8199462890625,3227130000,0.0002402413485471655,5.771590555176066e-08,2.2041038932502807e-06,5.729437057783574e-05,21.8948590346092,5.403555110384707e-07
2014-11-17,2041.3199462890625,3152890000,0.0007350887776578219,5.403555110384707e-07,3.711225076988674e-07,5.7317976942464575e-05,21.871585329809108,2.622309810317199e-05
2014-11-18,2051.800048828125,3416190000,0.005120849353688506,2.622309810317199e-05,5.518733153667264e-06,5.106055295882287e-05,21.95179173222759,2.2568658566562195e-06
2014-11-19,2048.719970703125,3390850000,-0.001502286875618708,2.2568658566562195e-06,5.871724431577126e-06,4.739812346807825e-05,21.944346464667426,3.861869598789046e-06
2014-11-20,2052.75,3128290000,0.0019651640132032355,3.861869598789046e-06,6.587980995041562e-06,3.0492181080321655e-05,21.863752366649184,2.728194990384904e-05
2014-11-21,2063.5,3916420000,0.005223212603738148,2.728194990384904e-05,1.2032827794701017e-05,2.929264467122041e-05,22.088443808417157,8.179198539512261e-06
2014-11-24,2069.409912109375,3128060000,0.0028599298137388374,8.179198539512261e-06,1.3560596400395775e-05,2.2867541840248105e-05,21.863678841350875,1.3240908554870534e-06
2014-11-25,2067.030029296875,3392940000,-0.0011506914684167313,1.3240908554870534e-06,8.580794950858788e-06,2.068216026157864e-05,21.944962639420922,7.85149805361667e-06
2014-11-26,2072.830078125,2745260000,0.0028020524716030337,7.85149805361667e-06,9.69972139025088e-06,2.0936405722667073e-05,21.73314162545522,6.480408444136273e-06
2014-11-28,2067.56005859375,2504640000,-0.002545664637012557,6.480408444136273e-06,1.0223429159320323e-05,1.4828329856805078e-05,21.641410848980005,4.696072180467373e-05
2014-12-01,2053.43994140625,4159010000,-0.0068527893448342425,4.696072180467373e-05,1.4159183539485262e-05,1.6875550301294266e-05,22.148542902368877,4.050261853442713e-05
2014-12-02,2066.550048828125,3686650000,0.0063641667588481,4.050261853442713e-05,2.0623867538468234e-05,1.6963214668577737e-05,22.02798402383786,1.4120112642931407e-05
2014-12-03,2074.330078125,3612680000,0.003757673834027031,1.4120112642931407e-05,2.3183071895957105e-05,1.1421936442552995e-05,22.00771571641006,1.351573031546401e-06
2014-12-04,2071.919921875,3408340000,-0.0011625717317853557,1.351573031546401e-06,2.188308689154305e-05,1.1482728667298017e-05,21.949491206488872,2.768335589568106e-06
2014-12-05,2075.3701171875,3419620000,0.0016638315989210284,2.768335589568106e-06,2.1140672320629417e-05,1.1243529182385471e-05,21.952795271028947,5.304241163324078e-05
2014-12-08,2060.31005859375,3800990000,-0.0072830221497151015,5.304241163324078e-05,2.2357010286342825e-05,1.2185848245896798e-05,22.058527396326543,5.6573491052631425e-08
2014-12-09,2059.820068359375,3970150000,-0.00023785182583413444,5.6573491052631425e-08,1.4267801277667927e-05,1.1542925857918164e-05,22.10206971455893,0.00027179219166217466
2014-12-10,2026.1400146484375,4114440000,-0.01648612118304893,0.00027179219166217466,6.580221708151659e-05,2.389156330555104e-05,22.137768574572938,2.047955263149716e-05
2014-12-11,2035.3299560546875,3917950000,0.004525433971620529,2.047955263149716e-05,6.962781300150674e-05,2.4381303768855663e-05,22.088834395029497,0.00026720694387784863
2014-12-12,2002.3299560546875,4157650000,-0.016346465791658105,0.00026720694387784863,0.00012251553465916282,3.650502645087924e-05,22.148215847995658,4.048504913961026e-05
2014-12-15,1989.6300048828125,4361990000,-0.00636278627172171,4.048504913961026e-05,0.00012000406216043675,3.8322896435993026e-05,22.19619421242611,7.268005577228168e-05
2014-12-16,1972.739990234375,4958680000,-0.00852525986538133,7.268005577228168e-05,0.00013452875861668254,4.161378139012097e-05,22.32440541343404,0.00040594485541720836
2014-12-17,2012.8900146484375,4942370000,0.020148073243295705,0.00040594485541720836,0.00016135929136768928,6.0063196822469e-05,22.32111081038696,0.0005631781539660536
2014-12-18,2061.22998046875,4703380000,0.023731374885708867,0.0005631781539660536,0.0002698990116346006,8.563764220678786e-05,22.27154723634752,2.0790298393927706e-05
2014-12-19,2070.64990234375,6465530000,0.0045596379674188725,2.0790298393927706e-05,0.00022061568253781637,8.539069676545858e-05,22.589750825856456,1.44645012318249e-05
2014-12-22,2078.5400390625,3369520000,0.0038032224799273706,1.44645012318249e-05,0.00021541157295625933,8.59455892825117e-05,21.938036138228462,3.0444618437099813e-06
2014-12-23,2082.169921875,3043950000,0.0017448386297047591,3.0444618437099813e-06,0.00020148445417054496,8.590843438455356e-05,21.836421851383882,1.9406228802461205e-08
2014-12-24,2081.8798828125,1416980000,-0.00013930624107505452,1.9406228802461205e-08,0.00012029936433286379,8.466922785386963e-05,21.07179368393503,1.0917142773952704e-05
2014-12-26,2088.77001953125,1735230000,0.0033041099821211617,1.0917142773952704e-05,9.847162094443615e-06,8.4793679864526e-05,21.274405806977082,7.420158659245184e-07
2014-12-29,2090.570068359375,2452360000,0.0008614034280896021,7.420158659245184e-07,5.837505588842978e-06,8.476722191045499e-05,21.62031666357463,2.4015812089832033e-05
2014-12-30,2080.35009765625,2440280000,-0.004900593034504297,2.4015812089832033e-05,7.747767760444405e-06,8.550196345755569e-05,21.615378624175925,0.00010742044660471663
2014-12-31,2058.89990234375,2606070000,-0.010364383561250357,0.00010742044660471663,2.8622964712645734e-05,9.009014701030932e-05,21.681109176761826,1.156146021933858e-07
2015-01-02,2058.199951171875,2708700000,-0.00034002147313572095,1.156146021933858e-07,2.8642206387323916e-05,8.796082395565114e-05,21.719734652314997,0.0003402996871168709
2015-01-05,2020.5799560546875,3799120000,-0.01844721353258727,0.0003402996871168709,9.451871525590755e-05,0.00010158796343667132,22.05803529817606,7.98030393689046e-05
2015-01-06,2002.6099853515625,4460110000,-0.0089332546906995,7.98030393689046e-05,0.00011033091995650358,0.00010457355101512466,22.21843926657558,0.00013369686021838528
2015-01-07,2025.9000244140625,3805480000,0.011562735844876215,0.00013369686021838528,0.00013226712958221422,0.0001105892458872537,22.059707970369512,0.00031435886181718694
2015-01-08,2062.139892578125,3934010000,0.01773016812715511,0.00031435886181718694,0.00017365481262470828,0.00012475245162487273,22.092925099106285,7.1222158302176e-05
2015-01-09,2044.81005859375,3364140000,-0.008439322147078876,7.1222158302176e-05,0.00018787612136470481,0.00012557880374618796,21.93643819561087,6.604190132057648e-05
2015-01-12,2028.260009765625,3456460000,-0.00812661684347038,6.604190132057648e-05,0.00013302456420544593,0.00012857813682934813,21.96351078117212,6.6661324036807844e-06
2015-01-13,2023.030029296875,4107300000,-0.002581885435816389,6.6661324036807844e-06,0.00011839718281240115,0.00011652695231759843,22.136031715515564,3.3989237767429175e-05
2015-01-14,2011.27001953125,4378680000,-0.005830028967975132,3.3989237767429175e-05,9.845565832220994e-05,0.00011714102891468622,22.200013146279108,8.632087864029123e-05
2015-01-15,1992.6700439453125,4276720000,-0.00929090300456803,8.632087864029123e-05,5.2848061686830794e-05,0.00010891893504025179,22.17645219783354,0.00017781937628916529
2015-01-16,2019.4200439453125,4056410000,0.013334893186267571,0.00017781937628916529,7.416750528422865e-05,0.00011516140445614068,22.123564183185714,2.3986340999642173e-06
2015-01-20,2022.550048828125,3944340000,0.0015487524334005798,2.3986340999642173e-06,6.143885184010621e-05,0.00011196679438012625,22.09554747712128,2.2282790025714323e-05
2015-01-21,2032.1199951171875,3730070000,0.0047204650221894795,2.2282790025714323e-05,6.456218336451291e-05,9.452760958960378e-05,22.039692837450165,0.00022965320464265982
2015-01-22,2063.14990234375,4176050000,0.015154313070629755,0.00022965320464265982,0.00010369497673955904,7.936738462035861e-05,22.152631660874608,3.0323263378371525e-05
2015-01-23,2051.820068359375,3573560000,-0.0055066562793015805,3.0323263378371525e-05,9.24954536871751e-05,7.980070121056059e-05,21.996828135024835,6.580086861158087e-06
2015-01-26,2057.090087890625,3465760000,0.0025651679986227194,6.580086861158087e-06,5.824759580157366e-05,7.944231873916665e-05,21.96619778204548,0.00018166424244709194
2015-01-27,2029.550048828125,3329810000,-0.01347828781585747,0.00018166424244709194,9.410071747099921e-05,8.756139967568403e-05,21.92618108255421,0.0001846202326395172
2015-01-28,2002.1600341796875,4067530000,-0.013587502811021501,0.0001846202326395172,0.00012656820599375978,9.595234633071651e-05,22.126301772813918,9.005093399906778e-05
2015-01-29,2021.25,4127140000,0.009489517058263175,9.005093399906778e-05,9.864775186504138e-05,9.9549336840949e-05,22.140850510330235,0.00017101051842106164
2015-01-30,1994.989990234375,4568650000,-0.013077099006318704,0.00017101051842106164,0.0001267852028735794,0.00010728881422981887,22.242483593616807,0.00016587301989445208
2015-02-02,2020.8499755859375,4008330000,0.012879170000215545,0.00016587301989445208,0.0001586437894802382,0.00011373686913002889,22.11164053291843,0.0002055277365496525
2015-02-03,2050.030029296875,4615900000,0.014336238577453031,0.0002055277365496525,0.0001634164883007503,0.00011819629140025324,22.252772702356026,1.734478083462806e-05
2015-02-04,2041.510009765625,4141920000,-0.004164706572452381,1.734478083462806e-05,0.0001299613979397725,0.00011897943531990937,22.144425285633815,0.00010483324477383025
2015-02-05,2062.52001953125,3821990000,0.010238810710909263,0.00010483324477383025,0.00013291786009472496,0.00010827641521340751,22.064037066591524,1.1723965086908966e-05
2015-02-06,2055.469970703125,4232970000,-0.003424027611878877,1.1723965086908966e-05,0.00010106054942789443,0.00010518191183695315,22.166169711524105,1.811557306808777e-05
2015-02-09,2046.739990234375,3549540000,-0.004256239310481469,1.811557306808777e-05,7.150906006262158e-05,9.99282169664851e-05,21.990083854854788,0.00011276272676958425
2015-02-10,2068.590087890625,3669850000,0.01061897955406188,0.00011276272676958425,5.2956058106607924e-05,9.076475628250315e-05,22.023416626515495,8.429737458465952e-10
2015-02-11,2068.530029296875,3596860000,-2.9034010157857892e-05,8.429737458465952e-10,4.948727053443148e-05,8.752742376757452e-05,22.00332707985714,9.212726817239013e-05
2015-02-12,2088.47998046875,3788350000,0.00959829506591614,9.212726817239013e-05,4.694607521414346e-05,8.871312226083876e-05,22.05519640530916,1.6536090651191112e-05
2015-02-13,2096.989990234375,3527450000,0.004066459227779262,1.6536090651191112e-05,4.7908500326999885e-05,8.91617567266347e-05,21.98384106752984,2.548172725190902e-06
2015-02-17,2100.340087890625,3361750000,0.0015962996977982868,2.548172725190902e-06,4.479502025842051e-05,8.773261740653296e-05,21.93572750896572,9.88213439985962e-08
2015-02-18,2099.679931640625,3370020000,-0.00031435862322926056,9.88213439985962e-08,2.2262239173303383e-05,8.38134329839742e-05,21.938184516307906,1.1291649107157578e-06
2015-02-19,2097.449951171875,3247100000,-0.0010626217157181372,1.1291649107157578e-06,2.2487903560697366e-05,7.578205973949921e-05,21.901028127560227,3.730574270515297e-05
2015-02-20,2110.300048828125,3281600000,0.00610784272105569,3.730574270515297e-05,1.1523598467249934e-05,7.736874649428053e-05,21.91159694558712,9.204258685153841e-08
2015-02-23,2109.659912109375,3093680000,-0.0003033852119855851,9.204258685153841e-08,8.234788854382017e-06,7.63600761561504e-05,21.85262715808591,7.589873304017672e-06
2015-02-24,2115.47998046875,3199840000,0.0027549724688311628,7.589873304017672e-06,9.243128970147373e-06,6.626628836803029e-05,21.886366645814565,5.867819885268967e-07
2015-02-25,2113.860107421875,3312340000,-0.0007660169636025671,5.867819885268967e-07,9.340721099053033e-06,6.491463012303736e-05,21.920920725507287,2.18187944784481e-06
2015-02-26,2110.739990234375,3408690000,-0.0014771186302544592,2.18187944784481e-06,9.551264006478843e-06,6.47147116042504e-05,21.949593890502353,8.765644114455271e-06
2015-02-27,2104.5,3547380000,-0.0029606830486317293,8.765644114455271e-06,3.843244288339302e-06,5.685568440731237e-05,21.989475140069757,3.728614472472082e-05
2015-03-02,2117.389892578125,3409490000,0.0061062381811325395,3.728614472472082e-05,1.1282064715913158e-05,5.015868041118526e-05,21.949828557232603,2.0692241965760692e-05
2015-03-03,2107.780029296875,3262300000,-0.004548872603817422,2.0692241965760692e-05,1.3902538448261762e-05,4.700601259148948e-05,21.905698305340678,1.934382220643577e-05
2015-03-04,2098.530029296875,3421110000,-0.004398161230154685,1.934382220643577e-05,1.7653946491843538e-05,4.011207185446103e-05,21.953230897058077,1.4288980833857559e-06
2015-03-05,2101.0400390625,3103030000,0.0011953652510365842,1.4288980833857559e-06,1.7503350218951728e-05,3.2637339044867105e-05,21.85564489075135,0.00020378579927543073
2015-03-06,2071.260009765625,3853570000,-0.014275356362467129,0.00020378579927543073,5.6507381251146816e-05,3.2558160077857026e-05,22.072265828581102,1.549731052070486e-05
2015-03-09,2079.429931640625,3349090000,0.003936662357975962,1.549731052070486e-05,5.214961441034363e-05,3.247418415449688e-05,21.931954504389616,0.00029264332257542084
2015-03-10,2044.1600341796875,3668900000,-0.017106820937141443,0.00029264332257542084,0.00010653983053227566,4.1011005872751e-05,22.023157726837745,3.6845596274535955e-06
2015-03-11,2040.239990234375,3406570000,-0.0019195206764850425,3.6845596274535955e-06,0.00010340797801647921,4.0645578351866664e-05,21.948971757210956,0.0001568180705410844
2015-03-12,2065.949951171875,3405860000,0.012522702206037017,0.0001568180705410844,0.00013448581250801893,4.695023732791197e-05,21.948763314701495,3.712753823734349e-05
2015-03-13,2053.39990234375,3498560000,-0.0060932370901962685,3.712753823734349e-05,0.0001011541603004015,4.351227421281011e-05,21.975617292496224,0.00018071180302366095
2015-03-16,2081.18994140625,3295600000,0.013442909023855698,0.00018071180302366095,0.00013419705880099274,5.1726408760533524e-05,21.915854082709146,1.106026524354951e-05
2015-03-17,2074.280029296875,3221840000,-0.00332569770778246,1.106026524354951e-05,7.788044733461844e-05,4.804154499104077e-05,21.8932184621814,0.00014604967830468096
2015-03-18,2099.5,4128210000,0.012085101501629225,0.00014604967830468096,0.0001063534710700639,5.3928526248017584e-05,22.141109736166992,2.385823403129438e-05
2015-03-19,2089.27001953125,3305220000,-0.0048844891269501645,2.385823403129438e-05,7.976150376810591e-05,5.4897165398295015e-05,21.918768874146586,8.050364222191554e-05
2015-03-20,2108.10009765625,5554120000,0.008972382193259243,8.050364222191554e-05,8.843672456502032e-05,5.8551929983654866e-05,22.43780583182735,3.052905649704319e-06
2015-03-23,2104.419921875,3267960000,-0.0017472566067135986,3.052905649704319e-06,5.2904945090229e-05,5.8639372744517996e-05,21.90743177427318,3.792522178030456e-05
2015-03-24,2091.5,3189820000,-0.006158345701591017,3.792522178030456e-05,5.827793639758e-05,5.86675308842976e-05,21.88323032613235,0.00021508940090236847
2015-03-25,2061.050048828125,3521140000,-0.01466592652723886,0.00021508940090236847,7.20858809171175e-05,6.844013808045747e-05,21.98205063804427,5.665974419760933e-06
2015-03-26,2056.14990234375,3510670000,-0.0023803307374734572,5.665974419760933e-06,6.844742899481082e-05,6.835268813117308e-05,21.979072739684035,5.596823829261231e-06
2015-03-27,2061.02001953125,3008550000,0.002365760729503563,5.596823829261231e-06,5.346606531627995e-05,6.858041730575191e-05,21.824724072396826,0.00014792355165568394
2015-03-30,2086.239990234375,2917690000,0.012162382647149528,0.00014792355165568394,8.244019451747587e-05,7.520503876974459e-05,21.794058044597445,7.805168056223272e-05
2015-03-31,2067.889892578125,3376550000,-0.00883468621753103,7.805168056223272e-05,9.04654862738615e-05,7.835440406282538e-05,21.940120315399067,1.5786748952497654e-05
2015-04-01,2059.68994140625,3543270000,-0.003973254201847354,1.5786748952497654e-05,5.0604955883887355e-05,7.73771588004516e-05,21.988315866812968,1.241471613654736e-05
2015-04-02,2066.9599609375,3095960000,0.003523452303713981,1.241471613654736e-05,5.195470422724464e-05,7.700090762639645e-05,21.85336387301679,4.338952605903318e-05
2015-04-06,2080.6201171875,3302970000,0.006587072647165293,4.338952605903318e-05,5.951324467319902e-05,7.809389416515087e-05,21.91808790096444,4.260231022116136e-06
2015-04-07,2076.330078125,3065510000,-0.0020640327085867938,4.260231022116136e-06,3.0780580546485464e-05,7.822259111691134e-05,21.84347978759849,7.17672786768162e-06
2015-04-08,2081.89990234375,3265330000,0.0026789415573471587,7.17672786768162e-06,1.6605590007575244e-05,6.928581514383185e-05,21.906626666849125,1.9780931151659955e-05
2015-04-09,2091.179931640625,3172360000,0.004447575873625986,1.9780931151659955e-05,1.7404426447407705e-05,6.948052517251163e-05,21.877741627658697,2.692963260460964e-05
2015-04-10,2102.06005859375,3156200000,0.0051893768994561995,2.692963260460964e-05,2.030740974102016e-05,5.740263017383839e-05,21.872634609595142,2.1084689881029548e-05
2015-04-13,2092.429931640625,2908420000,-0.004591806820961608,2.1084689881029548e-05,1.5846442505419436e-05,5.819354518536457e-05,21.79087581569356,2.6517916205677444e-06
2015-04-14,2095.840087890625,3301270000,0.0016284322585136124,2.6517916205677444e-06,1.5524754625109754e-05,5.118598705261381e-05,21.917573080171422,2.6368112492229926e-05
2015-04-15,2106.6298828125,4013760000,0.005134989044996097,2.6368112492229926e-05,1.9363031550019417e-05,5.069692224601774e-05,22.112994295049727,6.064465130731069e-07
2015-04-16,2104.989990234375,3434120000,-0.0007787467579856155,6.064465130731069e-07,1.5528134622302046e-05,4.251031513190011e-05,21.957026543773278,0.00012940664579683757
2015-04-17,2081.179931640625,3627600000,-0.011375704189052982,0.00012940664579683757,3.6023537260747634e-05,4.788969606614047e-05,22.01183710981335,8.450662657526705e-05
2015-04-20,2100.39990234375,3000160000,0.009192748586536403,8.450662657526705e-05,4.8707924599595135e-05,4.509228462389439e-05,21.821931457858998,2.19544231263636e-06
2015-04-21,2097.2900390625,3243410000,-0.0014817025047682009,2.19544231263636e-06,4.8616654738008856e-05,4.41076122730463e-05,21.899891082737426,2.5751391135883933e-05
2015-04-22,2107.9599609375,3348480000,0.005074582853386467,2.5751391135883933e-05,4.8493310466739656e-05,4.16188735873176e-05,21.93177234877153,5.545746371922924e-06
2015-04-23,2112.929931640625,3636670000,0.002354940842552722,5.545746371922924e-06,4.948117043850962e-05,4.173218452923662e-05,22.014334264988122,5.063700782586148e-06
2015-04-24,2117.68994140625,3375780000,0.0022502668247534885,5.063700782586148e-06,2.4612581435659338e-05,4.023847902934033e-05,21.939892245976186,1.722177990562392e-05
2015-04-27,2108.919921875,3438750000,-0.0041499132407345485,1.722177990562392e-05,1.1155612101730712e-05,3.124449625676103e-05,21.958373870493862,7.647461702092748e-06
2015-04-28,2114.760009765625,3546270000,0.002765404437345964,7.647461702092748e-06,1.224601597962199e-05,3.133456386050338e-05,21.989162184113727,1.4042617989222725e-05
2015-04-29,2106.85009765625,4074970000,-0.003747348127572714,1.4042617989222725e-05,9.904261350289746e-06,3.1718463595047086e-05,22.128129221894348,0.00010364366006278741
2015-04-30,2085.510009765625,4509680000,-0.010180553033248607,0.00010364366006278741,2.952384408846264e-05,2.9705741249915426e-05,22.229492034728622,0.00011802164122069214
2015-05-01,2108.2900390625,3379390000,0.01086377656345583,0.00011802164122069214,5.2115432176083845e-05,3.152255764348176e-05,21.94096105707719,8.622639631281556e-06
2015-05-04,2114.489990234375,3091580000,0.00293643314776304,8.622639631281556e-06,5.0395604121215375e-05,3.119691631069921e-05,21.85194812435733,0.00014180054398677062
2015-05-05,2089.4599609375,3793950000,-0.011908003358530372,0.00014180054398677062,7.722622057815094e-05,3.7078090303891175e-05,22.056673529932755,1.994230805247413e-05
2015-05-06,2080.14990234375,3792210000,-0.004465681140931821,1.994230805247413e-05,7.840615859080121e-05,3.601230766722941e-05,22.05621479981632,1.4188107760852313e-05
2015-05-07,2088.0,3676640000,0.0037667104694749654,1.4188107760852313e-05,6.05150481304142e-05,3.646357479171741e-05,22.02526512884289,0.00017870738061200386
2015-05-08,2116.10009765625,3399440000,0.013368147987361745,0.00017870738061200386,7.265219600867654e-05,4.4260422643732064e-05,21.946876549414835,2.6036082387504523e-05
2015-05-11,2105.330078125,2992670000,-0.005102556456082041,2.6036082387504523e-05,7.613488455992115e-05,4.454474769990682e-05,21.819431802805386,8.726094963794235e-06
2015-05-12,2099.1201171875,3139520000,-0.0029539964393672236,8.726094963794235e-06,4.951999475532587e-05,4.3717314170778844e-05,21.86733575925782,9.302578729940372e-08
2015-05-13,2098.47998046875,3374260000,-0.0003050012906520294,9.302578729940372e-08,4.555013830229092e-05,4.2763147621063835e-05,21.939441878267182,0.00011495279794578897
2015-05-14,2121.10009765625,3225740000,0.010721604261759943,0.00011495279794578897,6.570307633927826e-05,4.7867738817664804e-05,21.89442821854718,5.900065337230633e-07
2015-05-15,2122.72998046875,3092080000,0.0007681188278665374,5.900065337230633e-07,3.0079601523622095e-05,4.6696006728641754e-05,21.852109840881504,9.261750805702513e-06
2015-05-18,2129.199951171875,2888190000,0.003043312472570392,9.261750805702513e-06,2.6724735207261696e-05,4.7089429651034005e-05,21.78389584563288,4.141972730809362e-07
2015-05-19,2127.830078125,3296030000,-0.0006435815978420578,4.141972730809362e-07,2.5062355669119033e-05,4.1226136536317796e-05,21.915984551197358,8.666668799333913e-07
2015-05-20,2125.85009765625,3025880000,-0.0009309494507938609,8.666668799333913e-07,2.5217083887645832e-05,3.74243201865299e-05,21.830467795544763,5.452906415128802e-06
2015-05-21,2130.820068359375,3070460000,0.002335145908745062,5.452906415128802e-06,3.3171055815137956e-06,3.757238673664319e-05,21.84509322478029,5.001418536831527e-06
2015-05-22,2126.06005859375,2571860000,-0.002236385149483766,5.001418536831527e-06,4.199387982135489e-06,3.662920616395899e-05,21.667895209880747,0.00010681646048005467
2015-05-26,2104.199951171875,3342130000,-0.01033520490750206,0.00010681646048005467,2.371032991700592e-05,4.123242044160135e-05,21.929874165525238,8.319116211139589e-05
2015-05-27,2123.47998046875,3127960000,0.009120918929109934,8.319116211139589e-05,4.026572288466891e-05,4.478366868381997e-05,21.863646872143626,1.6067182849156998e-06
2015-05-28,2120.7900390625,2980350000,-0.00126756391748728,1.6067182849156998e-06,4.041373316566537e-05,4.407389315560596e-05,21.815306580567015,4.017677473903532e-05
2015-05-29,2107.389892578125,3927390000,-0.0063385151840975595,4.017677473903532e-05,4.735850683044668e-05,4.55524982936488e-05,22.091240920318004,4.232662273482841e-06
2015-06-01,2111.72998046875,3011710000,0.002057343499147102,4.232662273482841e-06,4.7204755577776944e-05,4.5106591215660634e-05,21.825773861040226,1.0182932347307168e-06
2015-06-02,2109.60009765625,3049350000,-0.001009105165347357,1.0182932347307168e-06,2.6045122128712148e-05,4.044180181438533e-05,21.838194290427396,4.480120312237186e-06
2015-06-03,2114.070068359375,3099980000,0.0021166294697554378,4.480120312237186e-06,1.0302913768880407e-05,3.528082359127374e-05,21.85466149712638,7.500533788163568e-05
2015-06-04,2095.840087890625,3200050000,-0.00866056221510103,7.500533788163568e-05,2.4982637688224402e-05,3.8298218966289834e-05,21.886432271942518,2.065587625197512e-06
2015-06-05,2092.830078125,3243690000,-0.001437215232732214,2.065587625197512e-06,1.736040026545684e-05,3.1946630040763785e-05,21.899977407905862,4.2192304108569705e-05
2015-06-08,2079.280029296875,2917150000,-0.006495560338305673,4.2192304108569705e-05,2.4952328632474214e-05,3.295799349785904e-05,21.793872949547243,1.7494604438687905e-07
2015-06-09,2080.14990234375,3034580000,0.000418265519003036,1.7494604438687905e-07,2.4783659194405445e-05,3.2321031601656063e-05,21.83333886670878,0.00014329267279700758
2015-06-10,2105.199951171875,3414320000,0.011970491752514079,0.00014329267279700758,5.2546169691359524e-05,3.0711272155519866e-05,21.95124418891203,3.0175746258114807e-06
2015-06-11,2108.860107421875,3128600000,0.001737116756528323,3.0175746258114807e-06,3.814861704019469e-05,2.9664976348170178e-05,21.863851457411577,4.926460139596275e-05
2015-06-12,2094.110107421875,2719400000,-0.007018874653102358,4.926460139596275e-05,4.7588419794347734e-05,3.150763573145057e-05,21.72367710505359,2.1467372719220192e-05
2015-06-15,2084.429931640625,3061570000,-0.004633289621772008,2.1467372719220192e-05,4.3443433516477826e-05,3.2479196955628786e-05,21.842193693556375,3.219121796540237e-05
2015-06-16,2096.2900390625,2919900000,0.005673730515754372,3.219121796540237e-05,4.9846687900680934e-05,2.8717306956520307e-05,21.79481520640731,3.911235566512441e-06
2015-06-17,2100.43994140625,3222240000,0.0019776843950722878,3.911235566512441e-06,2.1970400454581904e-05,2.8868271912556187e-05,21.893342607133167,9.710131706441033e-05
2015-06-18,2121.239990234375,3520360000,0.009854000054009049,9.710131706441033e-05,4.0787148942301676e-05,3.286097946977018e-05,21.981829094338252,2.8277031818870262e-05
2015-06-19,2109.989990234375,4449810000,-0.005317615237949269,2.8277031818870262e-05,3.658963502688318e-05,3.412747194912424e-05,22.21612723580855,3.6922247847112676e-05
2015-06-22,2122.85009765625,3030020000,0.006076367981542319,3.6922247847112676e-05,3.968061005246167e-05,3.576636199308693e-05,21.831835057436003,4.0407180411789346e-07
2015-06-23,2124.199951171875,3091190000,0.0006356664251931932,4.0407180411789346e-07,3.3323180820204776e-05,3.553686951076826e-05,21.851821967311093,5.447127421907823e-05
2015-06-24,2108.580078125,3102480000,-0.007380465718305196,5.447127421907823e-05,4.343518855071793e-05,3.778549931450674e-05,21.8554676289304,8.868508756706314e-06
2015-06-25,2102.31005859375,3214610000,-0.0029780041565965476,8.868508756706314e-06,2.578862688917713e-05,3.333331969071818e-05,21.8909718812125,1.5222150529578325e-07
2015-06-26,2101.489990234375,5025470000,-0.00039015574492218263,1.5222150529578325e-07,2.0163664826462233e-05,2.9558822390440903e-05,22.33778481905497,0.0004446602830571133
2015-06-29,2057.639892578125,3678960000,-0.021086969508611553,0.0004446602830571133,0.00010171127186846237,4.969762078917716e-05,22.02589594076205,7.048825093020554e-06
2015-06-30,2063.110107421875,4078540000,0.002654962352467649,7.048825093020554e-06,0.0001030402225262429,4.8191804896176483e-05,22.129004918429278,4.777707712172114e-05
2015-07-01,2077.419921875,3727260000,0.006912096434636972,4.777707712172114e-05,0.00010170138310677148,5.0171096480187315e-05,22.038939216480667,9.490724168754814e-08
2015-07-02,2076.780029296875,2996540000,-0.00030807018954703835,9.490724168754814e-08,9.994666280376773e-05,5.012912438959444e-05,21.820724127014195,1.497096167821674e-05
2015-07-06,2068.760009765625,3486360000,-0.0038692326988973846,1.497096167821674e-05,0.00010291041083835192,5.0605980815320794e-05,21.97212404922282,3.675464095433464e-05
2015-07-07,2081.340087890625,4458660000,0.006062560593869115,3.675464095433464e-05,2.132928241779618e-05,4.886731277317074e-05,22.2181141096285,0.00028200367054042843
2015-07-08,2046.6800537109375,3608780000,-0.016792964912141883,0.00028200367054042843,7.632025150727776e-05,6.159177108749941e-05,22.006635602311782,5.106007478740602e-06
2015-07-09,2051.31005859375,3446810000,0.0022596476448200065,5.106007478740602e-06,6.778603757868164e-05,5.99060303315981e-05,21.960715002857533,0.00015038083507889433
2015-07-10,2076.6201171875,3065070000,0.012262986385008112,0.00015038083507889433,9.784322314612299e-05,6.673357074225753e-05,21.843336244899234,0.00012111593491897861
2015-07-13,2099.60009765625,3096730000,0.011005268507354948,0.00012111593491897861,0.00011907221779427539,6.572553720234711e-05,21.85361255331686,1.9742677054199755e-05
2015-07-14,2108.949951171875,3002120000,0.004443273236500289,1.9742677054199755e-05,0.00011566982501424839,6.648576913091022e-05,21.822584543042964,5.406018277731435e-07
2015-07-15,2107.39990234375,3261810000,-0.0007352563007367863,5.406018277731435e-07,5.937721127171735e-05,6.42710418778107e-05,21.905548093280863,6.37240332455411e-05
2015-07-16,2124.2900390625,3227080000,0.007982733444475087,6.37240332455411e-05,7.110081642507744e-05,6.619179917446164e-05,21.89484354084622,1.2222886167907725e-06
2015-07-17,2126.639892578125,3362750000,0.0011055716244507963,1.2222886167907725e-06,4.126910713265674e-05,6.478412056770657e-05,21.93602492885034,5.943432782270275e-07
2015-07-20,2128.280029296875,3245870000,0.000770936624001628,5.943432782270275e-07,1.7164788804506414e-05,6.463335273642087e-05,21.900649256253466,1.8239700546859515e-05
2015-07-21,2119.2099609375,3343690000,-0.004270796242723307,1.8239700546859515e-05,1.6864193503038367e-05,6.104873380380491e-05,21.930340824821435,5.71480111575535e-06
2015-07-22,2114.14990234375,3694070000,-0.002390565020189861,5.71480111575535e-06,1.7899033360634807e-05,6.0023177862754253e-05,22.0299946684627,3.2401257090534954e-05
2015-07-23,2102.14990234375,3772810000,-0.005692210211379667,3.2401257090534954e-05,1.1634478129633578e-05,5.981767828290981e-05,22.051085919120183,0.00011579956643396316
2015-07-24,2079.64990234375,3870040000,-0.01076102069666085,0.00011579956643396316,3.4549933693068056e-05,6.506292803881186e-05,22.076530680110395,3.354442673369601e-05
2015-07-27,2067.639892578125,3836750000,-0.00579175506506413,3.354442673369601e-05,4.113995038416185e-05,6.411170769856721e-05,22.067891491280115,0.00015153791700796152
2015-07-28,2093.25,4117740000,0.01231007380188931,0.00015153791700796152,6.779959367638226e-05,7.059668080089701e-05,22.138570306356247,5.317534847338684e-05
2015-07-29,2108.570068359375,4038900000,0.007292142927383338,5.317534847338684e-05,7.729170314790855e-05,7.300682293581022e-05,22.119238214865167,8.046812438042714e-10
2015-07-30,2108.6298828125,3579410000,2.836690402219233e-05,8.046812438042714e-10,7.081161266605032e-05,5.27950284641798e-05,21.998463819587375,5.171548097955503e-06
2015-07-31,2103.840087890625,3681340000,-0.002274103801051197,5.171548097955503e-06,4.8686008998848786e-05,5.2709697691676845e-05,22.026542653554277,7.6214310574374086e-06
2015-08-03,2098.0400390625,3476770000,-0.0027606939449054124,7.6214310574374086e-06,4.350140986359707e-05,5.088444105239122e-05,21.969369539092813,5.072581265066359e-06
2015-08-04,2093.320068359375,3546710000,-0.0022522391669328456,5.072581265066359e-06,1.4208342715018037e-05,5.1110698962544795e-05,21.989286250444223,9.671093539938222e-06
2015-08-05,2099.840087890625,3968680000,0.003109838185491043,9.671093539938222e-06,5.507491728328314e-06,5.086979586535032e-05,22.101699382906425,6.0578138768979565e-05
2015-08-06,2083.56005859375,4246570000,-0.007783195922561603,6.0578138768979565e-05,1.7622958545875467e-05,5.1952682129652364e-05,22.169377435447387,8.288772607317949e-06
2015-08-07,2077.570068359375,3602320000,-0.0028790228563382314,8.288772607317949e-06,1.8246403447747955e-05,3.951109585996552e-05,22.00484391956537,0.00016197234520459622
2015-08-10,2104.179931640625,3514460000,0.01272683563202559,0.00016197234520459622,4.911658627717971e-05,4.664138393841351e-05,21.98015172338017,9.221885125176572e-05
2015-08-11,2084.070068359375,3708880000,-0.00960306468018235,9.221885125176572e-05,6.654584027451958e-05,4.399765740081675e-05,22.033995781465933,9.017470697100086e-07
2015-08-12,2086.050048828125,4269130000,0.0009496036382143913,9.017470697100086e-07,6.479197098047395e-05,3.853337613494091e-05,22.17467589658933,1.6282420167776068e-06
2015-08-13,2083.389892578125,3221300000,-0.0012760258683810477,1.6282420167776068e-06,5.300199163003355e-05,3.7709992724148986e-05,21.893050842045536,1.5243810508605147e-05
2015-08-14,2091.5400390625,2795590000,0.00390433227435949,1.5243810508605147e-05,5.4392999210290996e-05,3.8378320391459535e-05,21.75130901286891,2.7018078222672268e-05
2015-08-17,2102.43994140625,2867690000,0.005197891709402214,2.7018078222672268e-05,2.7402145813906206e-05,3.6709867890420044e-05,21.776772664929624,6.911551275849307e-06
2015-08-18,2096.919921875,2949990000,-0.002628982935632962,6.911551275849307e-06,1.034068581872292e-05,3.696847073855907e-05,21.80506761780087,6.870978241690569e-05
2015-08-19,2079.610107421875,3512920000,-0.008289136409596942,6.870978241690569e-05,2.3902292888162056e-05,4.006462706304446e-05,21.9797134376964,0.0004547965892918193
2015-08-20,2035.72998046875,3922470000,-0.021325960454146475,0.0004547965892918193,0.00011453596234317039,5.990812200599717e-05,22.089987394613598,0.0010477678614401696
2015-08-21,1970.8900146484375,5018240000,-0.03236924252187823,0.0010477678614401696,0.0003210407725294833,0.00010727417020256147,22.33634511176605,0.0016169602564331876
2015-08-24,1893.2099609375,6612690000,-0.04021144434651891,0.0016169602564331876,0.0006390292081715864,0.00017929957926359112,22.612256367328612,0.00018534779605541843
2015-08-25,1867.6099853515625,5183560000,-0.013614249742656348,0.00018534779605541843,0.0006747164571275003,0.00018246086242820273,22.368757916043876,0.001466223612385018
2015-08-26,1940.510009765625,5338250000,0.038291299434532355,0.001466223612385018,0.0009542192231211226,0.0002475826435941719,22.398163721039623,0.0005763482681327348
2015-08-27,1987.6600341796875,5006390000,0.024007254489689878,0.0005763482681327348,0.0009785295588893056,0.0002668922050089343,22.33398093363337,3.703345105354861e-07
2015-08-28,1988.8699951171875,3949080000,0.0006085511568763025,3.703345105354861e-07,0.0007690500535033789,0.000264491977101532,22.09674847759219,7.101565480897361e-05
2015-08-31,1972.1800537109375,3915100000,-0.008427078663983956,7.101565480897361e-05,0.0004598611331785361,0.0002677199248346106,22.08810670910255,0.0009013595035610737
2015-09-01,1913.8499755859375,4371850000,-0.030022649842428528,0.0009013595035610737,0.000603063474679667,0.0003084557409920251,22.19845209766024,0.00032861247122803076
2015-09-02,1948.8599853515625,3742620000,0.018127671423214586,0.00032861247122803076,0.0003755412464482697,0.00032304624281796117,22.043051738139464,1.3551653616340188e-06
2015-09-03,1951.1300048828125,3520700000,0.0011641156994190993,1.3551653616340188e-06,0.00026054262589404953,0.00032287726936780514,21.98192567070606,0.00023865024336745583
2015-09-04,1921.219970703125,3167090000,-0.015448308754276496,0.00023865024336745583,0.0003081986076654336,0.00033328541254178324,21.876079022476134,0.0006137330999705067
2015-09-08,1969.4100341796875,3548650000,0.024773637197038845,0.0006137330999705067,0.00041674209669774026,0.0003584288198691254,21.989833086699974,0.00019586102617796878
2015-09-09,1942.0400390625,3652120000,-0.013995035769085007,0.00019586102617796878,0.0002756424012211192,0.00036695483139506397,22.01857365812067,2.7710490289978268e-05
2015-09-10,1952.2900390625,3626320000,0.005264075444936012,2.7710490289978268e-05,0.00021546200503350872,0.00036085201980803596,22.01148419717772,2.0043586708449644e-05
2015-09-11,1961.050048828125,3218590000,0.004477006444986387,2.0043586708449644e-05,0.00021919968930287186,0.00035757132596515796,21.89220921271363,1.6793941865771804e-05
2015-09-14,1953.030029296875,3000200000,-0.0040980412230444685,1.6793941865771804e-05,0.00017482842900253505,0.00035829369845588805,21.821944790392376,0.00016255453469911628
2015-09-15,1978.0899658203125,3239860000,0.012749687631433027,0.00016255453469911628,8.459271594825696e-05,0.0003656085299414488,21.898795956249188,7.512972910898905e-05
2015-09-16,1995.31005859375,3630680000,0.008667740715376127,7.512972910898905e-05,6.044645653446101e-05,0.0003683306171505572,22.012685795778626,6.575862420089703e-06
2015-09-17,1990.199951171875,4183790000,-0.0025643444425602624,6.575862420089703e-06,5.621953096048329e-05,0.0003674014255231671,22.154483371483842,0.00026556714331862815
2015-09-18,1958.030029296875,6021240000,-0.01629623095438415,0.00026556714331862815,0.00010532424228251901,0.000379158497888748,22.518559055288684,2.075159658045093e-05
2015-09-21,1966.969970703125,3269350000,0.004555392033672945,2.075159658045093e-05,0.00010611577322545482,0.00037697858035072725,21.907857025644315,0.00015363429018528817
2015-09-22,1942.739990234375,3808260000,-0.012394930019378414,0.00015363429018528817,0.00010433172432268919,0.00036328938493679407,22.06043822911825,4.205551895209689e-06
2015-09-23,1938.760009765625,3190530000,-0.002050744229593171,4.205551895209689e-06,9.014688887993332e-05,0.00031585473450293223,21.8834528844568,1.1347815430061456e-05
2015-09-24,1932.239990234375,4091530000,-0.0033686518713071933,1.1347815430061456e-05,9.110127948192768e-05,0.00024287235082097198,22.132184820423465,2.1706448838052975e-07
2015-09-25,1931.3399658203125,3721870000,-0.00046590180122052516,2.1706448838052975e-07,3.803126371587815e-05,0.0002344573175679248,22.03749206736682,0.0006760629819329812
2015-09-28,1881.77001953125,4326660000,-0.026001211162808957,0.0006760629819329812,0.0001690935407863842,0.0001985409252746504,22.188061718952135,1.5180554104077385e-06
2015-09-29,1884.0899658203125,4132390000,0.0012320939129821795,1.5180554104077385e-06,0.00013867029383140812,0.00017241227924181735,22.14212176927736,0.00035705498403619285
2015-09-30,1920.030029296875,4525070000,0.018895898603564554,0.00035705498403619285,0.00020924018025960476,0.00018862521785661997,22.232898883812897,3.8885421511249935e-06
2015-10-01,1923.8199462890625,3983600000,0.0019719386783378923,3.8885421511249935e-06,0.00020774832560381743,0.0001855739854630814,22.105451770272786,0.0002020319119132104
2015-10-02,1951.3599853515625,4378570000,0.01421379301640524,0.0002020319119132104,0.00024811129508878346,0.00015378636766090576,22.199988024237378,0.0003285008902109302
2015-10-05,1987.050048828125,4334490000,0.018124593518502152,0.0003285008902109302,0.00017859887674437323,0.00015378129579649211,22.189869793429843,1.2921791480896656e-05
2015-10-06,1979.9200439453125,4202400000,-0.003594689344143198,1.2921791480896656e-05,0.00018087962395847102,0.00015430705152918588,22.158921627841984,6.405633011024499e-05
2015-10-07,1995.8299560546875,4666470000,0.008003519857552988,6.405633011024499e-05,0.00012227989317328144,0.000146370964562949,22.26366873436268,7.708453938678157e-05
2015-10-08,2013.4300537109375,3939140000,0.00877978014455838,7.708453938678157e-05,0.00013691909262041277,0.00012197784817277969,22.09422826257318,5.254054356808626e-07
2015-10-09,2014.8900146484375,3706900000,0.0007248485605151345,5.254054356808626e-07,9.661779132490686e-05,0.0001130989563208575,22.033461785029548,1.6247695297750025e-06
2015-10-12,2017.4599609375,2893250000,0.001274664477333154,1.6247695297750025e-06,3.124256718867582e-05,0.00011191324174084826,21.785646275038093,4.690638593845035e-05
2015-10-13,2003.68994140625,3401920000,-0.0068488236901274036,4.690638593845035e-05,3.803948608018655e-05,0.00011313427806948468,21.947605815358465,2.2348603027155893e-05
2015-10-14,1994.239990234375,3644590000,-0.004727430911938946,2.2348603027155893e-05,2.9697940663568737e-05,0.0001133867626677294,22.016509713501517,0.00021737230645004087
2015-10-15,2023.8599853515625,3746290000,0.014743551351354967,0.00021737230645004087,5.7755494076220595e-05,0.00011587847956549869,22.044031854149086,2.0794159731882558e-05
2015-10-16,2033.1099853515625,3595430000,0.004560061373696911,2.0794159731882558e-05,6.180924493546093e-05,0.00011340868095744838,22.002929431815016,7.317508871542651e-08
2015-10-19,2033.6600341796875,3287320000,0.00027050894387325997,7.317508871542651e-08,6.149892604724902e-05,0.00011311310426056776,21.91333848040379,2.022371413175204e-06
2015-10-20,2030.77001953125,3331500000,-0.0014221010558941316,2.022371413175204e-06,5.252212314219399e-05,0.00010113379644668354,21.926688490267033,3.4134209279205045e-05
2015-10-21,2018.93994140625,3627790000,-0.005842448911133502,3.4134209279205045e-05,5.487924439260382e-05,0.00010174209702389962,22.011889484668455,0.0002719480351927644
2015-10-22,2052.510009765625,4430850000,0.016490847012593512,0.0002719480351927644,6.579439014114851e-05,0.00010711999452423944,22.21185727641293,0.00012033989008291472
2015-10-23,2075.14990234375,4108460000,0.010969953969042656,0.00012033989008291472,8.570353621135496e-05,0.00011239882807822604,22.136314099618172,3.6669683987006404e-06
2015-10-26,2071.179931640625,3385800000,-0.0019149330010996835,3.6669683987006404e-06,8.6422294873352e-05,0.00011204969866770963,21.942856052462776,6.540222462950887e-06
2015-10-27,2065.889892578125,4216880000,-0.0025573858650878023,6.540222462950887e-06,8.732586508330713e-05,0.000112337114939281,22.16236135529457,0.0001385443992495198
2015-10-28,2090.35009765625,4698110000,0.011770488488143549,0.0001385443992495198,0.0001082079030773701,8.790445209003277e-05,22.270426137340692,2.0238785812487173e-07
2015-10-29,2089.409912109375,4008940000,-0.0004498753806609912,2.0238785812487173e-07,5.3858773610442184e-05,8.784464901947447e-05,22.11179270441846,2.324668567181652e-05
2015-10-30,2079.360107421875,4256200000,-0.004821481688424889,2.324668567181652e-05,3.4440132728222546e-05,7.267154454836645e-05,22.171642580597798,0.00013933149662202272
2015-11-02,2104.050048828125,3760020000,0.011803876338814412,0.00013933149662202272,6.157303837288697e-05,7.88280424788618e-05,22.04769011374896,7.422098860324189e-06
2015-11-03,2109.7900390625,4272060000,0.0027243529250675635,7.422098860324189e-06,6.174941365236163e-05,6.99821418855488e-05,22.175361983683576,1.2614338050184106e-05
2015-11-04,2102.31005859375,4078870000,-0.003551666939647369,1.2614338050184106e-05,3.656340141249448e-05,5.562366224187851e-05,22.129085826462614,1.2832126324280518e-06
2015-11-05,2099.929931640625,4051890000,-0.0011327897564985534,1.2832126324280518e-06,3.677956636735512e-05,5.509463593058449e-05,22.122449276123298,1.2088262016010173e-07
2015-11-06,2099.199951171875,4369020000,-0.00034768178002320127,1.2088262016010173e-07,3.215440575702384e-05,5.218847922648971e-05,22.197804564840684,9.744237922516006e-05
2015-11-09,2078.580078125,3882350000,-0.009871290656502829,9.744237922516006e-05,2.37765822776513e-05,5.311383558277965e-05,22.07970647759815,2.278454860275493e-06
2015-11-10,2081.719970703125,3821440000,0.0015094551534495793,2.278454860275493e-06,2.274785347764156e-05,5.319351964753395e-05,22.06389315214453,1.0454276235711062e-05
2015-11-11,2075.0,3692410000,-0.003233307321568901,1.0454276235711062e-05,2.2315841114746953e-05,5.359486086144013e-05,22.029545198613057,0.0001985045235263083
2015-11-12,2045.969970703125,4016370000,-0.01408916333663246,0.0001985045235263083,6.1760103293523e-05,6.048568529725187e-05,22.11364434681508,0.00012702733575092653
2015-11-13,2023.0400390625,4278750000,-0.011270640432154977,0.00012702733575092653,8.714139391967628e-05,6.524380951196871e-05,22.176926748042384,0.000218841807561897
2015-11-16,2053.18994140625,3741240000,0.014793302794234187,0.000218841807561897,0.00011142127958702367,6.531060501705307e-05,22.04268294449146,1.7963424856396237e-06
2015-11-17,2050.43994140625,4427350000,-0.0013402770182464607,1.7963424856396237e-06,0.0001113248571120965,6.444706786949658e-05,22.211067048108905,0.00025706446029423143
2015-11-18,2083.580078125,3926390000,0.016033229877171706,0.00025706446029423143,0.00016064689392380056,7.612848992429276e-05,22.090986265870043,1.2627923269743186e-06
2015-11-19,2081.239990234375,3628110000,-0.001123740328979217,1.2627923269743186e-06,0.00012119854768393376,7.609396360219273e-05,22.011977688750683,1.4462468862817049e-05
2015-11-20,2089.169921875,3929600000,0.0038029552801495115,1.4462468862817049e-05,9.868557430631187e-05,7.519979358326599e-05,22.09180347673152,1.5267662781389346e-06
2015-11-23,2086.590087890625,3587980000,-0.0012356238416844079,1.5267662781389346e-06,5.522256604956026e-05,6.29079177235103e-05,22.000855207270124,1.491451428066921e-06
2015-11-24,2089.139892578125,3884930000,0.0012212499449608671,1.491451428066921e-06,5.516158783804572e-05,5.750571596647175e-05,22.08037080284308,1.6677298434067682e-08
2015-11-25,2088.8701171875,2852940000,-0.00012914061496704932,1.6677298434067682e-08,3.752031238886247e-06,5.733979364373236e-05,21.77161587881293,3.521728845190311e-07
2015-11-27,2090.110107421875,1466840000,0.0005934415594808229,3.521728845190311e-07,3.5699073503951892e-06,5.7058518662894556e-05,21.106376264719515,2.1639244538954906e-05
2015-11-30,2080.409912109375,4275030000,-0.004651800139618523,2.1639244538954906e-05,5.005262485622761e-06,5.1744647994232516e-05,22.17605695708829,0.00011286807874405353
2015-12-01,2102.6298828125,3712120000,0.010623938946739742,0.00011286807874405353,2.727352497880568e-05,5.6865815761774725e-05,22.034868979203434,0.0001222482407947282
2015-12-02,2079.510009765625,3950640000,-0.01105659263944947,0.0001222482407947282,5.1424882852137934e-05,6.13658864491798e-05,22.09714342830434,0.00020960745854692482
2015-12-03,2049.6201171875,4306490000,-0.014477826444149855,0.00020960745854692482,9.334303910183609e-05,6.456024835485717e-05,22.183389024351726,0.000412815287222093
2015-12-04,2091.68994140625,4214910000,0.020317856363851305,0.000412815287222093,0.00017583566196935086,8.298721146221029e-05,22.161894076096353,4.919681267839345e-05
2015-12-07,2077.070068359375,4043820000,-0.007014043960397842,4.919681267839345e-05,0.0001813471755972386,8.465005121803799e-05,22.120455626975552,4.239380629325791e-05
2015-12-08,2063.590087890625,4173570000,-0.00651105262559426,4.239380629325791e-05,0.00016725232110707946,8.651871456625754e-05,22.15203762184712,6.035870295759619e-05
2015-12-09,2047.6199951171875,4385250000,-0.0077690863656929565,6.035870295759619e-05,0.00015487441353965306,8.925679730886826e-05,22.2015124739162,5.057355911087881e-06
2015-12-10,2052.22998046875,3715150000,0.002248856578594527,5.057355911087881e-06,0.00011396439301248566,8.505747806731953e-05,22.035684891420786,0.00038470380834261135
2015-12-11,2012.3699951171875,4301060000,-0.019613867755815306,0.00038470380834261135,0.00010834209723658935,0.00010244044868015297,22.182127341127337,2.2508269234860333e-05
2015-12-14,2021.93994140625,4612440000,0.004744288064068236,2.2508269234860333e-05,0.0001030043885478827,0.00010298835745284157,22.252022838315174,0.00011156809849386285
2015-12-15,2043.4100341796875,4353540000,0.010562580105914599,0.00011156809849386285,0.00011683924698800371,9.90367017695486e-05,22.19425514443008,0.00020766641985927047
2015-12-16,2073.070068359375,4635450000,0.014410635650770942,0.00020766641985927047,0.00014630079036833857,0.00010270211468356425,22.256999118845926,0.00022966725488330486
2015-12-17,2041.8900146484375,4327390000,-0.015154776635876388,0.00022966725488330486,0.00019122277016278194,0.00010319418047090096,22.188230426089618,0.00032247162693025186
2015-12-18,2005.550048828125,6683070000,-0.017957495007106417,0.00032247162693025186,0.00017877633388031005,0.00011777032976383788,22.62284329990799,6.0036257138090686e-05
2015-12-21,2021.1500244140625,3760280000,0.007748306727155985,6.0036257138090686e-05,0.00018628193146095614,0.00010881450234764968,22.047759259926647,7.705496221472023e-05
2015-12-22,2038.969970703125,3520860000,0.008778095591568835,7.705496221472023e-05,0.00017937930420512763,0.00011225960097891083,21.98197111518143,0.00015231500484892636
2015-12-23,2064.2900390625,3484090000,0.012341596527553733,0.00015231500484892636,0.0001683090212030588,0.0001185256253419158,21.971472728266615,2.559729299516882e-06
2015-12-24,2060.989990234375,1411860000,-0.0015999154038626173,2.559729299516882e-06,0.0001228875160863012,0.0001185725782065239,21.068173821668402,4.756483826446092e-06
2015-12-28,2056.5,2492510000,-0.0021809364563063482,4.756483826446092e-06,5.934448746554005e-05,0.00011872098877008657,21.63655607222953,0.00011180237404387417
2015-12-29,2078.360107421875,2542000000,0.01057366417302319,0.00011180237404387417,6.969771084669674e-05,0.00012380215680397023,21.656217010107063,5.246682594084142e-05
2015-12-30,2063.360107421875,2367430000,-0.007243398783778332,5.246682594084142e-05,6.478008359192097e-05,0.00012617100467016671,21.585070815955937,8.942510933951664e-05
2015-12-31,2043.93994140625,2655330000,-0.009456485041468454,8.942510933951664e-05,5.220210449003903e-05,0.0001292521803429195,21.699834778078394,0.00023783937321328
2016-01-04,2012.6600341796875,4304880000,-0.015422041797806152,0.00023783937321328,9.925803327279164e-05,0.00013493269372788434,22.183015100105436,4.040920681899788e-06
2016-01-05,2016.7099609375,3706620000,0.002010204139359928,4.040920681899788e-06,9.911492064388239e-05,0.0001295596337227558,22.033386247363214,0.00017429710794788917
2016-01-06,1990.260009765625,4336660000,-0.013202163002625333,0.00017429710794788917,0.00011161386742468539,0.00012795461778643597,22.19037030375311,0.0005753193940996917
2016-01-07,1943.0899658203125,5076590000,-0.02398581651934517,0.0005753193940996917,0.00021618438105645548,0.0001353411680990541,22.347905613495506,0.00011875632238365413
2016-01-08,1922.030029296875,4664940000,-0.01089753744584776,0.00011875632238365413,0.00022205062366528294,0.00013850296399474778,22.263340809641036,7.274525610830625e-07
2016-01-11,1923.6700439453125,4607290000,0.0008529082958226297,7.274525610830625e-07,0.00017462823953484356,0.00013660903882510347,22.250905668824416,6.041197571099992e-05
2016-01-12,1938.6800537109375,4887260000,0.007772514117774243,6.041197571099992e-05,0.00018590245054066358,0.00013661146031389456,22.309897656397492,0.0006391984895800731
2016-01-13,1890.280029296875,5087030000,-0.02528237507790898,0.0006391984895800731,0.00027888272686710035,0.00016543605729884843,22.34996000035172,0.0002741693819067901
2016-01-14,1921.8399658203125,5241110000,0.0165580609343845,0.0002741693819067901,0.00021865272442852003,0.00016041176518812926,22.379799145097987,0.0004768009693258238
2016-01-15,1880.3299560546875,5468460000,-0.021835772698162614,0.0004768009693258238,0.000290261653816954,0.00018106143337408216,22.42226287827557,2.826838217041777e-07
2016-01-19,1881.3299560546875,4928350000,0.0005316801874286625,2.826838217041777e-07,0.00029017270006907823,0.00017600300543443859,22.318270083585816,0.0001383626645800382
2016-01-20,1859.3299560546875,6416070000,-0.011762766025898763,0.0001383626645800382,0.0003057628378428859,0.000172852834739928,22.582071617831406,2.6853006223099833e-05
2016-01-21,1868.989990234375,5078810000,0.005181988635948542,2.6853006223099833e-05,0.0001832937411714912,0.00016363400525537324,22.348342819323918,0.0004032355921180392
2016-01-22,1906.9000244140625,4901760000,0.020080726882213185,0.0004032355921180392,0.00020910698321374103,0.00016730509458209086,22.312860161449457,0.0002484263062348777
2016-01-25,1877.0799560546875,4401380000,-0.015761545172821023,0.0002484263062348777,0.0001634320505955518,0.0001758682786319448,22.205183965287862,0.00019726870571160464
2016-01-26,1903.6300048828125,4357940000,0.014045237830368151,0.00019726870571160464,0.0002028292549735319,0.00018133253969998498,22.195265305820143,0.00011931023158337781
2016-01-27,1882.949951171875,4754040000,-0.01092292230052827,0.00011931023158337781,0.00019901876837419985,0.00017983232273336919,22.28226062002655,3.0397036135157072e-05
2016-01-28,1893.3599853515625,4693010000,0.005513350717590626,3.0397036135157072e-05,0.00019972757435661128,0.00018109765486226193,22.26934000480266,0.0005982256084735451
2016-01-29,1940.239990234375,5497570000,0.02445865099455702,0.0005982256084735451,0.00023872557762771241,0.00020807352416440277,22.427572013554506,1.9654578527188533e-07
2016-02-01,1939.3800048828125,4322530000,-0.00044333484554215374,1.9654578527188533e-07,0.00018907962553779125,0.00020300053197082994,22.187106716156975,0.00035800305723629336
2016-02-02,1903.030029296875,4463190000,-0.018920968718231457,0.00035800305723629336,0.000221226495842729,0.00021688854248425957,22.219129594172237,2.479661555926213e-05
2016-02-03,1912.530029296875,5172950000,0.004979620021574149,2.479661555926213e-05,0.00020232377263790588,0.00021395088367606618,22.366708962543154,2.3273586151523366e-06
2016-02-04,1915.449951171875,5193320000,0.0015255682925232605,2.3273586151523366e-06,0.00019670983713390494,0.00020324579210342399,22.37063902151607,0.00034797762099918254
2016-02-05,1880.050048828125,4929940000,-0.01865415827635175,0.00034797762099918254,0.00014666023963903242,0.00021887927848148234,22.318592654744396,0.000203206676389708
2016-02-08,1853.43994140625,5636460000,-0.014255057923056924,0.000203206676389708,0.00018726226575991966,0.00022019334977429228,22.452522045998595,4.4068440429140574e-07
2016-02-09,1852.2099609375,5183220000,-0.0006638406467605051,4.4068440429140574e-07,0.00011574979119351925,0.00019406249933359224,22.368692321905666,3.570895444329475e-08
2016-02-10,1851.8599853515625,4471170000,-0.0001889681307609692,3.570895444329475e-08,0.0001107976098725555,0.00018866610781408268,22.220915956512748,0.00015320120238851054
2016-02-11,1829.0799560546875,5500800000,-0.012377447329256164,0.00015320120238851054,0.00014097237862722712,0.0001955967328062385,22.428159373334594,0.0003736494879046435
2016-02-12,1864.780029296875,4696920000,0.019330015207046358,0.0003736494879046435,0.00014610675200831932,0.00020983480154231315,22.270172811910946,0.00026836133143733396
2016-02-16,1895.5799560546875,4570670000,0.01638173774168461,0.00026836133143733396,0.00015913768301784454,0.00019297856708127957,22.24292563964046,0.0002671953325857102
2016-02-17,1926.8199462890625,5011540000,0.016346110625641508,0.0002671953325857102,0.00021248861265412826,0.00019266156483941233,22.335009090239105,2.187088802261548e-05
2016-02-18,1917.8299560546875,4436490000,-0.004676632123934432,2.187088802261548e-05,0.00021685564846776268,0.00017198292478017558,22.213129360433452,6.777317613971621e-10
2016-02-19,1917.780029296875,4142850000,-2.603328180228459e-05,6.777317613971621e-10,0.0001862155435364129,0.0001719701063215418,22.144649793979536,0.00020594348307800706
2016-02-22,1945.5,4054710000,0.014350731099076697,0.00020594348307800706,0.0001526743425710856,0.0001750419617078131,22.12314500555686,0.00015706550056783698
2016-02-23,1921.27001953125,3890650000,-0.012532577570788739,0.00015706550056783698,0.0001304151763971862,0.00018096071145075573,22.08184207599064,1.9624545908438985e-05
2016-02-24,1929.800048828125,4317250000,0.004429960034632252,1.9624545908438985e-05,8.090101906173196e-05,0.0001635238457139557,22.18588446266068,0.00012733693250729363
2016-02-25,1951.699951171875,4118210000,0.011284366730450301,0.00012733693250729363,0.0001019942279586676,0.0001580197832717928,22.138684440123544,3.503879812026917e-06
2016-02-26,1948.050048828125,4348510000,-0.001871865329564848,3.503879812026917e-06,0.00010269486837472069,0.00014921229118544833,22.19309909486497,6.648985385853453e-05
2016-02-29,1932.22998046875,4588180000,-0.008154131091571593,6.648985385853453e-05,7.480414253082618e-05,0.0001468113649252282,22.246749268443068,0.0005564119258553231
2016-03-01,1978.3499755859375,4819750000,0.023588385401619227,0.0005564119258553231,0.00015467342758832342,0.0001707211326397812,22.295987896651333,1.6694986267436735e-05
2016-03-02,1986.449951171875,4666610000,0.004085949861101668,1.6694986267436735e-05,0.00015408751566012296,0.00014428792253950355,22.26369873517698,1.2198494495454569e-05
2016-03-03,1993.4000244140625,5081700000,0.0034926343203167676,1.2198494495454569e-05,0.00013105982805775514,0.00014483346566269365,22.348911688421506,1.0892903308700536e-05
2016-03-04,1999.989990234375,6049930000,0.003300439865942195,1.0892903308700536e-05,0.00013253763275708987,0.00012905573139325763,22.523312538839583,7.825574998074645e-07
2016-03-07,2001.760009765625,4968180000,0.0008846228008634327,7.825574998074645e-07,0.00011939617348534446,0.00012796418329964605,22.32631941300657,0.0001277749009736943
2016-03-08,1979.260009765625,4641650000,-0.011303756056006087,0.0001277749009736943,3.3668768509018694e-05,0.00013366634431594344,22.25833574363637,2.5398301757839876e-05
2016-03-09,1989.260009765625,4038120000,0.005039672782814364,2.5398301757839876e-05,3.540943160709932e-05,0.00011900364798679147,22.119045074325157,2.4271395635259483e-08
2016-03-10,1989.5699462890625,4376790000,0.00015579279712252259,2.4271395635259483e-08,3.2974586987135466e-05,0.00010976808412342453,22.199581416165493,0.00026447038902944944
2016-03-11,2022.18994140625,4078620000,0.016262545588850763,0.00026447038902944944,8.369008413128524e-05,0.00012176943433365898,22.129024533099088,1.5920600418660696e-06
2016-03-14,2019.6400146484375,3487850000,-0.001261768616611647,1.5920600418660696e-06,8.385198463969697e-05,0.00012184017756490549,21.972551337767975,3.3805637126291125e-06
2016-03-15,2015.9300537109375,3560280000,-0.0018386309343174645,3.3805637126291125e-06,5.8973117187483925e-05,0.0001150301485341836,21.99310503068374,3.1189185513525896e-05
2016-03-16,2027.219970703125,4057020000,0.00558472788177955,3.1189185513525896e-05,6.013129393862113e-05,9.946377115276917e-05,22.123714551156105,4.3211994359738e-05
2016-03-17,2040.5899658203125,4530480000,0.006573583068596456,4.3211994359738e-05,6.876883853144167e-05,8.922971037651481e-05,22.23409373131359,1.932452807208997e-05
2016-03-18,2049.580078125,6503140000,0.004395967251025645,1.932452807208997e-05,1.973966633996979e-05,7.796285562589569e-05,22.59555097428076,9.704060599037635e-07
2016-03-21,2051.60009765625,3376600000,0.0009850919042930784,9.704060599037635e-07,1.9615335543577327e-05,7.701283371849972e-05,21.940135123303524,7.704852583081708e-07
2016-03-22,2049.800048828125,3418460000,-0.0008777728967723775,7.704852583081708e-07,1.909331985271314e-05,7.704782496970638e-05,21.952455994503726,4.104336436653441e-05
2016-03-23,2036.7099609375,3639510000,-0.00640650953066757,4.104336436653441e-05,2.106415562331484e-05,6.955236502827581e-05,22.015114894423743,1.4299120530982045e-07
2016-03-24,2035.93994140625,3407720000,-0.0003781417793762287,1.4299120530982045e-07,1.2450354992429205e-05,6.241952369361548e-05,21.94930928320723,2.971415194239878e-07
2016-03-28,2037.050048828125,2809090000,0.0005451068880724108,2.971415194239878e-07,8.644877681896008e-06,6.154100531229662e-05,21.75612642478308,7.705349562433213e-05
2016-03-29,2055.010009765625,3822330000,0.008778012054237117,7.705349562433213e-05,2.386149559478168e-05,5.925539454488928e-05,22.064126021528036,1.884323911854179e-05
2016-03-30,2063.949951171875,3590310000,0.004340879993566027,1.884323911854179e-05,2.7476046366828402e-05,5.995263814973086e-05,22.001504386972027,4.169120221540449e-06
2016-03-31,2059.739990234375,3715280000,-0.0020418423596204605,4.169120221540449e-06,2.010119753782961e-05,5.711987752986749e-05,22.03571988266624,3.982820434029454e-05
2016-04-01,2072.780029296875,3749990000,0.0063109590665995086,3.982820434029454e-05,2.8038240164826555e-05,3.3638799279184375e-05,22.045019010525177,1.0326454005103825e-05
2016-04-04,2066.1298828125,3485710000,-0.003213480045854311,1.0326454005103825e-05,3.004410266196252e-05,3.3349320539987425e-05,21.97193759096819,0.00010396450130236264
2016-04-05,2045.1700439453125,4154920000,-0.01019629841179448,0.00010396450130236264,3.542630379756863e-05,3.752050266757416e-05,22.14755901139819,0.00010926098460749136
2016-04-06,2066.659912109375,3750800000,0.010452797932012814,0.00010926098460749136,5.350985289535854e-05,4.199177909024647e-05,22.045234987776354,0.00014515608638671906
2016-04-07,2041.9100341796875,3801250000,-0.01204807397000529,0.00014515608638671906,8.170724612839426e-05,4.8554212221469716e-05,22.05859579721892,7.743433785742199e-06
2016-04-08,2047.5999755859375,3359530000,0.0027827026046169934,7.743433785742199e-06,7.529029201748378e-05,4.309823644019917e-05,21.93506692048255,7.527044048364916e-06
2016-04-11,2041.989990234375,3567840000,-0.0027435458896043485,7.527044048364916e-06,7.473041002613601e-05,4.228590654431395e-05,21.995226207889647,9.246272270747367e-05
2016-04-12,2061.719970703125,4239740000,0.009615753881390354,9.246272270747367e-05,7.243005430715821e-05,4.648765433121569e-05,22.16776778379123,9.980149398064289e-05
2016-04-13,2082.419921875,4191830000,0.00999006976855732,9.980149398064289e-05,7.053815618178853e-05,3.900270455626994e-05,22.156403229946285,2.9898708494291835e-08
2016-04-14,2082.780029296875,3765870000,0.0001729124301323992,2.9898708494291835e-08,4.151291864614357e-05,3.893169722293486e-05,22.049244747467146,9.697711181023672e-07
2016-04-15,2080.72998046875,3701450000,-0.0009847695761457942,9.697711181023672e-07,4.0158186112615605e-05,3.8822115741365455e-05,22.031990471989076,4.25068220792179e-05
2016-04-18,2094.340087890625,3316880000,0.006519725613798322,4.25068220792179e-05,4.71541417187862e-05,3.933655376707873e-05,21.922290419289784,9.484785550352053e-06
2016-04-19,2100.800048828125,3896830000,0.0030797379028664196,9.484785550352053e-06,3.0558554287361873e-05,3.7803498821197554e-05,22.083429239308103,5.79509249985561e-07
2016-04-20,2102.39990234375,4184880000,0.0007612550492348547,5.79509249985561e-07,1.0714157341230407e-05,3.69514525111019e-05,22.154743866880576,2.7118710912654883e-05
2016-04-21,2091.47998046875,4175290000,-0.005207562857292736,2.7118710912654883e-05,1.6131919782062528e-05,3.8140011822590586e-05,22.15244965415427,2.290443635696488e-09
2016-04-22,2091.580078125,3790580000,4.785857954114903e-05,2.290443635696488e-09,1.593842364716919e-05,3.8105093876469114e-05,22.055784878896795,3.2894700404618377e-06
2016-04-25,2087.7900390625,3319740000,-0.0018136896207625597,3.2894700404618377e-06,8.09495323941798e-06,3.638900777073854e-05,21.92315230385638,3.5006416519916553e-06
2016-04-26,2091.699951171875,3557190000,0.001871000174236137,3.5006416519916553e-06,6.8981244597459e-06,3.6541628245587715e-05,21.99223674456711,2.715884592352373e-06
2016-04-27,2095.14990234375,4100110000,0.0016479941117468755,2.715884592352373e-06,7.325399528219262e-06,3.665157111253901e-05,22.134279639808963,8.600032580228579e-05
2016-04-28,2075.81005859375,4309840000,-0.009273636061561064,8.600032580228579e-05,1.9101722506145443e-05,3.70582452115369e-05,22.18416661763518,2.576526059120108e-05
2016-04-29,2065.300048828125,4704720000,-0.005075949230557875,2.576526059120108e-05,2.425431653565852e-05,3.737288255120323e-05,22.271832097267104,6.052228036381374e-05
2016-05-02,2081.429931640625,3841110000,0.007779606697244645,6.052228036381374e-05,3.57008786003289e-05,3.993438983039747e-05,22.069027224535873,7.594249959035178e-05
2016-05-03,2063.3701171875,4173390000,-0.008714499388395858,7.594249959035178e-05,5.018925018800092e-05,4.1575948705400074e-05,22.151994492372445,3.545705519632079e-05
2016-05-04,2051.1201171875,4058560000,-0.0059545827054732214,3.545705519632079e-05,5.673748430879461e-05,4.27182487595463e-05,22.124094068089732,5.713854050158166e-08
2016-05-05,2050.6298828125,4008530000,-0.0002390366927933485,5.713854050158166e-08,3.9548846856437767e-05,3.799518681582534e-05,22.111690427765037,1.0046431061190498e-05
2016-05-06,2057.139892578125,3796350000,0.00316961055355236,1.0046431061190498e-05,3.6405080950435646e-05,3.3485434381902574e-05,22.05730591602536,5.673302867598282e-07
2016-05-09,2058.68994140625,3788620000,0.0007532133076093572,5.673302867598282e-07,2.4414090935024864e-05,2.6913218195540786e-05,22.055267673903348,0.00015391789836995563
2016-05-10,2084.389892578125,3600200000,0.012406365236037331,0.00015391789836995563,4.0009170690945633e-05,3.355751204027776e-05,22.00425523669864,9.23044958487577e-05
2016-05-11,2064.4599609375,3821980000,-0.009607522877868035,9.23044958487577e-05,5.137865882143301e-05,3.741103257665925e-05,22.06403445015007,2.8723222269786813e-08
2016-05-12,2064.110107421875,3782390000,-0.00016947926796451185,2.8723222269786813e-08,5.1372975757786665e-05,3.320948714551362e-05,22.05362192217286,7.249558909482109e-05
2016-05-13,2046.6099853515625,3579880000,-0.008514434161752682,7.249558909482109e-05,6.386280736451278e-05,3.1968309650703546e-05,21.998595117523493,9.504254064522796e-05
2016-05-16,2066.659912109375,3501360000,0.009748976389612807,9.504254064522796e-05,8.27578494362064e-05,3.628706610237325e-05,21.97641730168163,8.94133555171266e-05
2016-05-17,2047.2099609375,4108960000,-0.009455863552163102,8.94133555171266e-05,6.985694086564061e-05,4.030722902960163e-05,22.136435792315027,4.208967628979948e-08
2016-05-18,2047.6300048828125,4101320000,0.00020515768640194665,4.208967628979948e-08,5.1404459631147024e-05,3.837701392037762e-05,22.134574710304836,1.3790784279184383e-05
2016-05-19,2040.0400390625,3846770000,-0.003713594522721131,1.3790784279184383e-05,5.4156871842529934e-05,3.857274113532455e-05,22.07049967234233,3.6017512802991664e-05
2016-05-20,2052.320068359375,3507650000,0.006001459222805039,3.6017512802991664e-05,4.686125658416405e-05,4.0183559478643005e-05,21.978212134814058,4.358226440475595e-06
2016-05-23,2048.0400390625,3055480000,-0.002087636568101736,4.358226440475595e-06,2.8724393743213582e-05,3.9148992002634854e-05,21.840202537031548,0.00018465107003014916
2016-05-24,2076.06005859375,3627340000,0.013588637533989534,0.00018465107003014916,4.7771936645818096e-05,4.754211834747638e-05,22.011765434513475,4.830986243754443e-05
2016-05-25,2090.5400390625,3859160000,0.0069505296515837145,4.830986243754443e-05,5.742549119806902e-05,4.958849982007103e-05,22.07371538042004,4.4295958172493444e-08
2016-05-26,2090.10009765625,3230990000,-0.0002104660499284705,4.4295958172493444e-08,5.467619353386664e-05,4.9431393197624716e-05,21.896054429076464,1.8298673994905568e-05
2016-05-27,2099.06005859375,3079150000,0.004277694939439414,1.8298673994905568e-05,5.1132425772249425e-05,5.013970180683168e-05,21.847919422142844,1.0115705181625905e-06
2016-05-31,2096.949951171875,4514410000,-0.0010057686205895422,1.0115705181625905e-06,5.046309458778683e-05,4.627657656664427e-05,22.23054033997206,1.2868603060297625e-06
2016-06-01,2099.330078125,3525170000,0.001134398653926283,1.2868603060297625e-06,1.3790252642962943e-05,4.5163922008227377e-05,21.98319449928179,7.956326866450093e-06
2016-06-02,2105.260009765625,3632720000,0.002820696166986103,7.956326866450093e-06,5.719545528744074e-06,4.2774560485619946e-05,22.013247516199662,8.50341896827764e-06
2016-06-03,2099.1298828125,3627780000,-0.0029160622366948274,8.50341896827764e-06,7.4113701307651034e-06,3.970914773007112e-05,22.01188672816552,2.386643474210655e-05
2016-06-06,2109.409912109375,3442020000,0.004885328519363519,2.386643474210655e-05,8.524922280205301e-06,3.918230134578865e-05,21.95932434558465,1.66053023981112e-06
2016-06-07,2112.1298828125,3534730000,0.0012886156291971318,1.66053023981112e-06,8.654714224535006e-06,3.925518278666636e-05,21.985902754594346,1.0917089841078888e-05
2016-06-08,2119.1201171875,3562060000,0.0033041019719552978,1.0917089841078888e-05,1.0580760131544831e-05,3.929475818575219e-05,21.99360486642215,2.9557710410647866e-06
2016-06-09,2115.47998046875,3290320000,-0.0017192355978936646,2.9557710410647866e-06,9.58064896646777e-06,3.940332367458424e-05,21.914250661735426,8.496290373246445e-05
2016-06-10,2096.070068359375,3515010000,-0.009217532410166207,8.496290373246445e-05,2.487254591930513e-05,3.626900573651646e-05,21.980308207439702,6.639477316638431e-05
2016-06-13,2079.06005859375,3392030000,-0.008148298789709685,6.639477316638431e-05,3.3378213604160684e-05,3.509129106913585e-05,21.944694399471388,3.241818514197067e-06
2016-06-14,2075.320068359375,3759770000,-0.0018005050719720472,3.241818514197067e-06,3.3694471259037876e-05,3.5237340855132546e-05,22.04762362253045,3.394471158410271e-06
2016-06-15,2071.5,3544720000,-0.0018424090638102797,3.394471158410271e-06,3.218994752250415e-05,3.209638094893205e-05,21.988725009607982,9.784966511374858e-06
2016-06-16,2077.989990234375,3628280000,0.0031280931110462262,9.784966511374858e-06,3.355578661656617e-05,2.822103667012055e-05,22.012024544005154,1.0649023408460638e-05
2016-06-17,2071.219970703125,4952630000,-0.003263284144609635,1.0649023408460638e-05,1.8693010551765403e-05,2.464083975609028e-05,22.32318458576339,3.354011448622034e-05
2016-06-20,2083.25,3467440000,0.005791382778423504,3.354011448622034e-05,1.2122078815732608e-05,2.6163477247450757e-05,21.966682406759144,7.335379664970713e-06
2016-06-21,2088.89990234375,3232880000,0.0027083906042095762,7.335379664970713e-06,1.294079104588734e-05,2.5870049764986502e-05,21.89663921808159,2.732174267720596e-06
2016-06-22,2085.449951171875,3168160000,-0.0016529289965756533,2.732174267720596e-06,1.2808331667749402e-05,2.4357079831565082e-05,21.876416814989398,0.0001762406810819725
2016-06-23,2113.320068359375,3297940000,0.013275567071954875,0.0001762406810819725,4.609947458186893e-05,3.216991867890586e-05,21.9165638683774,0.001338154402284978
2016-06-24,2037.4100341796875,7597450000,-0.036580792805582796,0.001338154402284978,0.0003116005503571724,8.460188832685261e-05,22.751078501752982,0.000333509647654194
2016-06-27,2000.5400390625,5431220000,-0.018262246511702607,0.000333509647654194,0.00037159445699076716,9.756551492760941e-05,22.41542962355651,0.00031025727988358927
2016-06-28,2036.0899658203125,4385810000,0.017614121604087707,0.00031025727988358927,0.00043217883703449084,0.00011166610510603744,22.20164016657835,0.000285246528142073
2016-06-29,2070.77001953125,4241740000,0.016889242971254603,0.000285246528142073,0.0004886817078093613,0.00012380009847636324,22.16823939960276,0.00018154498817053702
2016-06-30,2098.860107421875,4622820000,0.01347386314946597,0.00018154498817053702,0.0004897425692270742,0.00013200616291510753,22.2542707456548,3.7896653913280442e-06
2016-07-01,2102.949951171875,3458890000,0.0019467062930313972,3.7896653913280442e-06,0.00022286962184834427,0.0001321199267826211,21.964213565586302,4.721103932093084e-05
2016-07-05,2088.550048828125,3658380000,-0.006871028985598215,4.721103932093084e-05,0.00016560990018169163,0.0001339042318941884,22.02028626369576,2.8501579506204878e-05
2016-07-06,2099.72998046875,3909380000,0.005338687058276115,2.8501579506204878e-05,0.00010925876010621476,0.00013481323919136692,22.086644630851346,7.603105562368458e-07
2016-07-07,2097.89990234375,3604550000,-0.0008719578867335542,7.603105562368458e-07,5.236151658904752e-05,0.0001337629608192819,22.005462773539577,0.00022916469250678994
2016-07-08,2129.89990234375,3607500000,0.015138186565992306,0.00022916469250678994,6.18854574562981e-05,0.00014410405910414458,22.0062808488895,1.1579179270113613e-05
2016-07-11,2137.159912109375,3253340000,0.003402819311999039,1.1579179270113613e-05,6.344336023205521e-05,0.0001441341540781916,21.902947998188907,4.878802205847471e-05
2016-07-12,2152.139892578125,4097820000,0.006984842307344863,4.878802205847471e-05,6.375875677956399e-05,0.00014621743821534663,22.13372096217717,1.8159900483031364e-08
2016-07-13,2152.429931640625,3502320000,0.0001347586749824714,1.8159900483031364e-08,5.806207285841962e-05,0.0001423563134957111,21.9766914432774,2.751446036855509e-05
2016-07-14,2163.75,3465610000,0.0052454228016962645,2.751446036855509e-05,6.341290282088327e-05,0.00014058902655035525,21.966154500558563,8.637454369263004e-07
2016-07-15,2161.739990234375,3122600000,-0.000929379059870783,8.637454369263004e-07,1.7752713406910548e-05,0.00014048093231957022,21.86193182539194,5.661838561732616e-06
2016-07-18,2166.889892578125,3009310000,0.0023794618218691,5.661838561732616e-06,1.656924526523435e-05,0.0001405839944742667,21.824976653880537,2.062683367014326e-06
2016-07-19,2163.780029296875,2968340000,-0.0014362045004157054,2.062683367014326e-06,7.224177526942273e-06,0.00014023298160406846,21.811268711283546,1.815789631033852e-05
2016-07-20,2173.02001953125,3211860000,0.004261208315764264,1.815789631033852e-05,1.0852124808913371e-05,0.00014057429400869928,21.890116045841914,1.3097666626411444e-05
2016-07-21,2165.169921875,3438900000,-0.003619069856525492,1.3097666626411444e-05,7.968766060484642e-06,0.0001396450918332534,21.958417490044138,2.0644544402353273e-05
2016-07-22,2175.030029296875,3023280000,0.004543626789510036,2.0644544402353273e-05,1.1924925853570038e-05,0.0001402500538667708,21.829608172007198,9.096369039604684e-06
2016-07-25,2168.47998046875,3057240000,-0.0030160187399292937,9.096369039604684e-06,1.261183194914445e-05,0.000140539335447311,21.840778385442093,1.0415604756256034e-07
2016-07-26,2169.179931640625,3442350000,0.000322732160719319,1.0415604756256034e-07,1.2220126485254098e-05,0.00013253312976392871,21.959420214923504,1.4382268185406863e-06
2016-07-27,2166.580078125,3995500000,-0.0011992609468087778,1.4382268185406863e-06,8.87619258689453e-06,7.177330360636339e-05,22.10843456502907,2.5757696447049516e-06
2016-07-28,2170.06005859375,3664240000,0.0016049204480923507,2.5757696447049516e-06,6.771813190553232e-06,5.673085460593207e-05,22.021886784069434,2.6568351839590225e-06
2016-07-29,2173.60009765625,4038840000,0.0016299801176575812,2.6568351839590225e-06,3.174271346874382e-06,4.274901621049433e-05,22.119223359224854,1.6144094876386065e-06
2016-08-01,2170.840087890625,3505990000,-0.0012705941474910887,1.6144094876386065e-06,1.6778794364811662e-06,2.9856647180747317e-05,21.977738771473334,4.072916853638569e-05
2016-08-02,2157.030029296875,3848750000,-0.006381940812667075,4.072916853638569e-05,9.802881934245793e-06,2.345592810646771e-05,22.07101425746281,9.79090831899737e-06
2016-08-03,2163.7900390625,3786530000,0.003129042716071062,9.79090831899737e-06,1.147341823433713e-05,2.3728711875907225e-05,22.05471586963479,4.51772047132155e-08
2016-08-04,2164.25,3709200000,0.00021254929948888446,4.51772047132155e-08,1.0967299746338782e-05,2.158480905244279e-05,22.034082057159946,7.338830244787214e-05
2016-08-05,2182.8701171875,3663070000,0.008566697289380087,7.338830244787214e-05,2.51135931991214e-05,2.3625114640700394e-05,22.0215674308526,8.236965401217148e-07
2016-08-08,2180.889892578125,3327550000,-0.0009075772915414504,8.236965401217148e-07,2.4955450609618023e-05,2.3627995821786067e-05,21.92550213471719,1.518801090450581e-07
2016-08-09,2181.739990234375,3334300000,0.00038971798655573764,1.518801090450581e-07,1.68399929241499e-05,1.3218322530979483e-05,21.927528599530387,8.229996591479754e-06
2016-08-10,2175.489990234375,3254950000,-0.0028687970634884152,8.229996591479754e-06,1.6527810578646376e-05,1.3066086954677943e-05,21.903442751813085,2.231065022999822e-05
2016-08-11,2185.7900390625,3423160000,0.004723415102444228,2.231065022999822e-05,2.098090518370338e-05,1.1862570053383557e-05,21.953829938317615,6.34194644018058e-07
2016-08-12,2184.050048828125,3000660000,-0.0007963633869145781,6.34194644018058e-07,6.430083622932562e-06,1.1890571632635147e-05,21.82209810175133,7.778611891109822e-06
2016-08-15,2190.14990234375,3078530000,0.0027890162945221064,7.778611891109822e-06,7.821066693130182e-06,1.0993487610933091e-05,21.847718047598573,3.018559869488864e-05
2016-08-16,2178.14990234375,3196400000,-0.005494142216478259,3.018559869488864e-05,1.3827810410298898e-05,1.2326299122658651e-05,21.885291013777433,3.485114010698734e-06
2016-08-17,2182.219970703125,3388910000,0.0018668460061554981,3.485114010698734e-06,1.2878833894142693e-05,1.2227357097611658e-05,21.94377417300743,4.8276952945880395e-06
2016-08-18,2187.02001953125,3300570000,0.0021972016963829333,4.8276952945880395e-06,9.382242907060659e-06,1.2353039457955919e-05,21.917361018078914,2.0773732730240576e-06
2016-08-19,2183.8701171875,3084800000,-0.001441309568768645,2.0773732730240576e-06,9.670878632861858e-06,1.1622106592623442e-05,21.84975266270467,3.1751183283336307e-07
2016-08-22,2182.639892578125,2777550000,-0.0005634818833231137,3.1751183283336307e-07,8.178658621206566e-06,1.104119046564262e-05,21.74483508147624,3.8019820132524663e-06
2016-08-23,2186.89990234375,3041490000,0.0019498671783617638,3.8019820132524663e-06,2.9019352848793322e-06,1.0275619447956219e-05,21.835613364197027,2.760509667168044e-05
2016-08-24,2175.43994140625,3148280000,-0.005254055259671375,2.760509667168044e-05,7.725931817075674e-06,1.1116925249414208e-05,21.87012210922593,1.8663942293644084e-06
2016-08-25,2172.469970703125,2969310000,-0.0013661603966461655,1.8663942293644084e-06,7.133671604030948e-06,1.1197026984950657e-05,21.811595439874253,2.496602998458771e-06
2016-08-26,2169.0400390625,3342340000,-0.0015800642387127084,2.496602998458771e-06,7.217517549117892e-06,1.1245134993128753e-05,21.929936997731833,2.719026383776743e-05
2016-08-29,2180.3798828125,2654780000,0.005214428428674367,2.719026383776743e-05,1.2592067950104703e-05,1.2363975638267956e-05,21.699627626060163,3.82433775161324e-06
2016-08-30,2176.1201171875,3006800000,-0.0019555914071229807,3.82433775161324e-06,1.2596539097776857e-05,1.2417043936797693e-05,21.824142227600166,5.6581713756813155e-06
2016-08-31,2170.949951171875,3766390000,-0.002378691105562325,5.6581713756813155e-06,8.207154038577034e-06,1.260085129534509e-05,22.04938282023699,1.7127504567375582e-09
2016-09-01,2170.860107421875,3392120000,-4.138538941145242e-05,1.7127504567375582e-09,7.834217742795497e-06,1.074960330507559e-05,21.944720931903596,1.757488962467745e-05
2016-09-02,2179.97998046875,3091120000,0.004192241599034752,1.757488962467745e-05,1.0849875068039234e-05,1.1103420637151957e-05,21.851799322053907,8.86397212975012e-06
2016-09-06,2186.47998046875,3447650000,0.002977242370004518,8.86397212975012e-06,7.184616726435772e-06,1.1504274951926363e-05,21.960958676764964,2.143177074862877e-08
2016-09-07,2186.159912109375,3319420000,-0.00014639593829279818,2.143177074862877e-08,6.42403553026285e-06,8.169417193875294e-06,21.923055906119274,4.952797694826026e-06
2016-09-08,2181.300048828125,3727840000,-0.0022254881924705927,4.952797694826026e-06,6.282960794091792e-06,8.357103609998215e-06,22.03909481466205,0.0006164167932188282
2016-09-09,2127.81005859375,4233960000,-0.024827742410836073,0.0006164167932188282,0.0001295659768877661,3.636914511498836e-05,22.166403562519516,0.00021229618413223463
2016-09-12,2159.0400390625,4010480000,0.014570387233434623,0.00021229618413223463,0.00016851023578927753,4.5644880912295405e-05,22.112176772098803,0.00022325584160942929
2016-09-13,2127.02001953125,4141670000,-0.014941748278211264,0.00022325584160942929,0.00021138860968521336,5.4778753247724085e-05,22.144364925331093,3.4556691686055744e-07
2016-09-14,2125.77001953125,3664100000,-0.0005878493998130452,3.4556691686055744e-07,0.00021145343671443573,5.4765633805580564e-05,22.021848576235197,0.00010117375316366405
2016-09-15,2147.260009765625,3373720000,0.010058516449440447,0.00010117375316366405,0.00023069762780820335,5.901086749978757e-05,21.939281830371073,1.428407446194264e-05
2016-09-16,2139.159912109375,5014360000,-0.0037794277955720545,1.428407446194264e-05,0.00011027108405682624,5.8288070943744574e-05,22.33557163326742,3.460803087628566e-10
2016-09-19,2139.1201171875,3141820000,-1.8603233825409404e-05,3.460803087628566e-10,6.781191644644105e-05,5.812967240145412e-05,21.86806808710572,8.945691231160781e-08
2016-09-20,2139.760009765625,3117380000,0.0002990934842346249,8.945691231160781e-08,2.3178639507017522e-05,5.7914297929532466e-05,21.86025874271668,0.0001178961712452404
2016-09-21,2163.1201171875,3685450000,0.010858000333636042,0.0001178961712452404,4.668876037269349e-05,6.317878874645138e-05,22.027658472092693,4.1974226410343e-05
2016-09-22,2177.179931640625,3523860000,0.006478751917641468,4.1974226410343e-05,3.4848855022029275e-05,6.507227577270182e-05,21.98282281693267,3.310037988034254e-05
2016-09-23,2164.68994140625,3289860000,-0.005753292959718159,3.310037988034254e-05,3.861211610570926e-05,6.640402113029684e-05,21.914110847930754,7.43880395565276e-05
2016-09-26,2146.10009765625,3199910000,-0.008624850117916694,7.43880395565276e-05,5.348965480095303e-05,6.853051853415352e-05,21.886388521669087,4.126129013860605e-05
2016-09-27,2159.929931640625,3414090000,0.006423495165297943,4.126129013860605e-05,6.172402144621192e-05,7.032119562093723e-05,21.951176823302756,2.7905615573359428e-05
2016-09-28,2171.3701171875,3860390000,0.005282576603643285,2.7905615573359428e-05,4.372591031183572e-05,7.147615073797818e-05,22.074034051847804,8.770561740074087e-05
2016-09-29,2151.1298828125,4215620000,-0.009365127730081468,8.770561740074087e-05,5.2872188509915304e-05,7.422684862720424e-05,22.162062511533154,6.298632731130272e-05
2016-09-30,2168.27001953125,4158800000,0.007936392588027807,6.298632731130272e-05,5.8849377996107334e-05,7.691602997082649e-05,22.14849240830854,1.066690742227697e-05
2016-10-03,2161.199951171875,3113850000,-0.0032660231815277996,1.066690742227697e-05,4.6105151569257206e-05,7.71436997911263e-05,21.859125739962334,2.4679849443266024e-05
2016-10-04,2150.489990234375,3716100000,-0.004967881786361872,2.4679849443266024e-05,4.27888634301892e-05,7.826543327716307e-05,22.035940568461637,1.838253818270587e-05
2016-10-05,2159.72998046875,3883710000,0.004287486231197235,1.838253818270587e-05,4.0884247952058486e-05,7.830214457525527e-05,22.080056719551873,2.3178818321035517e-07
2016-10-06,2160.77001953125,3438040000,0.00048144385260417977,2.3178818321035517e-07,2.338948210855239e-05,7.790977257768529e-05,21.95816737880157,1.061969558962045e-05
2016-10-07,2153.739990234375,3578770000,-0.0032587874416138973,1.061969558962045e-05,1.2916155764215934e-05,7.839151184217946e-05,21.998285003183895,2.111706072532381e-05
2016-10-10,2163.659912109375,2881970000,0.004595330317324731,2.111706072532381e-05,1.5006186424825301e-05,7.912625107083845e-05,21.78173992537866,0.00015686504650713396
2016-10-11,2136.72998046875,3393060000,-0.012524577697756278,0.00015686504650713396,4.144322583759888e-05,5.823753531121598e-05,21.944998006352833,1.3131606216612657e-06
2016-10-12,2139.179931640625,2959510000,0.00114593220639847,1.3131606216612657e-06,3.8029350325389965e-05,4.864739787891718e-05,21.808289551376387,9.635290372983933e-06
2016-10-13,2132.550048828125,3538030000,-0.0031040764122334252,9.635290372983933e-06,3.991005076334469e-05,3.8937372822715134e-05,21.986835912297572,4.063617320841946e-08
2016-10-14,2132.97998046875,3187910000,0.000201584159120749,4.063617320841946e-08,3.779423888006228e-05,3.892351233436731e-05,21.88263136692382,9.257524974494988e-06
2016-10-17,2126.5,2832440000,-0.003042618111839701,9.257524974494988e-06,3.542233172989651e-05,3.474550196213235e-05,21.764404368294336,3.77180911048218e-05
2016-10-18,2139.60009765625,3172940000,0.00614150560569815,3.77180911048218e-05,1.1592940649434087e-05,3.581068453680867e-05,21.877924440134525,4.7942262234849456e-06
2016-10-19,2144.2900390625,3364990000,0.0021895721553502057,4.7942262234849456e-06,1.2289153769798822e-05,3.6028588179680316e-05,21.936690828567663,1.8952234039758918e-06
2016-10-20,2141.340087890625,3339320000,-0.0013766711313802915,1.8952234039758918e-06,1.0741140375997214e-05,3.611066847475597e-05,21.92903303069228,7.080404611738368e-09
2016-10-21,2141.159912109375,3456390000,-8.414514015520069e-05,7.080404611738368e-09,1.0734429222277879e-05,3.0752073436545574e-05,21.963490529032992,2.24542792326321e-05
2016-10-24,2151.330078125,3359950000,0.004738594647427874,2.24542792326321e-05,1.3373780073905301e-05,2.9864803110285984e-05,21.935191930156044,1.4477701308224396e-05
2016-10-25,2143.159912109375,3756200000,-0.0038049574647063267,1.4477701308224396e-05,8.72570211458582e-06,2.9018317720644254e-05,22.046673645277338,3.0343128826139297e-06
2016-10-26,2139.429931640625,3778120000,-0.0017419279211878802,3.0343128826139297e-06,8.373719446411616e-06,2.5774966508193632e-05,22.05249236862346,8.947252948121966e-06
2016-10-27,2133.0400390625,4209400000,-0.0029911959060084925,8.947252948121966e-06,9.784125355240832e-06,2.43061466358989e-05,22.16058595690691,9.691641528945354e-06
2016-10-28,2126.409912109375,4028270000,-0.003113140139625159,9.691641528945354e-06,1.1721037580107552e-05,2.347823872478917e-05,22.116602840589017,1.4953348334575414e-08
2016-10-31,2126.14990234375,3926560000,-0.00012228388419810443,1.4953348334575414e-08,7.233172403248051e-06,1.9492299449679797e-05,22.091029561701543,4.637636026134521e-05
2016-11-01,2111.719970703125,4539190000,-0.006810019108735688,4.637636026134521e-05,1.361290419387221e-05,1.8737300947408995e-05,22.236014419205368,4.28616960468744e-05
2016-11-02,2097.93994140625,4289120000,-0.00654688445345375,4.28616960468744e-05,2.1578380826724304e-05,2.0200700430345244e-05,22.179347420872688,1.9653377703830177e-05
2016-11-03,2088.659912109375,3892100000,-0.004433213022609017,1.9653377703830177e-05,2.3719605777865947e-05,1.9972224442189068e-05,22.082214694927753,2.780623856509064e-06
2016-11-04,2085.179931640625,3841910000,-0.00166752027169359,2.780623856509064e-06,2.233740224337869e-05,1.926304651827103e-05,22.06923547597936,0.0004831291801471767
2016-11-07,2131.52001953125,3739720000,0.021980199729465077,0.0004831291801471767,0.0001189602476031471,4.1212927971178596e-05,22.04227657952747,1.4174309345386994e-05
2016-11-08,2139.56005859375,3921850000,0.003764878397158,1.4174309345386994e-05,0.00011251983741995548,4.137450132371344e-05,22.089829318451194,0.00012135489720295469
2016-11-09,2163.260009765625,6267590000,0.011016119879656117,0.00012135489720295469,0.00012821847765117153,4.5930766618151205e-05,22.558657747845754,3.797999625141808e-06
2016-11-10,2167.47998046875,6458450000,0.0019488457160949935,3.797999625141808e-06,0.00012504740203543384,3.897317357806065e-05,22.588655188025516,1.957000522272161e-06
2016-11-11,2164.449951171875,4993990000,-0.0013989283477977565,1.957000522272161e-06,0.00012488267736858648,3.900243902808842e-05,22.331501026599344,1.3342434698756088e-08
2016-11-14,2164.199951171875,5373670000,-0.00011550945718319383,1.3342434698756088e-08,2.825950982609088e-05,3.856507775816637e-05,22.404776938666977,5.554653856129129e-05
2016-11-15,2180.389892578125,4548110000,0.007452955022089647,5.554653856129129e-05,3.653395566927174e-05,4.108807332126105e-05,22.23797759921767,2.5075245766380783e-06
2016-11-16,2176.93994140625,3847900000,-0.0015835165223760939,2.5075245766380783e-06,1.2764481144008418e-05,4.0781255121358455e-05,22.070793382146086,2.1766604360277733e-05
2016-11-17,2187.1201171875,3811730000,0.004665469361198049,2.1766604360277733e-05,1.6358202091035602e-05,4.0056187542061e-05,22.06134899153105,5.7104336488703345e-06
2016-11-18,2181.89990234375,3580900000,-0.002389651365549028,5.7104336488703345e-06,1.7108888716355237e-05,4.009783333412397e-05,21.998880002691482,5.5259926478518274e-05
2016-11-21,2198.179931640625,3611500000,0.007433702070874126,5.5259926478518274e-05,2.8158205525119144e-05,4.252350165569408e-05,22.007389035732068,4.678963122445229e-06
2016-11-22,2202.93994140625,3960520000,0.002163091103593473,4.678963122445229e-06,1.7984690437349928e-05,4.273585996105015e-05,22.09964116697579,6.523763126730446e-07
2016-11-23,2204.719970703125,3419850000,0.0008076981569082875,6.523763126730446e-07,1.7613660784556923e-05,4.1744864373779284e-05,21.95286252770235,1.526266128800828e-05
2016-11-25,2213.35009765625,1584590000,0.0039067456134240786,1.526266128800828e-05,1.6312872170103035e-05,4.1780544372860364e-05,21.1835915363657,2.7755925339408916e-05
2016-11-28,2201.719970703125,3515100000,-0.005268389254735162,2.7755925339408916e-05,2.072197050821075e-05,4.290425402998741e-05,21.98033381159098,1.7806296403905376e-06
2016-11-29,2204.659912109375,3709190000,0.0013344023532617655,1.7806296403905376e-06,1.0026111140585201e-05,4.2578498425090525e-05,22.034079361157175,7.059279974924111e-06
2016-11-30,2198.81005859375,5538400000,-0.002656930555156478,7.059279974924111e-06,1.0502174511080978e-05,4.2458845627180474e-05,22.434971487508648,1.2402532654632298e-05
2016-12-01,2191.080078125,5067470000,-0.003521722966763896,1.2402532654632298e-05,1.285220577947283e-05,4.302191741383037e-05,22.346107516391307,1.5755161497190668e-07
2016-12-02,2191.949951171875,3782370000,0.0003969277200850385,1.5755161497190668e-07,9.831183844865554e-06,4.0921062475358854e-05,22.053616634496848,3.3691371947901644e-05
2016-12-05,2204.7099609375,3898530000,0.005804426926743211,3.3691371947901644e-05,1.1018273166564101e-05,4.050422956176918e-05,22.08386539620824,1.159460024016994e-05
2016-12-06,2212.22998046875,3857290000,0.003405084468874442,1.159460024016994e-05,1.2981067286519979e-05,4.0137921495239176e-05,22.073230701575202,0.0001710173117382017
2016-12-07,2241.35009765625,4504070000,0.01307735874472371,0.0001710173117382017,4.5772673639175496e-05,4.778504367167975e-05,22.228247269625726,4.652713783006234e-06
2016-12-08,2246.18994140625,4203270000,0.0021570150168708224,4.652713783006234e-06,4.422270986485028e-05,2.6036113382399274e-05,22.159128630972706,3.5063197442599426e-05
2016-12-09,2259.530029296875,3886460000,0.005921418532969902,3.5063197442599426e-05,5.1203839030375787e-05,2.6985608295908924e-05,22.080764554802354,1.2952313001757656e-06
2016-12-12,2256.9599609375,4038850000,-0.001138082290599307,1.2952313001757656e-06,4.4724610900830615e-05,2.152835075487352e-05,22.11922583518023,4.249062324480957e-05
2016-12-13,2271.719970703125,3875630000,0.006518483201237046,4.249062324480957e-05,5.090381550175854e-05,2.328710637394933e-05,22.077974067440106,6.642731611560073e-05
2016-12-14,2253.280029296875,4409670000,-0.00815029546185908,6.642731611560073e-05,2.998581637723834e-05,2.6217575264555172e-05,22.20706569390007,1.5021110079363175e-05
2016-12-15,2262.030029296875,4173360000,0.003875707687553742,1.5021110079363175e-05,3.205949563650973e-05,2.6899746521130826e-05,22.151987303945813,3.0700532800046133e-06
2016-12-16,2258.070068359375,5928980000,-0.0017521567509799496,3.0700532800046133e-06,2.566086680399077e-05,2.4514451735617797e-05,22.50311802858449,3.893410564054999e-06
2016-12-19,2262.530029296875,3252840000,0.0019731727152114686,3.893410564054999e-06,2.6180502656766613e-05,2.457744655322766e-05,21.902794298168057,1.3183524864840898e-05
2016-12-20,2270.760009765625,3306250000,0.0036309124011522087,1.3183524864840898e-05,2.0319082980772884e-05,2.4187306576162346e-05,21.91908045387334,6.053497914195432e-06
2016-12-21,2265.179931640625,2854880000,-0.0024603857246772165,6.053497914195432e-06,8.244319340491822e-06,2.4202900406404397e-05,21.77229564799767,3.477147942932725e-06
2016-12-22,2260.9599609375,2880670000,-0.001864711222396842,3.477147942932725e-06,5.935526913205733e-06,2.1849137745695964e-05,21.781288743274065,1.564832207319499e-06
2016-12-23,2263.7900390625,2021230000,0.00125093253507913,1.564832207319499e-06,5.63448269866871e-06,2.1707586340462972e-05,21.426972074434346,5.043837302062634e-06
2016-12-27,2268.8798828125,1989730000,0.0022458489045487084,5.043837302062634e-06,5.8645680462702375e-06,2.1907198203617044e-05,21.411264788588287,7.041963380188683e-05
2016-12-28,2249.919921875,2402750000,-0.008391640709771053,7.041963380188683e-05,1.7311789833679424e-05,2.4414333317884256e-05,21.599879752083858,8.605289179226873e-08
2016-12-29,2249.260009765625,2338700000,-0.00029334773186828755,8.605289179226873e-08,1.6118300829198792e-05,2.315661184299259e-05,21.572861056809888,2.160236736928954e-05
2016-12-30,2238.830078125,2671550000,-0.0046478346968550355,2.160236736928954e-05,1.9743344714470155e-05,2.4057599921578906e-05,21.70592466563838,7.141545871627556e-05
2017-01-03,2257.830078125,3773010000,0.008450766753157701,7.141545871627556e-05,3.3713470016261365e-05,2.698288077345852e-05,22.051138928600928,3.2558022550822763e-05
2017-01-04,2270.75,3768890000,0.005705963770549438,3.2558022550822763e-05,3.9216307066013396e-05,2.7899039405103538e-05,22.050046365610502,5.943910440766172e-07
2017-01-05,2269.0,3785080000,-0.0007709676024818535,5.943910440766172e-07,2.525125851445135e-05,2.7918895742790118e-05,22.054332859940065,1.2325640670476875e-05
2017-01-06,2276.97998046875,3342080000,0.0035107891805798985,1.2325640670476875e-05,2.769917607018827e-05,2.6947726139270808e-05,21.929859204894143,1.2637352911728879e-05
2017-01-09,2268.89990234375,3219730000,-0.0035549054715602324,1.2637352911728879e-05,2.5906173178676137e-05,2.6995123987978028e-05,21.89256334236595,0.0
2017-01-10,2268.89990234375,3640560000,0.0,0.0,1.1623081435421027e-05,1.9221609818059776e-05,22.015403353190482,7.98425491109251e-06
2017-01-11,2275.320068359375,3625080000,0.002825642389102434,7.98425491109251e-06,6.708327907474977e-06,1.9373043505700062e-05,22.011142194250905,4.610091631308015e-06
2017-01-12,2270.43994140625,3466220000,-0.0021471123937297776,4.610091631308015e-06,7.511468024921256e-06,1.7988811423368632e-05,21.966330500258902,3.415589653724924e-06
2017-01-13,2274.639892578125,3090680000,0.0018481313951461686,3.415589653724924e-06,5.729457821570866e-06,1.8085191348529958e-05,21.85165696869385,8.832275535077035e-06
2017-01-17,2267.889892578125,3586950000,-0.0029719144562179167,8.832275535077035e-06,4.968442346240497e-06,1.6555266452633022e-05,22.000568096453215,3.1053504957951188e-06
2017-01-18,2271.889892578125,3317670000,0.0017622004698090166,3.1053504957951188e-06,5.5895124453995215e-06,1.3676995288096405e-05,21.922528566565333,1.3074281725442046e-05
2017-01-19,2263.68994140625,3168390000,-0.0036158376243191626,1.3074281725442046e-05,6.6075178082694285e-06,1.35885030901909e-05,21.876489409697886,1.1293525233066724e-05
2017-01-20,2271.31005859375,3536850000,0.0033605840613004645,1.1293525233066724e-05,7.94420452862117e-06,1.3962297269875541e-05,21.986502337732176,7.2562871557043346e-06
2017-01-23,2265.199951171875,3155240000,-0.002693749646070387,7.2562871557043346e-06,8.712344029017052e-06,1.4115155296768693e-05,21.87233040009395,4.2812687981750775e-05
2017-01-24,2280.070068359375,3816950000,0.006543140528962432,4.2812687981750775e-05,1.55084265183518e-05,1.5461935438446413e-05,22.062717511593057,6.390488010473248e-05
2017-01-25,2298.3701171875,3849340000,0.007994052795968543,6.390488010473248e-05,2.766833244013927e-05,1.809154371983446e-05,22.071167542238904,5.411881837769024e-07
2017-01-26,2296.679931640625,3611510000,-0.0007356549352630637,5.411881837769024e-07,2.5161713731806247e-05,1.7958091003509195e-05,22.007391804660813,7.514107009745918e-07
2017-01-27,2294.68994140625,3137420000,-0.0008668394897410892,7.514107009745918e-07,2.3053290825387817e-05,1.7921117298675337e-05,21.866666643389998,3.6332847775546315e-05
2017-01-30,2280.89990234375,3595040000,-0.006027673496096675,3.6332847775546315e-05,2.8868602949356213e-05,1.9343345047470052e-05,22.002820954900354,7.926369532658403e-07
2017-01-31,2278.8701171875,4089730000,-0.0008903016080328285,7.926369532658403e-07,2.0464592743659226e-05,1.6178481554350913e-05,22.131744790396645,8.899421867098324e-08
2017-02-01,2279.550048828125,3919190000,0.0002983189881167192,8.899421867098324e-08,7.701415566446927e-06,1.617861525102722e-05,22.08915083699941,3.250674176685173e-07
2017-02-02,2280.85009765625,3809760000,0.0005701468386902775,3.250674176685173e-07,7.65819141322525e-06,1.5211465253226262e-05,22.060832032237432,5.239583671338847e-05
2017-02-03,2297.419921875,3605970000,0.007238496854554022,5.239583671338847e-05,1.7987076615708026e-05,1.4346936980367761e-05,22.005856642502692,4.4842192300660295e-06
2017-02-06,2292.56005859375,3112390000,-0.00211759751370888,4.4842192300660295e-06,1.1617350906611967e-05,1.3070855011242454e-05,21.85865675706855,5.14398112122232e-08
2017-02-07,2293.080078125,3452460000,0.00022680346384529315,5.14398112122232e-08,1.1469111478201244e-05,1.3046175409748618e-05,21.962352857662868,4.803628647215037e-07
2017-02-08,2294.669921875,3611950000,0.0006930821486097472,4.803628647215037e-07,1.1547385207411348e-05,1.2507753691305192e-05,22.007513629935797,3.290242718299827e-05
2017-02-09,2307.8701171875,3681600000,0.005736063735960251,3.290242718299827e-05,1.80628571604773e-05,1.3428893430908344e-05,22.026613277516997,1.2671512658657502e-05
2017-02-10,2316.10009765625,3496600000,0.0035597068220090122,1.2671512658657502e-05,1.0117992349531105e-05,1.400487127902914e-05,21.975056905013815,2.7375221840943698e-05
2017-02-13,2328.25,3352370000,0.0052321335840117555,2.7375221840943698e-05,1.4696192871706639e-05,1.4886278866749648e-05,21.93293339563449,1.5994618018046796e-05
2017-02-14,2337.580078125,3528040000,0.003999327195672642,1.5994618018046796e-05,1.7884828513073554e-05,1.540375733887414e-05,21.984008313178606,2.479929112310994e-05
2017-02-15,2349.25,3785870000,0.0049798886657344,2.479929112310994e-05,2.274861416475124e-05,1.637574376930073e-05,22.054541552376985,7.473457291514425e-07
2017-02-16,2347.219970703125,3675900000,-0.0008644916015505544,7.473457291514425e-07,1.6317597873981873e-05,1.6008246959940477e-05,22.025063837859825,2.8128298658535837e-06
2017-02-17,2351.159912109375,3516830000,0.0016771493272376148,2.8128298658535837e-06,1.4345861315421093e-05,1.5994950567670407e-05,21.980825852903795,3.635909126452953e-05
2017-02-21,2365.3798828125,3587520000,0.006029850020069283,3.635909126452953e-05,1.614263520013826e-05,1.7053351001265295e-05,22.000726993208247,1.1724258397104468e-06
2017-02-22,2362.820068359375,3473170000,-0.0010827861468039046,1.1724258397104468e-06,1.3178196764470988e-05,1.6593301028840007e-05,21.96833355883372,1.7547634812186403e-07
2017-02-23,2363.81005859375,4021770000,0.00041889897125901854,1.7547634812186403e-07,8.253433809473373e-06,1.627144599213171e-05,22.114987941430506,2.2268107549976683e-06
2017-02-24,2367.340087890625,3832410000,0.0014922502320313669,2.2268107549976683e-06,8.549326814642618e-06,1.4426633390915662e-05,22.066759685329487,1.035235571044449e-06
2017-02-27,2369.75,3584680000,0.0010174652677337193,1.035235571044449e-06,8.193807955680791e-06,1.1568922275748026e-05,21.99993504648405,6.665206465234877e-06
2017-02-28,2363.639892578125,4212460000,-0.002581706115194926,6.665206465234877e-06,2.255030995821861e-06,1.1847286743087025e-05,22.16131263726824,0.00018444929450069504
2017-03-01,2395.9599609375,4347630000,0.013581211083725009,0.00018444929450069504,3.891040472801878e-05,2.0197190552165226e-05,22.192896706218328,3.45405039038023e-05
2017-03-02,2381.919921875,3824030000,-0.005877116972104801,3.45405039038023e-05,4.578341023915487e-05,2.0115720376176865e-05,22.06457067755458,2.537644337987063e-07
2017-03-03,2383.1201171875,3556670000,0.0005037503685345612,2.537644337987063e-07,4.5388800974915076e-05,2.0091226170746537e-05,21.99209055107981,1.077561220787914e-05
2017-03-06,2375.31005859375,3251800000,-0.0032826227635656124,1.077561220787914e-05,4.733687630228201e-05,2.0576981533892362e-05,21.902474526433252,8.512540904542559e-06
2017-03-07,2368.389892578125,3526300000,-0.002917625902089327,8.512540904542559e-06,4.770634319014355e-05,2.0949139419659366e-05,21.983514999832554,5.229582137226053e-06
2017-03-08,2362.97998046875,3814080000,-0.0022868279640642086,5.229582137226053e-06,1.1862400717449753e-05,1.880521875710653e-05,22.061965319520805,6.393211605303042e-07
2017-03-09,2364.8701171875,3718450000,0.0007995756127661124,6.393211605303042e-07,5.082164168795353e-06,1.863045066303672e-05,22.03657275200405,1.0649386035833099e-05
2017-03-10,2372.60009765625,3434400000,0.00326333970585857,1.0649386035833099e-05,7.16128848920223e-06,1.911217549142858e-05,21.957108075165795,1.3437035315734755e-07
2017-03-13,2373.469970703125,3166650000,0.0003665656191698119,1.3437035315734755e-07,5.033040118257873e-06,1.9096448559084754e-05,21.875940084028844,1.1456525663643605e-05
2017-03-14,2365.449951171875,3173760000,-0.003384748980891139,1.1456525663643605e-05,5.621837070078082e-06,1.8121634853659543e-05,21.878182842140074,6.955358381437758e-05
2017-03-15,2385.260009765625,3909490000,0.008339879124686256,6.955358381437758e-05,1.848663740550839e-05,2.070718354255591e-05,22.08667276790951,2.6504973073517283e-06
2017-03-16,2381.3798828125,3368880000,-0.0016280347991832755,2.6504973073517283e-06,1.888887263487267e-05,1.958333242739264e-05,21.93784618215529,1.7296964970654522e-06
2017-03-17,2378.25,5179820000,-0.0013151792642318583,1.7296964970654522e-06,1.7104934727119143e-05,1.8934926903711667e-05,22.36803614377235,4.047806314491554e-06
2017-03-20,2373.469970703125,3061560000,-0.002011916080379983,4.047806314491554e-06,1.7887621919385982e-05,1.7991677594229018e-05,21.84219042725303,0.00015589007226839293
2017-03-21,2344.02001953125,4278890000,-0.012485594590102345,0.00015589007226839293,4.677433124033584e-05,2.5043619709649083e-05,22.176959467343494,3.564932362598275e-06
2017-03-22,2348.449951171875,3575160000,0.0018881028474631023,3.564932362598275e-06,3.357660094997998e-05,2.507780618677384e-05,21.99727576761536,1.1253648395050742e-06
2017-03-23,2345.9599609375,3262400000,-0.001060832144830215,1.1253648395050742e-06,3.3271574456410657e-05,2.3476273167454548e-05,21.905728958090986,7.129306611832657e-07
2017-03-24,2343.97998046875,2978530000,-0.0008443522139387483,7.129306611832657e-07,3.306822128923421e-05,2.345538702297604e-05,21.814695727502013,1.0406194866997108e-06
2017-03-27,2341.590087890625,3242300000,-0.0010201075858455866,1.0406194866997108e-06,3.246678392367585e-05,2.3494711711093216e-05,21.899548791759106,5.220508768344446e-05
2017-03-28,2358.570068359375,3369120000,0.007225308829624133,5.220508768344446e-05,1.1729787006686158e-05,2.576645157147716e-05,21.937917419911308,1.1766526318994835e-06
2017-03-29,2361.1298828125,3107670000,0.0010847362038299835,1.1766526318994835e-06,1.1252131060546398e-05,2.577287961969784e-05,21.85713908653018,8.589652600169065e-06
2017-03-30,2368.06005859375,3159680000,0.002930810911704995,8.589652600169065e-06,1.2744988612679196e-05,2.5860354444013036e-05,21.873736593911204,5.096730390098748e-06
2017-03-31,2362.719970703125,3356740000,-0.0022575939382667443,5.096730390098748e-06,1.3621748558462293e-05,1.7707965166258657e-05,21.93423610213854,2.701011088048456e-06
2017-04-03,2358.840087890625,3418730000,-0.0016434753080130093,2.701011088048456e-06,1.3953826878732042e-05,1.62607154928153e-05,21.952534974318553,3.1289040548190963e-07
2017-04-04,2360.159912109375,3208340000,0.0005593660746612272,3.1289040548190963e-07,3.575387423139532e-06,1.626340303698272e-05,21.889019506683756,9.360765501062561e-06
2017-04-05,2352.949951171875,3780650000,-0.0030595368115227117,9.360765501062561e-06,5.212209996972148e-06,1.6199091823036508e-05,22.053161789731345,3.7158356549387095e-06
2017-04-06,2357.489990234375,3203250000,0.0019276502937355389,3.7158356549387095e-06,4.237446607926077e-06,1.5981059766236334e-05,21.887431756666142,6.847106769328345e-07
2017-04-07,2355.5400390625,3054700000,-0.0008274724629453445,6.847106769328345e-07,3.3550426652928944e-06,1.577447469985937e-05,21.839947225402764,4.72587689189251e-07
2017-04-10,2357.159912109375,2792570000,0.0006874501357838625,4.72587689189251e-07,2.909357985521053e-06,1.5766895905707505e-05,21.750228156095684,2.0589618063318106e-06
2017-04-11,2353.780029296875,3120900000,-0.001434908291958692,2.0589618063318106e-06,3.2585722656910333e-06,1.537642207709381e-05,21.861387259029655,1.4190570916047288e-05
2017-04-12,2344.929931640625,3201300000,-0.003767037418986874,1.4190570916047288e-05,4.224533348687979e-06,1.6015340284497898e-05,21.886822814567275,4.6758521483779724e-05
2017-04-13,2328.949951171875,3146380000,-0.006838020289804625,4.6758521483779724e-05,1.2833070514456181e-05,1.7619976458140448e-05,21.86951842290861,7.355576375074564e-05
2017-04-17,2349.010009765625,2826890000,0.008576465691107593,7.355576375074564e-05,2.7407281129218738e-05,1.780189372797536e-05,21.76244300474874,8.45415430909759e-06
2017-04-18,2342.18994140625,3272210000,-0.002907602845833246,8.45415430909759e-06,2.900359445320041e-05,1.8065696318963807e-05,21.908731434862105,2.950924094125999e-06
2017-04-19,2338.169921875,3521160000,-0.0017178253968683777,2.950924094125999e-06,2.918198691075925e-05,1.8121206664284744e-05,21.982056318006784,5.668358778804728e-05
2017-04-20,2355.840087890625,3648990000,0.0075288503629735715,5.668358778804728e-05,3.7680590285159245e-05,2.051374218581e-05,22.017716254194173,9.239703788539554e-06
2017-04-21,2348.68994140625,3524160000,-0.0030396881071155235,9.239703788539554e-06,3.017682674611121e-05,1.384781634581667e-05,21.982907947224607,0.00011624584385543276
2017-04-24,2374.14990234375,3711170000,0.01078173658811199,0.00011624584385543276,3.871484276704864e-05,1.8969675959127326e-05,22.034613027999878,3.687178543339181e-05
2017-04-25,2388.610107421875,4005820000,0.006072214211751081,3.687178543339181e-05,4.439836899190748e-05,2.0594513258849453e-05,22.111014140829077,2.36022506238574e-07
2017-04-26,2387.449951171875,4111350000,-0.00048582147568687617,2.36022506238574e-07,4.385538867432999e-05,2.0572835615442874e-05,22.137017278917543,3.0555135661923966e-07
2017-04-27,2388.77001953125,4099940000,0.0005527670002987151,3.0555135661923966e-07,3.257978138804439e-05,2.0539423427711945e-05,22.13423817664716,3.667146376227683e-06
2017-04-28,2384.199951171875,3721350000,-0.001914979471489886,3.667146376227683e-06,3.146526990558201e-05,1.8333153368293e-05,22.037352342892543,2.9956403480432863e-06
2017-05-01,2388.330078125,3201500000,0.0017307918268940625,2.9956403480432863e-06,8.815229204104118e-06,1.8415834628117716e-05,21.886885287235483,1.4121604779389166e-06
2017-05-02,2391.169921875,3861360000,0.0011883435858113245,1.4121604779389166e-06,1.7233042130135398e-06,1.8089584986198167e-05,22.07428529023414,1.6184149716796104e-06
2017-05-03,2388.1298828125,3896760000,-0.001272169395827305,1.6184149716796104e-06,1.999782706101747e-06,1.7931479739906385e-05,22.083411275827864,3.3864635153071805e-07
2017-05-04,2389.52001953125,4367860000,0.000581933287869596,3.3864635153071805e-07,2.0064017050840427e-06,1.7824099524610125e-05,22.197539023822255,1.6649332894194906e-05
2017-05-05,2399.2900390625,3543240000,0.004080359407478085,1.6649332894194906e-05,4.602839008677488e-06,1.8566665092278897e-05,21.988307400021842,1.4021483882697793e-09
2017-05-08,2399.3798828125,3429990000,3.744527190807645e-05,1.4021483882697793e-09,4.003991368746484e-06,1.8141239485339157e-05,21.955823182959662,1.0522134413642898e-06
2017-05-09,2396.919921875,3657840000,-0.001025774556793202,1.0522134413642898e-06,3.932001961431559e-06,1.8020165748358503e-05,22.020138646483364,1.2768157428257978e-06
2017-05-10,2399.6298828125,3649370000,0.001129962717449473,1.2768157428257978e-06,3.863682115660796e-06,1.804707961499e-05,22.017820387177537,4.687880472796466e-06
2017-05-11,2394.43994140625,3727710000,-0.0021651513741067774,4.687880472796466e-06,4.733528939913946e-06,1.823868383242669e-05,22.039059941312672,2.1890248246575385e-06
2017-05-12,2390.89990234375,3304620000,-0.0014795353407937029,2.1890248246575385e-06,1.8414673260064723e-06,1.8244595787805135e-05,21.91858732663516,2.2706581167979412e-05
2017-05-15,2402.320068359375,3490080000,0.004765142303014613,2.2706581167979412e-05,6.382503129924702e-06,1.8631687162892958e-05,21.973190495820656,4.72151810517571e-07
2017-05-16,2400.669921875,3421810000,-0.0006871330369859763,4.72151810517571e-07,6.266490803755357e-06,1.652776126865377e-05,21.95343548808128,0.00033655620241740327
2017-05-17,2357.030029296875,4164760000,-0.018345468171115265,0.00033655620241740327,7.332236813867085e-05,2.848232666259275e-05,22.149924488095834,1.3542684297803441e-05
2017-05-18,2365.719970703125,4319440000,0.00368003862721622,1.3542684297803441e-05,7.509332890367225e-05,2.87136234802612e-05,22.186391601401667,4.5491021366709036e-05
2017-05-19,2381.72998046875,3831700000,0.00674470320820042,4.5491021366709036e-05,8.375372821208254e-05,3.064726426537861e-05,22.066574406151123,2.6490201787802307e-05
2017-05-22,2394.02001953125,3176580000,0.005146863296008775,2.6490201787802307e-05,8.451045233604712e-05,2.927483762900384e-05,21.879070983620522,3.3715759872699658e-06
2017-05-23,2398.419921875,3216560000,0.001836185172380489,3.3715759872699658e-06,8.509033717139761e-05,2.9008104547127948e-05,21.8915783027685,6.1803640774958024e-06
2017-05-24,2404.389892578125,3389240000,0.0024860338045762376,6.1803640774958024e-06,1.901516950341611e-05,2.400512819358536e-05,21.943871544709197,1.9643617152645592e-05
2017-05-25,2415.070068359375,3538210000,0.004432112041977909,1.9643617152645592e-05,2.0235356074384542e-05,2.3222029635369624e-05,21.98688678677328,9.641135867628625e-08
2017-05-26,2415.820068359375,2806930000,0.00031050178530289685,9.641135867628625e-08,1.115643407277799e-05,2.3215683674116794e-05,21.755357196715607,1.4528703811881043e-06
2017-05-30,2412.909912109375,3205860000,-0.0012053507295339827,1.4528703811881043e-06,6.14896779145515e-06,2.3267834538869924e-05,21.88824622236995,2.1166865592347672e-07
2017-05-31,2411.800048828125,4518040000,-0.00046007461995145604,2.1166865592347672e-07,5.516986325185852e-06,2.3110767369765185e-05,22.231344108649356,5.689074815655581e-05
2017-06-01,2430.06005859375,3860620000,0.007542595584847156,5.689074815655581e-05,1.5659063140997856e-05,2.556054499742484e-05,22.07409362954554,1.3696472938502235e-05
2017-06-02,2439.070068359375,3465500000,0.00370087461804669,1.3696472938502235e-05,1.4469634298169183e-05,2.611892283654136e-05,21.966122759610872,1.4845159598475093e-06
2017-06-05,2436.10009765625,2916720000,-0.0012184071404286456,1.4845159598475093e-06,1.4747255218403428e-05,2.6112836517821714e-05,21.793725534537778,7.744580644435232e-06
2017-06-06,2429.330078125,3376750000,-0.0027829086662043423,7.744580644435232e-06,1.6005597271052854e-05,2.6449469894771924e-05,21.94017954570129,2.455579248581294e-06
2017-06-07,2433.139892578125,3576220000,0.0015670287963471807,2.455579248581294e-06,1.6454379389584417e-05,2.5804299274516755e-05,21.997572213897744,7.137929361794906e-08
2017-06-08,2433.7900390625,3735980000,0.00026716903566459393,7.137929361794906e-08,5.090505616996844e-06,2.580748005384538e-05,22.041276004247287,6.894543293367276e-07
2017-06-09,2431.77001953125,4029860000,-0.0008303338661868054,6.894543293367276e-07,2.4891018951637423e-06,2.5790991003298675e-05,22.116997473095626,9.589158340845425e-07
2017-06-12,2429.389892578125,4031840000,-0.0009792424797181454,9.589158340845425e-07,2.3839818700111487e-06,2.5776541007446797e-05,22.11748868463645,2.0262231435525892e-05
2017-06-13,2440.35009765625,3278240000,0.004501358843230108,2.0262231435525892e-05,4.887512028229281e-06,2.648446605120723e-05,21.910572530268205,9.926674218191903e-07
2017-06-14,2437.919921875,3558640000,-0.0009963269653177065,9.926674218191903e-07,4.5949296628768604e-06,2.6430086169260027e-05,21.992644286630274,5.027056341085545e-06
2017-06-15,2432.4599609375,3371980000,-0.0022421097968399195,5.027056341085545e-06,5.58606507237038e-06,2.5626471404401217e-05,21.93876594616689,8.04284779141492e-08
2017-06-16,2433.14990234375,5299380000,0.000283599150058933,8.04284779141492e-08,5.464259902085864e-06,2.560866579837379e-05,22.390855669718288,6.909903957154329e-05
2017-06-19,2453.4599609375,3271480000,0.00831258320689443,6.909903957154329e-05,1.9092284649577614e-05,1.3451522032652881e-05,21.908508319157416,4.514711711161087e-05
2017-06-20,2437.030029296875,3422700000,-0.00671916044693166,4.514711711161087e-05,2.4069261784794613e-05,1.488808716055322e-05,21.953695550526874,3.396723838787705e-07
2017-06-21,2435.610107421875,3599190000,-0.0005828141932715525,3.396723838787705e-07,2.3938662777206527e-05,1.2835753115879116e-05,22.00397465737002,2.0783201986590023e-07
2017-06-22,2434.5,3477250000,-0.00045588597243817475,2.0783201986590023e-07,2.29748179129626e-05,1.164109994460928e-05,21.9695075887391,2.432659583743347e-06
2017-06-23,2438.300048828125,5282460000,0.0015596985554084952,2.432659583743347e-06,2.3445264134128435e-05,1.1598421926267158e-05,22.387657735442854,9.969928744528525e-08
2017-06-26,2439.070068359375,3243660000,0.0003157519397332109,9.969928744528525e-08,9.645396077308834e-06,1.1322028072173952e-05,21.89996815913711,6.570053373572956e-05
2017-06-27,2419.3798828125,3564770000,-0.008105586575672952,6.570053373572956e-05,1.3756079402132574e-05,1.3415524280495953e-05,21.994365372882907,7.690415912886057e-05
2017-06-28,2440.68994140625,3479980000,0.008769501646550992,7.690415912886057e-05,2.9068976751128933e-05,1.6906785542777057e-05,21.9702923838772,7.460151481272998e-05
2017-06-29,2419.699951171875,3869560000,-0.008637216844141982,7.460151481272998e-05,4.394771330970174e-05,2.023172392602896e-05,22.076406642692312,2.34720052303812e-06
2017-06-30,2423.409912109375,3366030000,0.0015320576108743822,2.34720052303812e-06,4.39306214975607e-05,2.0328793556352353e-05,21.936999845628364,5.327639419960632e-06
2017-07-03,2429.010009765625,1901480000,0.0023081679791472354,5.327639419960632e-06,4.497620952406377e-05,1.7985015886507118e-05,21.365898367791083,2.1089546515744713e-06
2017-07-05,2432.5400390625,3368150000,0.0014522240362886407,2.1089546515744713e-06,3.225789370723276e-05,1.745831050982858e-05,21.93762946944876,8.860433003921656e-05
2017-07-06,2409.75,3368710000,-0.009412987306865794,8.860433003921656e-05,3.4597927889303954e-05,2.1418302058890813e-05,21.93779571900749,4.0739019746323884e-05
2017-07-07,2425.179931640625,2929390000,0.006382712569615201,4.0739019746323884e-05,2.7825428876022734e-05,2.2918049290794838e-05,21.798060047515694,8.599522488785275e-07
2017-07-10,2427.429931640625,3009880000,0.0009273361035129213,8.599522488785275e-07,2.7527979221190813e-05,2.2845520790808355e-05,21.825166048135085,6.130687456521109e-07
2017-07-11,2425.530029296875,3108800000,-0.0007829870660822635,6.130687456521109e-07,2.6585065086329115e-05,2.2870143038628085e-05,21.857502636909118,5.2984582700981846e-05
2017-07-12,2443.25,3176900000,0.007279050947821553,5.2984582700981846e-05,3.6760190696210586e-05,2.5247194328248318e-05,21.879171715817733,3.5074902367079193e-06
2017-07-13,2447.830078125,3068510000,0.0018728294734726703,3.5074902367079193e-06,1.9740822735708856e-05,2.536303861927666e-05,21.844457939035305,2.1739989548837304e-05
2017-07-14,2459.27001953125,2738460000,0.004662616170009848,2.1739989548837304e-05,1.594101669621154e-05,2.543020944260899e-05,21.730661555910117,2.7999164462788003e-09
2017-07-17,2459.139892578125,2800580000,-5.291423670694684e-05,2.7999164462788003e-09,1.576958622972509e-05,2.5385215465092046e-05,21.753092375890663,3.5721982617566444e-07
2017-07-18,2460.610107421875,2974090000,0.0005976786981110038,3.5721982617566444e-07,1.57184164458298e-05,2.5172950168959777e-05,21.81320394713575,2.8710931109901408e-05
2017-07-19,2473.830078125,3063810000,0.00535825821605318,2.8710931109901408e-05,1.0863686127613714e-05,2.6474336652231924e-05,21.842925076784557,2.361480347365337e-08
2017-07-20,2473.449951171875,3223820000,-0.00015367108860697698,2.361480347365337e-08,1.0166911040966863e-05,2.333454461731967e-05,21.893832829076853,1.353793499786704e-07
2017-07-21,2472.5400390625,3066880000,-0.0003679393292088662,1.353793499786704e-07,5.845989001195135e-06,2.1288556537245474e-05,21.843926595457205,1.1327366088276333e-06
2017-07-24,2469.909912109375,3019920000,-0.0010643009954085514,1.1327366088276333e-06,6.071976339671406e-06,2.132460491110679e-05,21.82849617824723,8.520021109715057e-06
2017-07-25,2477.1298828125,4116360000,0.002918907519897651,8.520021109715057e-06,7.704536596379285e-06,2.1702431687918112e-05,22.138235114893284,7.98763288353192e-08
2017-07-26,2477.830078125,3597830000,0.0002826240061200025,7.98763288353192e-08,1.9783256401660668e-06,2.15954869945132e-05,22.00359672316508,9.470435724958551e-07
2017-07-27,2475.419921875,4035740000,-0.0009731616373942487,9.470435724958551e-07,2.163011393970507e-06,2.1634002643833682e-05,22.11845551739245,1.801006080308801e-06
2017-07-28,2472.10009765625,3302850000,-0.001342015678115871,1.801006080308801e-06,2.496136740036533e-06,1.8729478659496374e-05,21.918051569365947,5.305823439040566e-07
2017-07-31,2470.300048828125,3475930000,-0.0007284108345597673,5.305823439040566e-07,2.375705887051818e-06,1.5257952441998352e-05,21.969127906344717,5.983506845585448e-06
2017-08-01,2476.35009765625,3470260000,0.002446120774938443,5.983506845585448e-06,1.8684030342258958e-06,1.2138952079855419e-05,21.967495356340272,2.425832469884595e-07
2017-08-02,2477.570068359375,3487150000,0.0004925274073475094,2.425832469884595e-07,1.900944417856524e-06,1.20432876582168e-05,21.97235062092148,4.778778904134928e-06
2017-08-03,2472.159912109375,3662410000,-0.002186041834946195,4.778778904134928e-06,2.6672914841843384e-06,1.2018339452951993e-05,22.02138723788187,3.5619821331039375e-06
2017-08-04,2476.830078125,3239980000,0.0018873214175396669,3.5619821331039375e-06,3.019486694743366e-06,1.2084386156657879e-05,21.898832994200735,2.708804593107254e-06
2017-08-07,2480.909912109375,2935130000,0.0016458446442806363,2.708804593107254e-06,3.455131144584005e-06,8.180044090925638e-06,21.800017582601598,5.843591805750422e-06
2017-08-08,2474.919921875,3347480000,-0.0024173522303856387,5.843591805750422e-06,3.4271481366170007e-06,6.593888275445025e-06,21.93147366120257,1.3225935485447057e-07
2017-08-09,2474.02001953125,3310960000,-0.00036367479271248726,1.3225935485447057e-07,3.4050833581902027e-06,6.56081132571666e-06,21.920504014798258,0.00021258276861332187
2017-08-10,2438.2099609375,3635820000,-0.01458021840074153,0.00021258276861332187,4.496588130002759e-05,1.6195797683338013e-05,22.01410050736078,1.6250057353547195e-06
2017-08-11,2441.320068359375,3161830000,0.0012747571279874137,1.6250057353547195e-06,4.457848602047774e-05,1.3861271457627688e-05,21.874416811163798,9.987306522767019e-05
2017-08-14,2465.840087890625,2824320000,0.009993651246049673,9.987306522767019e-05,6.401133814739033e-05,1.8241524866307792e-05,21.76153346495947,2.4893346680946674e-07
2017-08-15,2464.610107421875,2922430000,-0.0004989323268835832,2.4893346680946674e-07,6.289240647960214e-05,1.726465868076107e-05,21.795681299270015,2.013832104342729e-06
2017-08-16,2468.110107421875,2956570000,0.0014190955233326363,2.013832104342729e-06,6.326872102949981e-05,1.7356069234756364e-05,21.80729564992778,0.00024203090526378192
2017-08-17,2430.010009765625,3164950000,-0.015557342487191761,0.00024203090526378192,6.91583483595918e-05,2.834123675464756e-05,21.875403094945415,3.374766154686403e-06
2017-08-18,2425.550048828125,3426970000,-0.001837053661351895,3.374766154686403e-06,6.950830044345814e-05,2.7189592893046873e-05,21.954942326080115,1.3501875612406485e-06
2017-08-21,2428.3701171875,2803650000,0.0011619757145657772,1.3501875612406485e-06,4.980372491017223e-05,2.7249891654763556e-05,21.754187977001248,9.784563512908317e-05
2017-08-22,2452.510009765625,2780990000,0.00989169526062561,9.784563512908317e-05,6.932306524262696e-05,3.169126691745012e-05,21.74607281672252,1.1968625502649215e-05
2017-08-23,2444.0400390625,2796950000,-0.0034595701326392003,1.1968625502649215e-05,7.131402392228828e-05,3.218380732171474e-05,21.751795375067953,4.312337114495827e-06
2017-08-24,2438.969970703125,2849680000,-0.002076616747138438,4.312337114495827e-06,2.377031029243105e-05,3.1992548958295685e-05,21.770472544572183,2.7938175400612565e-06
2017-08-25,2443.050048828125,2593350000,0.001671471668937663,2.7938175400612565e-06,2.365412056950602e-05,3.211590992244232e-05,21.67621631356877,2.371236851553335e-07
2017-08-28,2444.239990234375,2682920000,0.00048695347329630323,2.371236851553335e-07,2.343150779428896e-05,3.208364083665412e-05,21.710171590949464,7.097502450915151e-07
2017-08-29,2446.300048828125,2739460000,0.0008424667620099413,7.097502450915151e-07,4.004330817490629e-06,3.203403829868969e-05,21.731026657996583,2.1201712987257842e-05
2017-08-30,2457.590087890625,2637780000,0.0046045317880603065,2.1201712987257842e-05,5.850948314412355e-06,3.2973635146114865e-05,21.69320349163045,3.2543300708132965e-05
2017-08-31,2471.64990234375,3353860000,0.005704673584713937,3.2543300708132965e-05,1.1497141033139782e-05,3.4180898503503385e-05,21.933377758569872,3.9226893817812186e-06
2017-09-01,2476.550048828125,2712780000,0.0019805780423354236,3.9226893817812186e-06,1.1722915401483775e-05,3.4348176055084875e-05,21.72123977666065,5.744819194368956e-05
2017-09-05,2457.85009765625,3502190000,-0.007579458552145368,5.744819194368956e-05,2.316512905319062e-05,3.6742240284155544e-05,21.976654324335467,9.7583919219729e-06
2017-09-06,2465.5400390625,3400200000,0.0031238424931441244,9.7583919219729e-06,2.4974857388566898e-05,3.702389527455868e-05,21.947100090662,3.184513231225882e-08
2017-09-07,2465.10009765625,3365780000,-0.00017845204485311683,3.184513231225882e-08,2.074088381757778e-05,3.6902215299067996e-05,21.936925571398987,2.2199812290944826e-06
2017-09-08,2461.429931640625,3308360000,-0.0014899601434583687,2.2199812290944826e-06,1.4676219921770082e-05,3.6737505727401814e-05,21.919718435574737,0.00011622942620150938
2017-09-11,2488.110107421875,3293460000,0.010780975197147491,0.00011622942620150938,3.713756728571572e-05,4.201464967497704e-05,21.915204521140545,1.1278196318797222e-05
2017-09-12,2496.47998046875,3234280000,0.0033583025948829004,1.1278196318797222e-05,2.7903568160737245e-05,3.2864441843407736e-05,21.897072174749255,5.727980790714176e-07
2017-09-13,2498.3701171875,3371370000,0.0007568342480830381,5.727980790714176e-07,2.606644939215695e-05,3.2816614222667586e-05,21.93858502718701,1.212914224402996e-06
2017-09-14,2495.6201171875,3422470000,-0.001101323850828173,1.212914224402996e-06,2.63026632105751e-05,2.8332061904337263e-05,21.95362834985837,3.4057873733784458e-06
2017-09-15,2500.22998046875,4862970000,0.0018454775461593798,3.4057873733784458e-06,2.653982443943189e-05,2.847555526372676e-05,22.304915199523204,2.1166232328283836e-06
2017-09-18,2503.8701171875,3204700000,0.0014548619291288034,2.1166232328283836e-06,3.7172638456956927e-06,2.8480227587748833e-05,21.887884319505833,1.2311669258670665e-06
2017-09-19,2506.64990234375,3253760000,0.0011095796167319705,1.2311669258670665e-06,1.707857967109662e-06,1.753478493602543e-05,21.903077087952536,4.021420400502127e-07
2017-09-20,2508.239990234375,3584570000,0.000634146702309657,4.021420400502127e-07,1.673726759305421e-06,1.7399665658087425e-05,21.999904359871092,9.305952596478063e-06
2017-09-21,2500.60009765625,2965590000,-0.003050565946915107,9.305952596478063e-06,3.2923344337204342e-06,1.7761291341507304e-05,21.810341838133393,4.193650307961085e-07
2017-09-22,2502.219970703125,2877980000,0.0006475839951667339,4.193650307961085e-07,2.6950499652039667e-06,1.3332824518857895e-05,21.78035449646458,4.9485012421660415e-06
2017-09-25,2496.659912109375,3314530000,-0.00222452269985407,4.9485012421660415e-06,3.2614255670714984e-06,1.3013727961563204e-05,21.921581671045395,5.207661066245827e-09
2017-09-26,2496.840087890625,3070770000,7.21641258953909e-05,5.207661066245827e-09,3.016233714111334e-06,1.2817949350043677e-05,21.84519418175476,1.6620480897349672e-05
2017-09-27,2507.0400390625,3485070000,0.004076822401987812,1.6620480897349672e-05,6.259901485571227e-06,1.3446434048102242e-05,21.971753967327327,1.4493526464447285e-06
2017-09-28,2510.06005859375,3173030000,0.001203890628937998,1.4493526464447285e-06,4.688581495564559e-06,1.3501535364524486e-05,21.877952804592592,1.3677149723820086e-05
2017-09-29,2519.360107421875,3220260000,0.0036982630684985196,1.3677149723820086e-05,7.340138434169355e-06,1.4090962613557604e-05,21.89272793889515,1.4949967860524375e-05
2017-10-02,2529.1201171875,3226370000,0.003866518829712895,1.4949967860524375e-05,9.340431757841021e-06,1.3806792380524266e-05,21.894623503501034,4.650540489564555e-06
2017-10-03,2534.580078125,3073480000,0.0021565111846602036,4.650540489564555e-06,1.0269498323540685e-05,1.2538939643316608e-05,21.846076307376226,1.5523756066692496e-06
2017-10-04,2537.739990234375,3020770000,0.0012459436611136354,1.5523756066692496e-06,7.255877265404599e-06,1.2431198108084248e-05,21.828777603053116,3.1707080209636316e-05
2017-10-05,2552.070068359375,3059730000,0.0056309040312934044,3.1707080209636316e-05,1.3307422778042918e-05,1.1261147574718192e-05,21.841592514050447,1.1539296275262354e-06
2017-10-06,2549.330078125,2898270000,-0.00107421116523998,1.1539296275262354e-06,1.0802778758784148e-05,1.0870035652243344e-05,21.787379844551957,3.2618666953463594e-06
2017-10-09,2544.72998046875,2486940000,-0.001806063868014185,3.2618666953463594e-06,8.465158525748544e-06,1.1016854814199438e-05,21.634318876426402,5.381099164028342e-06
2017-10-10,2550.639892578125,2962610000,0.0023197196304787226,5.381099164028342e-06,8.6112702606413e-06,1.1160541993060068e-05,21.809336473857556,3.2467820922112803e-06
2017-10-11,2555.239990234375,2991320000,0.0018018829296631012,3.2467820922112803e-06,8.950151557749705e-06,6.024967260819246e-06,21.81898059883531,2.849941989676474e-06
2017-10-12,2550.929931640625,3157280000,-0.0016881771203509643,2.849941989676474e-06,3.1787239137577383e-06,5.641864791313758e-06,21.872976734702117,7.703959177911427e-07
2017-10-13,2553.169921875,3150470000,0.0008777220048461487,7.703959177911427e-07,3.10201717181072e-06,5.6508465112555626e-06,21.870817485320412,3.0597794675259457e-06
2017-10-16,2557.639892578125,2918030000,0.0017492225323056942,3.0597794675259457e-06,3.061599726246637e-06,5.734794931397515e-06,21.794174568351245,4.520584294449344e-07
2017-10-17,2559.360107421875,2901890000,0.0006723529054335486,4.520584294449344e-07,2.0757915793299555e-06,5.6005345248550834e-06,21.788628086141426,5.50652318355147e-07
2017-10-18,2561.260009765625,2999320000,0.0007420595113298845,5.50652318355147e-07,1.5365656245587286e-06,5.529354028742663e-06,21.821651433588492,1.0754734257007322e-07
2017-10-19,2562.10009765625,3019520000,0.00032794411501058107,1.0754734257007322e-07,9.880866951374487e-07,5.4782804113200725e-06,21.828363715634655,2.604873549832663e-05
2017-10-20,2575.2099609375,3394450000,0.005103796185029985,2.604873549832663e-05,6.0437546112445454e-06,6.644034659423546e-06,21.945407582182266,1.5843546847727498e-05
2017-10-23,2564.97998046875,3214470000,-0.003980395312996876,1.5843546847727498e-05,8.600508087284857e-06,6.94119803448034e-06,21.890928329102405,2.6133983876229635e-06
2017-10-24,2569.1298828125,3435660000,0.0016166008745583937,2.6133983876229635e-06,9.032776078920462e-06,7.040926823427012e-06,21.957474884193303,2.184586176647353e-05
2017-10-25,2557.14990234375,3885470000,-0.004673955687260367,2.184586176647353e-05,1.329181796854414e-05,7.80898866544099e-06,22.080509791827108,1.6132537159199182e-06
2017-10-26,2560.39990234375,3891750000,0.0012701392506020426,1.6132537159199182e-06,1.3592959243214108e-05,7.88208166793434e-06,22.082124765137188,6.465140884609253e-05
2017-10-27,2581.070068359375,3896100000,0.008040609979727442,6.465140884609253e-05,2.131349391276729e-05,1.0065305665604469e-05,22.083241890005095,1.0224501080247139e-05
2017-10-30,2572.830078125,3660230000,-0.003197577376741201,1.0224501080247139e-05,2.0189684759271213e-05,1.0464176048959124e-05,22.0207918241885,8.911604246187886e-07
2017-10-31,2575.260009765625,3844420000,0.0009440129366797834,8.911604246187886e-07,1.984523716667038e-05,9.882994717177247e-06,22.06988858353227,2.5307849756521648e-06
2017-11-01,2579.360107421875,3841200000,0.0015908441079037772,2.5307849756521648e-06,1.598222180850611e-05,9.31848640422851e-06,22.069050654988427,3.6080155201454355e-08
2017-11-02,2579.85009765625,4050140000,0.00018994776966696492,3.6080155201454355e-08,1.5666787096362413e-05,9.108738207212006e-06,22.12201728561554,9.562253277638936e-06
2017-11-03,2587.840087890625,3568710000,0.0030922893263145568,9.562253277638936e-06,4.648955982671693e-06,9.472823555892446e-06,21.99547002317969,1.6140276643645544e-06
2017-11-06,2591.1298828125,3541970000,0.0012704438847759292,1.6140276643645544e-06,2.926861299495177e-06,8.104957531107366e-06,21.987948906762433,3.576667891492234e-08
2017-11-07,2590.639892578125,3815190000,-0.00018912080508215467,3.576667891492234e-08,2.7557825503544036e-06,8.054131942534124e-06,22.062256304112395,2.081134956975599e-06
2017-11-08,2594.3798828125,3898450000,0.0014426139320606879,2.081134956975599e-06,2.6658525466190906e-06,8.000462318062727e-06,22.08384487544251,1.4205220336517463e-05
2017-11-09,2584.6201171875,3844100000,-0.003768981339369759,1.4205220336517463e-05,5.499680582882292e-06,8.401558734994049e-06,22.06980534254438,8.06488371198938e-07
2017-11-10,2582.300048828125,3489740000,-0.000898046976053557,8.06488371198938e-07,3.748527601594292e-06,8.290636293129853e-06,21.97309307210481,9.665857143762046e-07
2017-11-13,2584.840087890625,3405200000,0.0009831509112929737,9.665857143762046e-07,3.6190392115966225e-06,8.205029189707113e-06,21.948569512267845,5.346641389460035e-06
2017-11-14,2578.8701171875,3643580000,-0.0023122805602824315,5.346641389460035e-06,4.681214153705645e-06,8.413040347510244e-06,22.01623255201758,3.070266706021475e-05
2017-11-15,2564.6201171875,3586590000,-0.0055409987421235485,3.070266706021475e-05,1.0405520574353474e-05,9.669535238087008e-06,22.000467727597613,6.662890045536256e-05
2017-11-16,2585.639892578125,3329730000,0.008162652782972124,6.662890045536256e-05,2.0890256598122495e-05,1.2677573511992356e-05,21.926157056870757,6.913833648913947e-06
2017-11-17,2578.85009765625,3309800000,-0.002629416978897403,6.913833648913947e-06,2.2111725653665495e-05,1.2966809027017756e-05,21.92015360185125,1.6252932333454031e-06
2017-11-20,2582.139892578125,3023940000,0.001274869888790775,1.6252932333454031e-06,2.2243467157459337e-05,1.3035797476598451e-05,21.82982645412771,4.250829901792935e-05
2017-11-21,2599.030029296875,3351230000,0.006519838879752271,4.250829901792935e-05,2.96757986831532e-05,1.3783959454762213e-05,21.932593279872616,5.633143495210268e-07
2017-11-22,2597.080078125,2764110000,-0.0007505427033294154,5.633143495210268e-07,2.3647928141014456e-05,1.3089403432116462e-05,21.7399845398168,4.2188514152256055e-06
2017-11-24,2602.419921875,1385890000,0.0020539842782323348,4.2188514152256055e-06,1.1165918332987063e-05,1.3162378569734766e-05,21.04960837020674,1.4771076861507477e-07
2017-11-27,2601.419921875,3017720000,-0.00038433158680373225,1.4771076861507477e-07,9.81269375692729e-06,1.2176098978923017e-05,21.82776741664613,9.604651116751479e-05
2017-11-28,2627.0400390625,3493340000,0.009800332196793882,9.604651116751479e-05,2.8696937343761167e-05,1.646851977217733e-05,21.97412413585258,1.3637797186689365e-07
2017-11-29,2626.070068359375,4090630000,-0.00036929388279105524,1.3637797186689365e-07,2.022255313454868e-05,1.3536018368803439e-05,22.13196482961336,6.654622016127862e-05
2017-11-30,2647.580078125,4965700000,0.008157586662811411,6.654622016127862e-05,3.34191342969002e-05,1.6096096508850322e-05,22.325820111615567,4.107038395697089e-06
2017-12-01,2642.219970703125,3950930000,-0.0020265829358052656,4.107038395697089e-06,3.3396771692994496e-05,1.6242272780262972e-05,22.09721683143816,1.108199500579238e-06
2017-12-04,2639.43994140625,4025840000,-0.001052710549286573,1.108199500579238e-06,3.3588869439387325e-05,1.6177609804123295e-05,22.1159994219436,1.4035441972966555e-05
2017-12-05,2629.570068359375,3547570000,-0.0037463905259551566,1.4035441972966555e-05,1.718665560047768e-05,1.6813944432203524e-05,21.989528699291455,1.302158746320227e-08
2017-12-06,2629.27001953125,3253080000,-0.0001141121705305892,1.302158746320227e-08,1.7161984323596942e-05,1.6379888446286447e-05,21.902868077126307,8.573576415690304e-06
2017-12-07,2636.97998046875,3297060000,0.002928067010109281,8.573576415690304e-06,5.567455574479278e-06,1.6696231571346707e-05,21.916296999535867,3.0153299794879528e-05
2017-12-08,2651.5,3126750000,0.005491202035518228,3.0153299794879528e-05,1.0776707854315766e-05,1.80652103493451e-05,21.863259963713112,1.0219799551049199e-05
2017-12-11,2659.989990234375,3141480000,0.0031968421216959086,1.0219799551049199e-05,1.2599027864409757e-05,1.843514964907572e-05,21.867959863719847,2.3954487199194354e-06
2017-12-12,2664.110107421875,3568910000,0.0015477237220897777,2.3954487199194354e-06,1.0271029213800335e-05,1.7898341848321264e-05,21.995526064269015,2.2379425051960421e-07
2017-12-13,2662.85009765625,3568360000,-0.00047306897015086946,2.2379425051960421e-07,1.0313183746411615e-05,1.7871855751926747e-05,21.995371943715657,1.6639609375694542e-05
2017-12-14,2652.010009765625,3442760000,-0.004079167730762556,1.6639609375694542e-05,1.1926390338412462e-05,1.8584265918350308e-05,21.959539312512465,7.982195611066405e-05
2017-12-15,2675.81005859375,5736910000,0.008934313410143169,7.982195611066405e-05,2.1860121601569367e-05,2.196950749658685e-05,22.470186574975777,2.8606223116407637e-05
2017-12-18,2690.159912109375,3727770000,0.005348478579596971,2.8606223116407637e-05,2.5537406314641058e-05,2.1874214590050168e-05,22.03907603685581,1.046844758702013e-05
2017-12-19,2681.469970703125,3407680000,-0.003235498043117957,1.046844758702013e-05,2.7152006088061194e-05,1.9321466732398237e-05,21.949297545084747,6.859749935668233e-07
2017-12-20,2679.25,3246230000,-0.0008282360735725192,6.859749935668233e-07,2.724444223667064e-05,1.9038382248064276e-05,21.900760160275354,3.935014164189552e-06
2017-12-21,2684.570068359375,3293130000,0.001983687012658386,3.935014164189552e-06,2.470352319436964e-05,1.9143369563102647e-05,21.915104317545005,2.1001289429955117e-07
2017-12-22,2683.340087890625,2401030000,-0.00045827163811384963,2.1001289429955117e-07,8.781134551096741e-06,1.722072019384675e-05,21.59916364931779,1.1214295333153915e-06
2017-12-26,2680.5,1970660000,-0.0010589757000589728,1.1214295333153915e-06,3.2841758344782924e-06,1.7246089065837402e-05,21.40163434947599,6.250931249566693e-07
2017-12-27,2682.6201171875,2202900000,0.0007906283102423473,6.250931249566693e-07,1.3155049420656002e-06,1.708273641627972e-05,21.513040511543895,3.3573929284597974e-06
2017-12-28,2687.5400390625,2174890000,0.0018323190029194691,3.3573929284597974e-06,1.849788529044195e-06,1.7228631059909025e-05,21.500243925955264,2.700498718602815e-05
2017-12-29,2673.610107421875,2447760000,-0.005196632292747694,2.700498718602815e-05,6.463783133411915e-06,1.4090379969841455e-05,21.618439157983182,6.837765458197426e-05
2018-01-02,2695.81005859375,3397430000,0.008269078218397397,6.837765458197426e-05,2.0097311470946854e-05,1.7192256179391788e-05,21.94628510068682,4.068441064735429e-05
2018-01-03,2713.06005859375,3544030000,0.006378433243936499,4.068441064735429e-05,2.8009907693754634e-05,1.6016719383304317e-05,21.98853033494687,1.6164764851517797e-05
2018-01-04,2723.989990234375,3697340000,0.004020542855326603,1.6164764851517797e-05,3.1117842039066864e-05,1.6564797858568895e-05,22.030879479402007,4.9128126087477815e-05
2018-01-05,2743.14990234375,3239280000,0.007009145888585699,4.9128126087477815e-05,4.027198867087047e-05,1.8747521794337012e-05,21.89861692014212,2.758800636274428e-06
2018-01-08,2747.7099609375,3246160000,0.0016609637672972966,2.758800636274428e-06,3.542275136091972e-05,1.8234947188123733e-05,21.9007385965677,1.6954214860188201e-06
2018-01-09,2751.2900390625,3467460000,0.0013020835172978806,1.6954214860188201e-06,2.208630474172863e-05,1.8311419910785354e-05,21.966688174686585,1.2384258002184528e-06
2018-01-10,2748.22998046875,3579900000,-0.0011128458115203799,1.2384258002184528e-06,1.4197107772301462e-05,1.7978003973718452e-05,21.99860070428733,4.9126442228842017e-05
2018-01-11,2767.56005859375,3645690000,0.007009025768881294,4.9126442228842017e-05,2.0789443247766308e-05,1.8840419538898565e-05,22.01681148517779,4.525153877883825e-05
2018-01-12,2786.239990234375,3587220000,0.006726926399094779,4.525153877883825e-05,2.0014125786038397e-05,2.0432771321979886e-05,22.000643366484464,1.246593613566033e-05
2018-01-16,2776.419921875,4362880000,-0.0035307132616031467,1.246593613566033e-05,2.1955552885915574e-05,2.0890520749968105e-05,22.196398226927847,8.781575732231144e-05
2018-01-17,2802.56005859375,3790340000,0.009371006206502663,8.781575732231144e-05,3.91796200531741e-05,2.4871973616867737e-05,22.055721562043427,2.6169451933321405e-06
2018-01-18,2798.030029296875,3703300000,-0.0016176974974735359,2.6169451933321405e-06,3.945532393179684e-05,2.423457979039672e-05,22.03249015125927,1.9146295306048426e-05
2018-01-19,2810.300048828125,3724230000,0.004375647986989861,1.9146295306048426e-05,3.3459294547238114e-05,2.1476595208368736e-05,22.0381259562693,6.455101102618269e-05
2018-01-22,2832.969970703125,3489480000,0.00803436438221361,6.455101102618269e-05,3.7319188996707004e-05,2.31104492042676e-05,21.973018565211476,4.717605581981567e-06
2018-01-23,2839.1298828125,3541140000,0.0021720049682221187,4.717605581981567e-06,3.576952288597125e-05,2.284904729494767e-05,21.987714546431008,3.137484704685784e-07
2018-01-24,2837.5400390625,4079270000,-0.0005601325472319729,3.137484704685784e-07,1.8269121115602682e-05,2.2832127907534114e-05,22.12918388803062,3.629332292658372e-07
2018-01-25,2839.25,3873100000,0.0006024393988326437,3.629332292658372e-07,1.781831872278942e-05,2.2669760592310304e-05,22.07732105718184,0.00013857146370060768
2018-01-26,2872.8701171875,3474680000,0.011771638106083948,0.00013857146370060768,4.170335240170127e-05,2.8958917447142494e-05,21.96876822567982,4.562646227803588e-05
2018-01-29,2853.530029296875,3587420000,-0.006754736284862339,4.562646227803588e-05,3.791844265207191e-05,3.098187348099342e-05,22.000699118410694,0.00012009185213497373
2018-01-30,2822.429931640625,4012070000,-0.010958642805337426,0.00012009185213497373,6.0993291962670346e-05,3.6412180708721475e-05,22.112573154800167,2.3898982779739137e-07
2018-01-31,2823.81005859375,4276270000,0.0004888658586947869,2.3898982779739137e-07,6.0978340234136096e-05,3.627043511323682e-05,22.176346971474032,4.2029075323582704e-07
2018-02-01,2821.97998046875,3977380000,-0.000648298352023069,4.2029075323582704e-07,6.0989811738930096e-05,3.506203982083717e-05,22.103889148267935,0.00045953127157504165
2018-02-02,2762.1298828125,4340220000,-0.021436680516699447,0.00045953127157504165,0.0001251817733138169,5.284174968415841e-05,22.19119087524861,0.0017507982321801011
2018-02-05,2648.93994140625,5310840000,-0.041842540938381134,0.0017507982321801011,0.00046621612729422994,0.0001305741961174651,22.3930158519679,0.00029896392673497887
2018-02-06,2695.139892578125,5917350000,0.017290573348937244,0.00029896392673497887,0.000501990542214231,0.00014342870347580422,22.50115455065767,2.5141582126896053e-05
2018-02-07,2681.659912109375,4646300000,-0.005014138223752518,2.5141582126896053e-05,0.0005069710606740507,0.0001423384060230505,22.25933704109975,0.0014637550787469692
2018-02-08,2581.0,5333840000,-0.038259052245801506,0.0014637550787469692,0.0007996380182727972,0.0002087473277553548,22.39733726619335,0.00021979975558217253
2018-02-09,2619.550048828125,5690110000,0.014825645199524118,0.00021979975558217253,0.0007516917150742235,0.0002186611611233618,22.46199541723522,0.00019095552112547616
2018-02-12,2656.0,4069220000,0.013818665678186015,0.00019095552112547616,0.00043972317286329854,0.00022728466545632808,22.126717172088537,6.8096049655503996e-06
2018-02-13,2662.93994140625,3503540000,0.0026095219802773073,6.8096049655503996e-06,0.0003812923085094129,0.00022536117285345116,21.97703972314939,0.00017724767954512306
2018-02-14,2698.6298828125,4011940000,0.013313439808896987,0.00017724767954512306,0.0004117135279930583,0.00023136099743373682,22.112540752048933,0.0001439246924910704
2018-02-15,2731.199951171875,3696140000,0.011996861776776058,0.0001439246924910704,0.0001477474507418785,0.00023733639544989182,22.030554869066897,1.3942729856104423e-07
2018-02-16,2732.219970703125,3646920000,0.00037339964992089136,1.3942729856104423e-07,0.0001038153850851562,0.00023335110772153956,22.01714881296889,3.4322222691104924e-05
2018-02-20,2716.260009765625,3646920000,-0.005858517106837269,3.4322222691104924e-05,7.248872539828196e-05,0.00023479225669871106,22.01714881296889,3.037844537658551e-05
2018-02-21,2701.330078125,3789040000,-0.005511664483310419,3.037844537658551e-05,7.720249348048899e-05,0.00023530280897464455,22.055378526066235,9.468797929389325e-07
2018-02-22,2703.9599609375,3720620000,0.0009730774855780666,9.468797929389325e-07,4.194233353005216e-05,0.00023241171210040617,22.037156158279558,0.0002528506498287477
2018-02-23,2747.300048828125,3200360000,0.015901278245120665,0.0002528506498287477,6.372752499758762e-05,0.00024369048683889555,21.886529140736908,0.00013661959738817171
2018-02-26,2779.60009765625,3436590000,0.011688438620627295,0.00013661959738817171,9.102355901550977e-05,0.0002498862072442457,21.95774553791091,0.0001635409095239522
2018-02-27,2744.280029296875,3752070000,-0.01278831144146686,0.0001635409095239522,0.0001168672963820792,0.00025730338798491325,22.045573524899293,0.00012449663660048365
2018-02-28,2713.830078125,4244570000,-0.011157806083656574,0.00012449663660048365,0.00013569093462685884,0.0002566636231167258,22.168906356172634,0.00017993447995577855
2018-03-01,2677.669921875,4514490000,-0.013413965854875975,0.00017993447995577855,0.00017148845465942675,0.00026276853301116865,22.230558060846136,2.5591310585256735e-05
2018-03-02,2691.25,3891250000,0.005058785485198669,2.5591310585256735e-05,0.0001260365868107286,0.0002584730538498179,22.08199627997708,0.00012037639299160199
2018-03-05,2720.93994140625,3733640000,0.010971617610525897,0.00012037639299160199,0.00012278794593141462,0.0002639338449027181,22.040649466330787,6.945243198260807e-06
2018-03-06,2728.1201171875,3389030000,0.0026353829319969435,6.945243198260807e-06,9.146881266627635e-05,0.00026423043365021926,21.943809581995996,2.3424808736056384e-07
2018-03-07,2726.800048828125,3406690000,-0.00048399182571667865,2.3424808736056384e-07,6.661633496365173e-05,0.00024335329621896098,21.949006982639013,1.983052897029553e-05
2018-03-08,2738.969970703125,3206040000,0.004453148208884983,1.983052897029553e-05,3.4595544766555125e-05,0.00016467294607306075,21.888302367974216,0.0002968572809074491
2018-03-09,2786.570068359375,3376870000,0.017229546741207358,0.0002968572809074491,8.884873883099359e-05,0.00016457718944453667,21.940215082198748,1.6251082529663947e-06
2018-03-12,2783.02001953125,3216960000,-0.0012747973379978461,1.6251082529663947e-06,6.509848188326648e-05,0.0001635082588139035,21.89170265149218,4.0754312178000474e-05
2018-03-13,2765.31005859375,3324290000,-0.006383910414315075,4.0754312178000474e-05,7.186029567921441e-05,9.882640578804128e-05,21.924521954718863,3.295873453372439e-05
2018-03-14,2749.47998046875,3394630000,-0.005740969825188458,3.295873453372439e-05,7.840519296848717e-05,9.033363210402093e-05,21.945460608512782,6.118937840719327e-07
2018-03-15,2747.330078125,3543710000,-0.0007822363990968029,6.118937840719327e-07,7.456146593124246e-05,8.1681649043048e-05,21.98844003818087,2.896797012382407e-06
2018-03-16,2752.010009765625,5429140000,0.0017019979472321367,2.896797012382407e-06,1.576936915222912e-05,8.150379413608581e-05,22.41504657915926,0.00020466279597144185
2018-03-19,2712.919921875,3327460000,-0.014306040541374188,0.00020466279597144185,5.6376906695924216e-05,8.274993579182758e-05,21.925475087425003,2.192498140891017e-06
2018-03-20,2716.93994140625,3272590000,0.0014807086617194543,2.192498140891017e-06,4.866454388850232e-05,7.630756332136488e-05,21.90884755758558,3.4065794226093693e-06
2018-03-21,2711.929931640625,3434780000,-0.001845692125629128,3.4065794226093693e-06,4.2754112866279315e-05,7.645607023609435e-05,21.957218714281463,0.0006494794640191833
2018-03-22,2643.68994140625,3765460000,-0.02548488697285478,0.0006494794640191833,0.0001725276269133016,0.00010441776302373427,22.04913586895557,0.0004490079339091134
2018-03-23,2588.260009765625,3829380000,-0.021189807311750464,0.0004490079339091134,0.00026174985429264783,0.0001234463761388492,22.06596874740058,0.0007179742064380667
2018-03-26,2658.550048828125,3538080000,0.02679504070603489,0.0007179742064380667,0.00036441213638597277,0.00015603852734999137,21.986850044356,0.0003037102849636203
2018-03-27,2612.6201171875,3761320000,-0.017427285645321255,0.0003037102849636203,0.00042471569375051866,0.000158350328947031,22.04803579683538,8.531767217238838e-06
2018-03-28,2605.0,3875720000,-0.0029209188994627766,8.531767217238838e-06,0.0004257407313094445,0.00015252815484835224,22.07799728920147,0.00018702689006112004
2018-03-29,2640.8701171875,3572360000,0.013675777493843633,0.00018702689006112004,0.0003332502165178318,0.00015359569941822353,21.99649227903682,0.0005103389287447638
2018-04-02,2581.8798828125,3635780000,-0.022590682343496482,0.0005103389287447638,0.00034551641548496195,0.0001711339854247817,22.01408950565552,0.00015715032610976527
2018-04-03,2614.449951171875,3395840000,0.012535961315741417,0.00015715032610976527,0.00023335163941930166,0.0001700983420681447,21.945816990328016,0.00013225235397874927
2018-04-04,2644.68994140625,3369230000,0.011500102346446717,0.00013225235397874927,0.00019906005322232746,0.00017494657131330348,21.93795006885355,4.677768510937012e-05
2018-04-05,2662.840087890625,3230430000,0.006839421401651613,4.677768510937012e-05,0.00020670923680075372,0.00017160117550047476,21.895881092564913,0.0004912458685101072
2018-04-06,2604.469970703125,3312390000,-0.02216406705706575,0.0004912458685101072,0.0002675530324905511,0.00019361484028737686,21.920935820462095,1.1095527474134578e-05
2018-04-09,2613.159912109375,3076140000,0.0033309949675937034,1.1095527474134578e-05,0.0001677043522364253,0.0001941085348049575,21.84694140153327,0.0002751816166604928
2018-04-10,2656.8701171875,3579130000,0.016588598996313486,0.0002751816166604928,0.00019131061034657082,0.0002057154024272392,21.998385591345283,3.069919882915084e-05
2018-04-11,2642.18994140625,3054520000,-0.005540685772460918,3.069919882915084e-05,0.0001709999793166511,0.00019361730778731656,21.839888298076527,6.751742420755301e-05
2018-04-12,2663.989990234375,3045330000,0.008216898697656738,6.751742420755301e-05,0.00017514792713628767,0.0001966124130579796,21.8368751069488,8.356723638088785e-06
2018-04-13,2656.300048828125,2988540000,-0.0028907998267069246,8.356723638088785e-06,7.8570098161884e-05,0.0001951397953970745,21.818050811114745,6.522721613228894e-05
2018-04-16,2677.840087890625,3020740000,0.0080763368015635,6.522721613228894e-05,8.939643589351487e-05,0.00019660654456064565,21.828767671761106,0.00011246754393524363
2018-04-17,2706.389892578125,3286190000,0.010605071613866812,0.00011246754393524363,5.685362134846504e-05,0.00020169089229478976,21.912994676253255,6.905949177691967e-07
2018-04-18,2708.639892578125,3412030000,0.0008310204075527849,6.905949177691967e-07,5.08519005661887e-05,0.0002015906103813983,21.95057325932734,3.2977245681827224e-05
2018-04-19,2693.1298828125,3375120000,-0.005742581795832535,3.2977245681827224e-05,4.394386486104355e-05,0.00019378672173187033,21.939696716490662,7.349936710288175e-05
2018-04-20,2670.139892578125,3428260000,-0.008573177188352155,7.349936710288175e-05,5.697239355400215e-05,0.00019702794304832447,21.955318681071805,3.1618254037833817e-09
2018-04-23,2670.2900390625,3030390000,5.6230111184163434e-05,3.1618254037833817e-09,4.392758269262512e-05,0.00019687324224845152,21.831957161386175,0.000181464823683001
2018-04-24,2634.56005859375,3716020000,-0.013470888006475334,0.000181464823683001,5.7727038642176594e-05,0.00017559984950589775,22.03591904028395,3.3685985745146317e-06
2018-04-25,2639.39990234375,3563680000,0.001835374232824094,3.3685985745146317e-06,5.826263937352568e-05,0.00015534351608159782,21.994059556048057,0.00010774739335072234
2018-04-26,2666.93994140625,3690920000,0.010380144187376317,0.00010774739335072234,7.321666890730471e-05,0.0001276059336685367,22.02914158668732,1.238780734083899e-06
2018-04-27,2669.909912109375,3234510000,0.0011130052713639316,1.238780734083899e-06,5.876455163354513e-05,0.00011385722893083049,21.897143285420654,6.758800692642791e-05
2018-04-30,2648.050048828125,3749510000,-0.00822119254892062,6.758800692642791e-05,7.228152065374997e-05,0.00011654160346306636,22.044891001991132,6.481108694005564e-06
2018-05-01,2654.800048828125,3562820000,0.0025458021710269563,6.481108694005564e-06,3.728477765595087e-05,0.00010833497703728843,21.993818203349274,5.230111817946093e-05
2018-05-02,2635.669921875,4047020000,-0.007231951201402076,5.230111817946093e-05,4.707128157694013e-05,8.75150765570474e-05,22.121246645007318,5.090517791151036e-06
2018-05-03,2629.72998046875,3867530000,-0.00225621758506378,5.090517791151036e-06,2.653990646502587e-05,8.060326708801948e-05,22.075881897588907,0.00016204806335748303
2018-05-04,2663.419921875,3335260000,0.012729810028334398,0.00016204806335748303,5.8701762989705703e-05,8.195761751432555e-05,21.92781647459451,1.1916169752030353e-05
2018-05-07,2672.6298828125,3266810000,0.003451980554990186,1.1916169752030353e-05,4.7567395554826185e-05,8.037300317990103e-05,21.907079810849364,7.058406202218742e-08
2018-05-08,2671.919921875,3745100000,-0.00026567661173348966,7.058406202218742e-08,4.628529062842951e-05,5.804685388680625e-05,22.043714156095803,9.284571112473959e-05
2018-05-09,2697.7900390625,3913650000,0.009635647934868707,9.284571112473959e-05,5.4394209217485236e-05,6.176277132547011e-05,22.087736279591784,8.699314545832293e-05
2018-05-10,2723.070068359375,3380640000,0.009327011603848412,8.699314545832293e-05,7.077473475091962e-05,5.320874990718966e-05,21.941330877925285,2.9109112119167498e-06
2018-05-11,2727.719970703125,2874850000,0.0017061392709614154,2.9109112119167498e-06,3.894730432180636e-05,5.194564592458811e-05,21.77926633626942,7.798647447853612e-07
2018-05-14,2730.1298828125,2994360000,0.0008830995101263284,7.798647447853612e-07,3.6720043320357366e-05,4.891212049446231e-05,21.819996356530464,4.713721918307835e-05
2018-05-15,2711.449951171875,3291190000,-0.006865655043990948,4.713721918307835e-05,4.61333703445686e-05,5.067487029196184e-05,21.914515038756747,1.6421458239752195e-05
2018-05-16,2722.4599609375,3248480000,0.004052339847514297,1.6421458239752195e-05,3.084851976757112e-05,4.845642675139199e-05,21.901453031886042,7.331448631202591e-07
2018-05-17,2720.1298828125,3478150000,-0.0008562387886099643,7.331448631202591e-07,1.3596519648530583e-05,4.337759042993183e-05,21.969766380470634,6.946731334045928e-06
2018-05-18,2712.969970703125,3383270000,-0.002635665254550723,6.946731334045928e-06,1.4403683672956419e-05,4.3661960267035316e-05,21.94210853467464,5.4163779101965034e-05
2018-05-21,2733.010009765625,3053480000,0.007359604547933607,5.4163779101965034e-05,2.5080466544392356e-05,4.462498451340521e-05,21.839547761072694,9.863924837417076e-06
2018-05-22,2724.43994140625,3384140000,-0.003140688592875307,9.863924837417076e-06,1.76258076752601e-05,4.173246441042955e-05,21.942365649288515,1.0517990833033764e-05
2018-05-23,2733.2900390625,3333160000,0.0032431452068992783,1.0517990833033764e-05,1.644511419391641e-05,4.221041118350364e-05,21.927186640220317,4.1016900479244e-06
2018-05-24,2727.760009765625,3285750000,-0.002025262957722873,4.1016900479244e-06,1.711882323087724e-05,3.414845056372743e-05,21.912860773630737,5.569614415765883e-06
2018-05-25,2721.330078125,3015260000,-0.002360003054185711,5.569614415765883e-06,1.6843399847221232e-05,3.4248496738329765e-05,21.826951899228362,0.00013529347909707859
2018-05-29,2689.860107421875,3743310000,-0.011631572511792143,0.00013529347909707859,3.3069339846243945e-05,3.5500591544982325e-05,22.04323608397272,0.00015916031089527482
2018-05-30,2724.010009765625,3566490000,0.012615875351923656,0.00015916031089527482,6.292861705781548e-05,4.2678842915945546e-05,21.994847756089484,4.765600986990185e-05
2018-05-31,2705.27001953125,4241100000,-0.006903333243434062,4.765600986990185e-05,7.035622086518911e-05,4.177284304973981e-05,22.16808850674116,0.00011644135836492007
2018-06-01,2734.6201171875,3694310000,0.010790799709239352,0.00011644135836492007,9.282415452858824e-05,4.677103621659956e-05,22.03005963534313,1.9977278555375938e-05
2018-06-04,2746.8701171875,3410090000,0.004469594898352192,1.9977278555375938e-05,9.570568735651026e-05,4.530177077914116e-05,21.950004521148674,4.932902823874694e-07
2018-06-05,2748.800048828125,3523550000,0.000702346269576104,4.932902823874694e-07,6.874564959357203e-05,4.509280589237918e-05,21.98273484135012,7.277626568368631e-05
2018-06-06,2772.35009765625,3662780000,0.008530900637311767,7.277626568368631e-05,5.146884055125433e-05,4.10349969072066e-05,22.021488259152367,5.104296889947684e-07
2018-06-07,2770.3701171875,3742080000,-0.000714443621984806,5.104296889947684e-07,4.2039724515072904e-05,4.051655417706862e-05,22.042907443778756,9.740821443023013e-06
2018-06-08,2779.030029296875,3138850000,0.0031210289077518993,9.740821443023013e-06,2.069961713069349e-05,4.095611042165956e-05,21.86712232806395,1.1409166655949214e-06
2018-06-11,2782.0,3262130000,0.0010681370069400842,1.1409166655949214e-06,1.693234475273729e-05,3.678771067351662e-05,21.90564619350869,3.034101616619528e-06
2018-06-12,2786.85009765625,3435700000,0.0017418672787039569,3.034101616619528e-06,1.7440507019583703e-05,3.297139049889374e-05,21.957486526721127,1.6275209704901887e-05
2018-06-13,2775.6298828125,3820770000,-0.004034254541411819,1.6275209704901887e-05,6.140295823826817e-06,3.3578858612211246e-05,22.06371781019461,6.093494829601547e-06
2018-06-14,2782.489990234375,3540930000,0.0024685005225038026,6.093494829601547e-06,7.256908851948173e-06,3.382038725243016e-05,21.987655241736192,1.035551106506368e-06
2018-06-15,2779.659912109375,5451990000,-0.0010176203154941277,1.035551106506368e-06,5.515854784644844e-06,3.172485688531326e-05,22.419246516773146,4.530049018876289e-06
2018-06-18,2773.75,3316120000,-0.0021283911808867018,4.530049018876289e-06,6.193681255301118e-06,3.118433828436435e-05,21.922061262044767,1.6253136992391513e-05
2018-06-19,2762.590087890625,3671160000,-0.00403151795139145,1.6253136992391513e-05,8.837488330455515e-06,3.18897924720585e-05,22.023773525637974,2.9264610428745274e-06
2018-06-20,2767.320068359375,3332140000,0.001710690224112632,2.9264610428745274e-06,6.1677385980500434e-06,3.17070529133689e-05,21.926880577475156,4.052250370540527e-05
2018-06-21,2749.760009765625,3336580000,-0.006365728843220175,4.052250370540527e-05,1.305354037321079e-05,3.108699494079799e-05,21.928212167541833,3.460356150412066e-06
2018-06-22,2754.8798828125,5468110000,0.0018602032551342518,3.460356150412066e-06,1.3538501381991927e-05,3.0795923636843216e-05,22.42219887283327,0.0001909847429059314
2018-06-25,2717.070068359375,3663280000,-0.013819722967770787,0.0001909847429059314,5.082944015940295e-05,3.8998957821974934e-05,22.021624758171114,4.849466849738855e-06
2018-06-26,2723.06005859375,3568900000,0.0022021505056963875,4.849466849738855e-06,4.854870613087242e-05,3.9032947676602856e-05,21.995523262289137,7.467701400746669e-05
2018-06-27,2699.6298828125,3803990000,-0.008641586313141048,7.467701400746669e-05,6.289881672379086e-05,4.217419311258926e-05,22.059316353077204,3.7941657936856575e-05
2018-06-28,2716.31005859375,3461100000,0.006159680019031555,3.7941657936856575e-05,6.238264757008112e-05,3.774911033257917e-05,21.964852294854552,5.747396989052799e-07
2018-06-29,2718.3701171875,3586800000,0.0007581158875167304,5.747396989052799e-07,6.180552427977977e-05,3.054067527819873e-05,22.000526277320965,9.383566938918087e-06
2018-07-02,2726.7099609375,3095040000,0.0030632608342937573,9.383566938918087e-06,2.5485289086377094e-05,2.8801018781335832e-05,21.853066667393634,2.459792260032861e-05
2018-07-03,2713.219970703125,1911460000,-0.004959629280533839,2.459792260032861e-05,2.943498023649505e-05,2.4626317155672582e-05,21.371133185430583,7.36825966279081e-05
2018-07-05,2736.610107421875,2980160000,0.00858385674553741,7.36825966279081e-05,2.9236096760583333e-05,2.706746797715132e-05,21.81524282763312,7.132676754171011e-05
2018-07-06,2759.820068359375,2590250000,0.00844551760058021,7.132676754171011e-05,3.591311868155404e-05,3.028717148893871e-05,21.675020233482197,7.716376460144315e-05
2018-07-09,2784.169921875,3070060000,0.00878429078534193,7.716376460144315e-05,5.123092366206162e-05,3.048660325792766e-05,21.844962942654202,1.20218178388726e-05
2018-07-10,2793.840087890625,3080140000,0.003467249318822141,1.20218178388726e-05,5.175857384205251e-05,3.10098481738312e-05,21.848240887768984,5.068708619990327e-05
2018-07-11,2774.02001953125,2986180000,-0.007119486371916395,5.068708619990327e-05,5.6976406561967446e-05,3.2871042026416666e-05,21.817260815894233,7.588137430981917e-05
2018-07-12,2798.2900390625,2834230000,0.008710991580171523,7.588137430981917e-05,5.741616209834966e-05,3.6268335555699586e-05,21.76503613264938,1.163497766656572e-06
2018-07-13,2801.31005859375,2619790000,0.0010786555366086858,1.163497766656572e-06,4.3383508143338945e-05,3.6183308107974e-05,21.686359999216975,1.058150902288393e-06
2018-07-16,2798.429931640625,2819860000,-0.0010286646208985673,1.058150902288393e-06,2.8162385403508003e-05,3.549162361694611e-05,21.759953075628616,1.5727762723047325e-05
2018-07-17,2809.550048828125,3064920000,0.0039658243434432805,1.5727762723047325e-05,2.890357438034294e-05,3.592954488483001e-05,21.843287305178293,4.657749876350329e-06
2018-07-18,2815.6201171875,3111560000,0.002158182076737347,4.657749876350329e-06,1.9697707115632356e-05,3.609419028345928e-05,21.858390045412882,1.5688149328147198e-05
2018-07-19,2804.489990234375,3278360000,-0.003960826849048971,1.5688149328147198e-05,7.659062119297964e-06,3.6601376661153416e-05,21.91060913460581,9.004069803294889e-07
2018-07-20,2801.830078125,3243250000,-0.0009488977712743818,9.004069803294889e-07,7.606443962032548e-06,3.590352529696878e-05,21.899841750723727,3.3722266556365697e-06
2018-07-23,2806.97998046875,2928490000,0.001836362343230924,3.3722266556365697e-06,8.069259112702183e-06,3.592378737027614e-05,21.79775276911232,2.2748310404422956e-05
2018-07-24,2820.39990234375,3430410000,0.004769518886053703,2.2748310404422956e-05,9.473368648977309e-06,3.5115869492958764e-05,21.955945624799902,8.209148366443527e-05
2018-07-25,2846.070068359375,3584400000,0.009060435070372463,8.209148366443527e-05,2.4960115406594296e-05,3.869001165268709e-05,21.999856933253326,9.222778306078832e-06
2018-07-26,2837.43994140625,3667290000,-0.003036902748867476,9.222778306078832e-06,2.3667041202180623e-05,3.042810417087561e-05,22.02271880690099,4.334687863065864e-05
2018-07-27,2818.820068359375,3434370000,-0.006583834644844799,4.334687863065864e-05,3.215633553224646e-05,3.217798652455379e-05,21.957099339977404,3.330200932489499e-05
2018-07-30,2802.60009765625,3261190000,-0.005770789315587166,3.330200932489499e-05,3.814229206609814e-05,3.0297304493527795e-05,21.905357996699024,2.3744542565820104e-05
2018-07-31,2816.2900390625,3906890000,0.004872837219302539,2.3744542565820104e-05,3.8341538498377574e-05,2.965198106757159e-05,22.086007498284637,1.083458378116771e-06
2018-08-01,2813.360107421875,3501350000,-0.001040893067570714,1.083458378116771e-06,2.2139933441113866e-05,2.9675104643899387e-05,21.976414445644465,2.4150831816156015e-05
2018-08-02,2827.219970703125,3501380000,0.004914349582208821,2.4150831816156015e-05,2.5125544143129302e-05,3.0346343956501112e-05,21.97642301373148,2.1468692704195526e-05
2018-08-03,2840.35009765625,3043690000,0.004633432065348053,2.1468692704195526e-05,2.074990695783668e-05,3.0204106233949613e-05,21.836336432403762,1.2474901445561705e-05
2018-08-06,2850.39990234375,2879020000,0.0035319826508013463,1.2474901445561705e-05,1.6584485381970022e-05,2.7421938271115683e-05,21.78071579575621,7.95353789088272e-06
2018-08-07,2858.449951171875,3185440000,0.0028202017464860063,7.95353789088272e-06,1.3426284446982549e-05,2.45413369233508e-05,21.88185626430969,6.886131380838099e-08
2018-08-08,2857.699951171875,2978070000,-0.0002624143932949963,6.886131380838099e-08,1.322336503412087e-05,2.1037023137549218e-05,21.81454127697629,2.0814256393470866e-06
2018-08-09,2853.580078125,3066180000,-0.0014427146770401578,2.0814256393470866e-06,8.809483798759084e-06,2.0585187128479877e-05,21.843698324413772,5.0969779592121096e-05
2018-08-10,2833.280029296875,3265590000,-0.007139312263245046,5.0969779592121096e-05,1.4709701176344198e-05,2.0598036828126142e-05,21.906706288096988,1.611249838390855e-05
2018-08-13,2821.929931640625,3173630000,-0.004014037665980297,1.611249838390855e-05,1.5437220564013568e-05,1.788126974058475e-05,21.878141880421957,4.056326955402772e-05
2018-08-14,2839.9599609375,2986500000,0.006368930016417806,4.056326955402772e-05,2.1959166896642564e-05,1.9672168458192532e-05,21.817367970471476,5.823534441250911e-05
2018-08-15,2818.3701171875,3656680000,-0.007631208581378779,5.823534441250911e-05,3.359246351638271e-05,2.2271131799566196e-05,22.01982146914038,6.222392882845335e-05
2018-08-16,2840.68994140625,3232000000,0.007888214552638217,6.222392882845335e-05,4.562096415420396e-05,2.4384593895266474e-05,21.896366977914667,1.100651206118507e-05
2018-08-17,2850.1298828125,3037640000,0.003317606375262905,1.100651206118507e-05,3.762831064801676e-05,2.4673173994577138e-05,21.834346735415124,5.880988280934141e-06
2018-08-20,2857.050048828125,2757150000,0.002425074902128621,5.880988280934141e-06,3.558200862742188e-05,2.4227393946976552e-05,21.73746337483485,4.270008772481947e-06
2018-08-21,2862.9599609375,3174010000,0.002066399954626874,4.270008772481947e-06,2.8323356471112722e-05,2.4380557664801663e-05,21.87826160995934,1.585879725641748e-07
2018-08-22,2861.820068359375,2701250000,-0.0003982310542438583,1.585879725641748e-07,1.6708005183123736e-05,2.4234483179207462e-05,21.71698046615557,2.865212718771915e-06
2018-08-23,2856.97998046875,2724450000,-0.0016926939235348826,2.865212718771915e-06,4.83626196118745e-06,2.333070601167787e-05,21.725532410194884,3.818876536008195e-05
2018-08-24,2874.68994140625,2603010000,0.006179705928285095,3.818876536008195e-05,1.0272712620966827e-05,2.1335127906934537e-05,21.679934305056722,5.838704200345824e-05
2018-08-27,2896.739990234375,2865070000,0.007641141407110474,5.838704200345824e-05,2.0773923365471648e-05,2.356986716590633e-05,21.77585861997344,7.249129634942962e-08
2018-08-28,2897.52001953125,2687770000,0.000269242077598264,7.249129634942962e-08,1.9934419870245142e-05,2.1602849559801364e-05,21.711977690842247,3.2321981930323135e-05
2018-08-29,2914.0400390625,2805520000,0.005685242468912222,3.2321981930323135e-05,2.6367098661796937e-05,2.15583028600481e-05,21.754854742340367,1.9715127784390393e-05
2018-08-30,2901.1298828125,2810450000,-0.004440172044458457,1.9715127784390393e-05,2.9737081674920635e-05,2.1375147642710382e-05,21.756610450175216,1.8081768699363038e-08
2018-08-31,2901.52001953125,2887220000,0.0001344684673050267,1.8081768699363038e-08,2.210294495664411e-05,2.132672143319141e-05,21.783559938741842,2.7413161607213194e-06
2018-09-04,2896.719970703125,3087420000,-0.0016556920488790539,2.7413161607213194e-06,1.0973799788096727e-05,2.0353561630671653e-05,21.850601627957534,7.879601570252397e-06
2018-09-05,2888.60009765625,3248780000,-0.0028070628012661913,7.879601570252397e-06,1.2535221842877321e-05,1.9735875670037874e-05,21.90154537850604,1.3388215406056051e-05
2018-09-06,2878.050048828125,3144240000,-0.0036589910366187084,1.3388215406056051e-05,8.748468538023905e-06,1.9777389940969434e-05,21.86883804479584,4.909760311547115e-06
2018-09-07,2871.679931640625,2976580000,-0.0022157978950136936,4.909760311547115e-06,5.7873950434552495e-06,1.9639036414636e-05,21.81404082773726,3.5949229909124792e-06
2018-09-10,2877.1298828125,2751100000,0.0018960282146931462,3.5949229909124792e-06,6.502763287897871e-06,1.9799311945413458e-05,21.735266669009707,1.3934286257450475e-05
2018-09-11,2887.889892578125,2904500000,0.0037328656897148704,1.3934286257450475e-05,8.741357307243703e-06,2.033807833714543e-05,21.789527095741153,1.271695152141491e-07
2018-09-12,2888.919921875,3341280000,0.00035660834989403867,1.271695152141491e-07,7.190870896236054e-06,1.802705060637693e-05,21.929619804352026,2.775553447536483e-05
2018-09-13,2904.179931640625,3274090000,0.005268352159391476,2.775553447536483e-05,1.0064334710097809e-05,1.8556279519624945e-05,21.90930580513267,7.586934246928382e-08
2018-09-14,2904.97998046875,3179410000,0.0002754439007661702,7.586934246928382e-08,9.097556516282243e-06,1.6715943146372285e-05,21.879961482248152,3.119547546027875e-05
2018-09-17,2888.800048828125,2967980000,-0.00558529099154903,3.119547546027875e-05,1.4617667010155495e-05,1.548685819399818e-05,21.811147424021296,2.867230733276866e-05
2018-09-18,2904.31005859375,3091190000,0.005354652867625376,2.867230733276866e-05,1.7565271225219132e-05,1.3961784489648875e-05,21.851821967311093,1.568726273239385e-06
2018-09-19,2907.949951171875,3302460000,0.0012524880331721278,1.568726273239385e-06,1.7853582576824184e-05,1.3532794226560435e-05,21.91793348255387,6.099632157503336e-05
2018-09-20,2930.75,3406520000,0.007810014185328562,6.099632157503336e-05,2.4501739996757885e-05,1.6038036649019493e-05,21.948957079583042,1.3586665076225163e-07
2018-09-21,2929.669921875,5652470000,-0.0003686009370067467,1.3586665076225163e-07,2.451373945841648e-05,1.5850121098032232e-05,22.455358454893116,1.2403655033764309e-05
2018-09-24,2919.3701171875,3392030000,-0.0035218823140139577,1.2403655033764309e-05,2.0755375373113595e-05,1.6406715055359513e-05,21.944694399471388,1.7055014666775893e-06
2018-09-25,2915.56005859375,3330880000,-0.0013059484931181586,1.7055014666775893e-06,1.5362014199895382e-05,1.6354000907537042e-05,21.9265023705916,1.0855045989033073e-05
2018-09-26,2905.969970703125,3417540000,-0.0032946996811595852,1.0855045989033073e-05,1.7219278143054113e-05,1.5111559117943912e-05,21.952186831248817,7.614709055717438e-06
2018-09-27,2914.0,3101360000,0.0027594762285110264,7.614709055717438e-06,6.542955639190933e-06,1.280372580213751e-05,21.855106562232415,4.719888047726677e-11
2018-09-28,2913.97998046875,3461680000,-6.870144138027001e-06,4.719888047726677e-11,6.515791748814578e-06,1.2800432888616195e-05,21.96501985759703,1.3209534585496172e-05
2018-10-01,2924.590087890625,3375890000,0.003634492342198037,1.3209534585496172e-05,6.67696765916095e-06,1.193168528203315e-05,21.939924830507117,1.5742556816386143e-07
2018-10-02,2923.429931640625,3432620000,-0.0003967689102788441,1.5742556816386143e-07,6.3673524794582045e-06,1.1042698817659217e-05,21.95658965522837,5.059003707626687e-07
2018-10-03,2925.510009765625,3625510000,0.0007112667367188408,5.059003707626687e-07,4.297523355804123e-06,1.1064872390480278e-05,22.011260805288185,6.72897901183461e-05
2018-10-04,2901.610107421875,3510370000,-0.008203035421010085,6.72897901183461e-05,1.623253956832986e-05,1.3998893934008675e-05,21.9789872822589,3.072833658409018e-05
2018-10-05,2885.570068359375,3340820000,-0.0055433145846226495,3.072833658409018e-05,2.2378197445371794e-05,1.5037472798274029e-05,21.929482123083986,1.5617885750716555e-07
2018-10-08,2884.429931640625,3381820000,-0.0003951947083491447,1.5617885750716555e-07,1.9767526299773997e-05,1.4436016591521809e-05,21.941679863357106,2.013305117461272e-06
2018-10-09,2880.340087890625,3531690000,-0.0014189098341548245,2.013305117461272e-06,2.0138702209633478e-05,1.4304359537245178e-05,21.985042347149932,0.0011166550566465028
2018-10-10,2785.679931640625,4554260000,-0.03341638904260158,0.0011166550566465028,0.0002433685334647815,6.489800197613565e-05,22.2393288958436,0.00043212348111480584
2018-10-11,2728.3701171875,4914090000,-0.020787579972541437,0.00043212348111480584,0.0003163352716640735,8.390660174237909e-05,22.315372426099493,0.00019898587739652928
2018-10-12,2767.1298828125,4024010000,0.0141062354083763,0.00019898587739652928,0.0003499867798265613,9.294563391880249e-05,22.115544755078734,3.507579649076462e-05
2018-10-15,2750.7900390625,3327160000,-0.005922482291300213,3.507579649076462e-05,0.0003569707033532128,9.327837310132068e-05,21.925384924500563,0.00045232050932212157
2018-10-16,2809.919921875,3460260000,0.021267828034901015,0.00045232050932212157,0.0004470321441941448,0.00011383494764585031,21.964609567990504,6.385439038372315e-08
2018-10-17,2809.2099609375,3347090000,-0.0002526942626648321,6.385439038372315e-08,0.000223713903742921,0.00011241987396085508,21.931357148864862,0.00021014823900093992
2018-10-18,2768.780029296875,3639300000,-0.014496490575340637,0.00021014823900093992,0.0001793188553201478,0.00012066877994577197,22.015057192684036,1.3049082296073766e-07
2018-10-19,2767.780029296875,3593940000,-0.0003612351352799692,1.3049082296073766e-07,0.0001395477780054341,0.00012060340560712293,22.00251493095585,1.8565732418614574e-05
2018-10-22,2755.8798828125,3331270000,-0.00430879709647769,1.8565732418614574e-05,0.0001362457651910041,0.00011867474246364935,21.926619449912938,3.054857110720027e-05
2018-10-23,2740.68994140625,4373710000,-0.005527076180694479,3.054857110720027e-05,5.189137754801985e-05,0.00012005713812076016,22.198877456362855,0.000982871021692356
2018-10-24,2656.10009765625,4738670000,-0.03135077386114027,0.000982871021692356,0.0002484528110084143,0.00016416929115069614,22.279022342774187,0.00034053970723790745
2018-10-25,2705.570068359375,4663930000,0.01845371797871387,0.00034053970723790745,0.0002745311046558078,0.0001795708459584793,22.263124277520056,0.0003055202655727395
2018-10-26,2658.68994140625,4804330000,-0.017479138010003226,0.0003055202655727395,0.0003356090596057635,0.00019296471957592053,22.29278343176909,4.3312302624732316e-05
2018-10-29,2641.25,4701260000,-0.006581208295194152,4.3312302624732316e-05,0.0003405583736469871,0.0001945873374654212,22.271096395053124,0.00024165706629999942
2018-10-30,2682.6298828125,5125600000,0.01554532297187805,0.00024165706629999942,0.0003827800726855469,0.00020557174742456298,22.357513428484186,0.00011648623181086576
2018-10-31,2711.739990234375,5133380000,0.0107928787545708,0.00011648623181086576,0.0002095031147092489,0.00021026614275298884,22.359030148760457,0.00011030248248346104
2018-11-01,2740.3701171875,4730250000,0.010502498868529386,0.00011030248248346104,0.0001634556697583596,0.00021527273624913874,22.27724389238755,4.01540337400331e-05
2018-11-02,2723.06005859375,4261230000,-0.0063367210558800124,4.01540337400331e-05,0.00011038242339181832,0.0002170749241295601,22.172823688181555,3.1188803691485196e-05
2018-11-05,2738.31005859375,3650910000,0.005584693697194609,3.1188803691485196e-05,0.0001079577236051689,0.0002154339702010664,22.018242288809372,3.893495109526745e-05
2018-11-06,2755.449951171875,3543800000,0.006239787744408254,3.893495109526745e-05,6.741330056422252e-05,0.00021580699813339267,21.988465434970426,0.0004404574665160893
2018-11-07,2813.889892578125,3929080000,0.020987078560773753,0.0004404574665160893,0.00013220754750526724,0.0002358206930269646,22.091671138985074,6.310490602937029e-06
2018-11-08,2806.830078125,3673550000,-0.0025120689884907677,6.310490602937029e-06,0.00011140914912916243,0.00023601601963994074,22.02442433420188,8.54069102312113e-05
2018-11-09,2781.010009765625,4029030000,-0.009241585915372497,8.54069102312113e-05,0.00012045972442739805,0.00018914110389379112,22.11679148939248,0.0003959364126404851
2018-11-12,2726.219970703125,3701570000,-0.0198981509854681,0.0003959364126404851,0.00019340924621719804,0.00018749623714495837,22.032022891190962,2.199344826920871e-06
2018-11-13,2722.179931640625,4112820000,-0.0014830188221734986,2.199344826920871e-06,0.00018606212496352872,0.00017855139475543073,22.137374761804033,5.77020845655605e-05
2018-11-14,2701.580078125,4449060000,-0.007596188818451033,5.77020845655605e-05,0.00010951104857342296,0.00017957986239519418,22.215958675080813,0.0001110501340850108
2018-11-15,2730.199951171875,4204960000,0.010538032742642756,0.0001110501340850108,0.00013045897726983772,0.00016406757261168916,22.159530618078755,4.932119367894691e-06
2018-11-16,2736.27001953125,3996970000,0.0022208375374832556,4.932119367894691e-06,0.00011436401909717438,0.0001642888573833942,22.1088024112684,0.0002816745010642077
2018-11-19,2690.72998046875,3806940000,-0.01678316123572099,0.0002816745010642077,9.15116367819189e-05,0.00016754005111354272,22.06009155404396,0.00033554896121111165
2018-11-20,2641.889892578125,4370820000,-0.018317995556586197,0.00033554896121111165,0.00015818156005875707,0.00018278634522209505,22.198216471700544,9.233511180196624e-06
2018-11-21,2649.929931640625,3237400000,0.003038669310766906,9.233511180196624e-06,0.0001484878453816843,0.00018236215334762148,21.898036375773025,4.324929622648037e-05
2018-11-23,2632.56005859375,1651680000,-0.006576419711855408,4.324929622648037e-05,0.0001349276778099782,0.00018293945903486146,21.225058789286997,0.00023755982440985785
2018-11-26,2673.449951171875,3523520000,0.015412975845366716,0.00023755982440985785,0.00018145321881837085,0.0001490616773402025,21.982726327173307,1.0604039130092808e-05
2018-11-27,2682.169921875,3494380000,0.003256384364612508,1.0604039130092808e-05,0.00012723912643154787,0.00013406460151712,21.974421800901375,0.0005159281266005095
2018-11-28,2743.7900390625,3984540000,0.022714051303114324,0.0005159281266005095,0.00016331495950942744,0.00014362859520020046,22.105687709903396,4.7763864079462765e-06
2018-11-29,2737.800048828125,3599200000,-0.0021854945453938512,4.7763864079462765e-06,0.00016242353455497738,0.00014187696264489203,22.003977435769077,6.621968284022596e-05
2018-11-30,2760.169921875,4668310000,0.008137547716617455,6.621968284022596e-05,0.00016701761187772648,0.00013390253612399324,22.26406295897717,0.00011841796305250855
2018-12-03,2790.3701171875,4221580000,0.010882001794362495,0.00011841796305250855,0.0001431892396062566,0.00013399034208952244,22.16347530274112,0.0010824250576293396
2018-12-04,2700.06005859375,4515710000,-0.03290022883855581,0.0010824250576293396,0.00035755344330610595,0.00017817773186888056,22.230828265272873,2.3207107369602538e-06
2018-12-06,2695.949951171875,5180430000,-0.001523387914144081,2.3207107369602538e-06,0.00025483196013339614,0.00017645803536874086,22.368153901548578,0.0005567870469673104
2018-12-07,2633.080078125,4242240000,-0.02359633545632267,0.0005567870469673104,0.0003652340922452689,0.0002003488646085511,22.16835726881048,3.0997237085454966e-06
2018-12-10,2637.719970703125,4162880000,0.0017606032229169344,3.0997237085454966e-06,0.0003526101004189329,0.0001987199906364274,22.149472979617688,1.2702785665183264e-07
2018-12-11,2636.780029296875,3963440000,-0.0003564096753061463,1.2702785665183264e-07,0.00032895191337976154,0.00017870497069736208,22.100378172243722,2.9212630638536578e-05
2018-12-12,2651.070068359375,4029300000,0.005404871010351364,2.9212630638536578e-05,0.0001183094279816009,0.00017974597706261656,22.116858500795594,3.998012743478433e-08
2018-12-13,2650.5400390625,3978340000,-0.00019995031241482053,3.998012743478433e-08,0.00011785328185969582,0.00017586566205789945,22.10413048406266,0.0003713796223053015
2018-12-14,2599.949951171875,4064370000,-0.01927121226870021,0.0003713796223053015,8.077179692729403e-05,0.0001747494443153911,22.125524586631528,0.000440676022324079
2018-12-17,2545.93994140625,4661420000,-0.020992284828576402,0.000440676022324079,0.00016828705665040072,0.00019468020238344377,22.262585959910513,7.464416344556365e-09
2018-12-18,2546.159912109375,4519190000,8.639685378852846e-05,7.464416344556365e-09,0.00016826314396233927,0.0001920577196493885,22.231598611413133,0.00024072947344013998
2018-12-19,2506.9599609375,5152830000,-0.015515459175936108,0.00024072947344013998,0.00021056651252265995,0.00019795223507462162,22.362811915451392,0.0002527403463928818
2018-12-20,2467.419921875,5619780000,-0.015897809484104464,0.0002527403463928818,0.00026110658577574935,0.00020921624539393922,22.44955835435626,0.0004327698224768096
2018-12-21,2416.6201171875,7657890000,-0.020803120498540828,0.0004327698224768096,0.00027338462581005097,0.0002160842145490575,22.75900232596521,0.0007555116885948801
2018-12-24,2351.10009765625,2613670000,-0.02748657287831424,0.0007555116885948801,0.0003363517590642112,0.00023517342943013789,21.68402120125641,0.0023428676086315737
2018-12-26,2467.699951171875,4249740000,0.0484031776708056,0.0023428676086315737,0.000804923787907257,0.00034124770658701864,22.1701236417761,7.269658042867993e-05
2018-12-27,2488.830078125,4139010000,0.008526228968816163,7.269658042867993e-05,0.0007713172093049651,0.00034258621950530047,22.143722465994212,1.5434432382670223e-06
2018-12-28,2485.739990234375,3728440000,-0.0012423539102313086,1.5434432382670223e-06,0.000721077828674042,0.00033185820217931906,22.03925575282455,7.15145209733515e-05
2018-12-31,2506.85009765625,3461920000,0.00845662586220719,7.15145209733515e-05,0.0006488267683733503,0.0003346268604449217,21.96508918569225,1.6070457010308664e-06
2019-01-02,2510.030029296875,3733160000,0.0012676930626263072,1.6070457010308664e-06,0.0004980458397945806,0.00031124862949494545,22.04052089719795,0.0006284212601832536
2019-01-03,2447.889892578125,3858830000,-0.025068331818915546,0.0006284212601832536,0.0001551565701049165,0.00033959612375745936,22.07362986592725,0.0011396970249157785
2019-01-04,2531.93994140625,4234140000,0.033759399060347306,0.0011396970249157785,0.00036855665900233623,0.0003883905483972572,22.166446075007556,4.880386060592651e-05
2019-01-07,2549.68994140625,4133120000,0.006985975995229765,4.880386060592651e-05,0.0003780087424758681,0.00038522627101332166,22.142298406896025,9.309523759001209e-05
2019-01-08,2574.409912109375,4120060000,0.009648587336497094,9.309523759001209e-05,0.00038232488579920023,0.0003402567337388068,22.139133563551315,1.6725411610504334e-05
2019-01-09,2584.9599609375,4088740000,0.004089671332821787,1.6725411610504334e-05,0.00038534855898109496,0.00034091149286942247,22.131502691323202,2.0324240290412392e-05
2019-01-10,2596.639892578125,3721300000,0.004508241374462152,2.0324240290412392e-05,0.00026372915500252664,0.00031652681983865435,22.037338906818032,2.1406190188554763e-08
2019-01-11,2596.260009765625,3447460000,-0.0001463085444823875,2.1406190188554763e-08,3.579403125740869e-05,0.00031638689631509267,21.9609035652439,2.7787600894484033e-05
2019-01-14,2582.610107421875,3689370000,-0.005271394587249567,2.7787600894484033e-05,3.1590779315120195e-05,0.0003176441950895396,22.028721548986262,0.00011373409585055478
2019-01-15,2610.300048828125,3601180000,0.010664618879761001,0.00011373409585055478,3.5718550967228736e-05,0.000321486079871904,22.00452740675654,4.926271379045162e-06
2019-01-16,2616.10009765625,3882180000,0.00221952052908847,4.926271379045162e-06,3.33587229209369e-05,0.00032170818401970456,22.079662688727485,5.719489573504534e-05
2019-01-17,2635.9599609375,3802410000,0.007562730706236032,5.719489573504534e-05,4.073285400986349e-05,0.0003074270600846929,22.058900913441555,0.00017152912593476548
2019-01-18,2670.7099609375,4009010000,0.013096912839855257,0.00017152912593476548,7.503439795877889e-05,0.000295193110248815,22.111810165240737,0.00020330416145380463
2019-01-22,2632.89990234375,3923950000,-0.014258476827971656,0.00020330416145380463,0.000110137710070643,0.0003044338692050632,22.090364636723294,4.842155885601504e-06
2019-01-23,2638.699951171875,3358770000,0.0022004899194500993,4.842155885601504e-06,8.835932207765233e-05,0.0002937117184071296,21.93484067277018,1.8900203535401387e-06
2019-01-24,2642.330078125,3449230000,0.0013747801109778024,1.8900203535401387e-06,8.775207187255134e-05,0.0002823094308598868,21.961416854963563,7.145097236245683e-05
2019-01-25,2664.760009765625,3821000000,0.008452867700517785,7.145097236245683e-05,9.060328719803364e-05,0.00026588584676377985,22.063778005672887,6.20593523224953e-05
2019-01-28,2643.85009765625,3630820000,-0.007877775848708524,6.20593523224953e-05,6.87093324755796e-05,0.000234365286024126,22.01272435530489,2.1237464177491573e-06
2019-01-29,2640.0,3518070000,-0.0014573079351150042,2.1237464177491573e-06,2.8473249468368502e-05,0.00012796783774167946,21.981178381017198,0.00023807286140571432
2019-01-30,2681.050048828125,3883270000,0.015429609891559615,0.00023807286140571432,7.511939057239106e-05,0.00013548494142245373,22.07994341940166,7.328470804419426e-05
2019-01-31,2704.10009765625,4953800000,0.0085606488097687,7.328470804419426e-05,8.939832811052188e-05,0.00013874590800454133,22.32342079598346,8.06775068989645e-07
2019-02-01,2706.530029296875,3782490000,0.000898206584806438,8.06775068989645e-07,7.526948865182846e-05,0.00013553191955434309,22.053648360133536,4.56081565179298e-05
2019-02-04,2724.8701171875,3369450000,0.006753381117479584,4.56081565179298e-05,7.197924949091536e-05,0.0001375319700460203,21.938015363540348,2.206528902569256e-05
2019-02-05,2737.699951171875,3597620000,0.004697370437350301,2.206528902569256e-05,7.596755801250403e-05,0.00010997033499340387,22.00353835294501,4.959153612885624e-06
2019-02-06,2731.610107421875,3486590000,-0.0022269157175083265,4.959153612885624e-06,2.9344816453938297e-05,5.839134084327238e-05,21.972190018432414,8.83824336256678e-05
2019-02-07,2706.050048828125,4114040000,-0.009401193202230651,8.83824336256678e-05,3.2364361570233e-05,6.0190366889624263e-05,22.137671351270402,4.56938910001952e-07
2019-02-08,2707.8798828125,3649510000,0.0006759725660128169,4.56938910001952e-07,3.229439433843547e-05,5.597953513144199e-05,22.0178587492276,5.024708797761429e-07
2019-02-11,2709.800048828125,3395330000,0.000708851803818078,5.024708797761429e-07,2.3273257210804737e-05,5.52421287345907e-05,21.94566679529511,0.0001640410959807509
2019-02-12,2744.72998046875,3843020000,0.01280785290283859,0.0001640410959807509,5.166841860181641e-05,6.177471308415154e-05,22.06952435304329,9.116967149100735e-06
2019-02-13,2753.030029296875,3684910000,0.003019431593711097,9.116967149100735e-06,5.249998130905943e-05,6.2188147673193e-05,22.02751193922298,7.0498925941328555e-06
2019-02-14,2745.72998046875,3845390000,-0.0026551633836984223,7.0498925941328555e-06,3.623347310275244e-05,6.124552456863159e-05,22.07014086544948,0.00011707250094971347
2019-02-15,2775.60009765625,3648680000,0.010820004664958027,0.00011707250094971347,5.955658551069474e-05,6.139727025495699e-05,22.017631295570364,2.242869637861959e-06
2019-02-19,2779.760009765625,3535270000,0.0014976213265915916,2.242869637861959e-06,5.990466526231191e-05,6.127529744853955e-05,21.986055512727557,3.1525194253168436e-06
2019-02-20,2784.699951171875,3904830000,0.001775533560740783,3.1525194253168436e-06,2.7726949951225092e-05,5.881882579809737e-05,22.085480085615668,1.2479752565743069e-05
2019-02-21,2774.8798828125,3598260000,-0.0035326693258417308,1.2479752565743069e-05,2.839950703455356e-05,5.158930882677816e-05,22.00371623250985,4.084026292633771e-05
2019-02-22,2792.669921875,3429350000,0.006390638694711015,4.084026292633771e-05,3.515758110099453e-05,4.420458616643875e-05,21.95563657608446,1.5156181661984822e-06
2019-02-25,2796.110107421875,3860260000,0.0012311044497517187,1.5156181661984822e-06,1.2046204544291531e-05,4.405337990646589e-05,22.07400037592674,6.253166754841433e-07
2019-02-26,2793.89990234375,3676200000,-0.000790769672840419,6.253166754841433e-07,1.1722693951815969e-05,4.3995893375645164e-05,22.025145447195957,2.9615084967339985e-07
2019-02-27,2792.3798828125,3771790000,-0.0005441974362980773,2.9615084967339985e-07,1.115142023668728e-05,4.076158330688228e-05,22.05081552705011,8.006113252519304e-06
2019-02-28,2784.489990234375,4445780000,-0.00282950759895062,8.006113252519304e-06,1.0256692374042527e-05,3.8304617894610645e-05,22.21522116880798,4.721966427320925e-05
2019-03-01,2803.68994140625,3994950000,0.006871656588713471,4.721966427320925e-05,1.1532572643416835e-05,4.0354432342586096e-05,22.10829690069209,1.5117379117038542e-05
2019-03-04,2792.81005859375,3949730000,-0.003888107395255247,1.5117379117038542e-05,1.4252924833584848e-05,3.0220092238555385e-05,22.096913059345972,1.281816810795729e-06
2019-03-05,2789.64990234375,3631380000,-0.0011321734897071778,1.281816810795729e-06,1.4384224860647163e-05,2.694723354612818e-05,22.01287857854329,4.284322470229489e-05
2019-03-06,2771.449951171875,3800180000,-0.00654547360412483,4.284322470229489e-05,2.2893639631171463e-05,2.885798125673296e-05,22.058314271241102,6.656783096317991e-05
2019-03-07,2748.929931640625,3932150000,-0.008158911138330893,6.656783096317991e-05,3.460598317330358e-05,2.9810693731517057e-05,22.092452187282934,4.553802914333894e-06
2019-03-08,2743.070068359375,3424300000,-0.002133964131454391,4.553802914333894e-06,2.607281090152851e-05,2.9014717090091663e-05,21.954162908502237,0.0002119800758245233
2019-03-11,2783.300048828125,3764850000,0.014559535563489767,0.0002119800758245233,6.544535024302547e-05,3.842475900880246e-05,22.048973857032774,8.696398863769834e-06
2019-03-12,2791.52001953125,3432340000,0.0029489657278052306,8.696398863769834e-06,6.692826665362028e-05,3.480266651962529e-05,21.956508081555672,4.796319788365726e-05
2019-03-13,2810.919921875,3782250000,0.006925546757019063,4.796319788365726e-05,6.795226128989276e-05,3.696204192751871e-05,22.05358490785361,7.541173991161739e-07
2019-03-14,2808.47998046875,3505670000,-0.0008683993315958816,7.541173991161739e-07,5.478951857708001e-05,3.697348040567053e-05,21.977647494942488,2.472594926721766e-05
2019-03-15,2822.47998046875,5969780000,0.004972519408430465,2.472594926721766e-05,5.8823947847656756e-05,3.064097373687357e-05,22.509975912918147,1.368331712769558e-05
2019-03-18,2832.93994140625,3620770000,0.0036990967989085632,1.368331712769558e-05,1.916459610829122e-05,3.0848535099536966e-05,22.00995254762363,1.7048545772086744e-08
2019-03-19,2832.570068359375,3650740000,-0.00013057007992678393,1.7048545772086744e-08,1.742872604469167e-05,3.052886037006603e-05,22.018195723991834,8.694812469027138e-06
2019-03-20,2824.22998046875,3779160000,-0.0029486967407699183,8.694812469027138e-06,9.575048961765646e-06,2.5602601802762097e-05,22.05276759992528,0.00011651077049958267
2019-03-21,2854.8798828125,3612620000,0.010794015494688836,0.00011651077049958267,3.2726379581858944e-05,3.079659729647668e-05,22.007699108103143,0.0003669840258524107
2019-03-22,2800.7099609375,4253730000,-0.019156827134272802,0.0003669840258524107,0.00010117799489889754,4.733439304316276e-05,22.17106208226966,7.045467532989192e-07
2019-03-25,2798.360107421875,3406110000,-0.000839372833310037,7.045467532989192e-07,9.858224082401822e-05,4.679915641532439e-05,21.948836714907323,5.122340689953562e-05
2019-03-26,2818.4599609375,3288570000,0.007157052947934339,5.122340689953562e-05,0.00010882351249477092,4.727111750501521e-05,21.913718657083958,2.1670358925665852e-05
2019-03-27,2805.3701171875,3422400000,-0.004655143276599105,2.1670358925665852e-05,0.00011141862178609867,4.8187242084990994e-05,21.953607896584607,1.2838281092558002e-05
2019-03-28,2815.43994140625,3185460000,0.0035830547152615466,1.2838281092558002e-05,9.068412390469373e-05,4.874237683122162e-05,21.88186254285746,4.5046998011997055e-05
2019-03-29,2834.39990234375,3752520000,0.006711706043324384,4.5046998011997055e-05,2.6296718336611003e-05,5.0776506247690886e-05,22.045693451504324,0.00013230050173532401
2019-04-01,2867.18994140625,3560090000,0.011502195518044545,0.00013230050173532401,5.261590933301602e-05,5.642625117872747e-05,21.993051662670563,3.046963954158871e-10
2019-04-02,2867.239990234375,3267210000,1.745555485843653e-05,3.046963954158871e-10,4.2371288892387976e-05,5.427991665250864e-05,21.90720224696079,4.605626832267687e-06
2019-04-03,2873.39990234375,3570000000,0.00214607242008924,4.605626832267687e-06,3.895834247370835e-05,5.380210973047361e-05,21.995831433018072,4.336661488278256e-06
2019-04-04,2879.389892578125,3038740000,0.002082465242994047,4.336661488278256e-06,3.72580185528524e-05,5.3940966306722825e-05,21.834708793091455,2.1397263528653196e-05
2019-04-05,2892.739990234375,3155970000,0.00462571762309949,2.1397263528653196e-05,3.252807165618363e-05,5.296614988973911e-05,21.872561734498298,1.096024213384445e-06
2019-04-08,2895.77001953125,3056460000,0.001046911750523627,1.096024213384445e-06,6.287176151795713e-06,4.9990158673839314e-05,21.840523220810535,3.703910917552773e-05
2019-04-09,2878.199951171875,3032480000,-0.006085976435669771,3.703910917552773e-05,1.3694937047622179e-05,5.146676350389358e-05,21.83264660387203,1.205365739357003e-05
2019-04-10,2888.2099609375,3092230000,0.0034718377544997736,1.205365739357003e-05,1.5184543159882645e-05,4.237919902975934e-05,21.852158350739508,1.4533128331729095e-09
2019-04-11,2888.320068359375,2970650000,3.812234034228368e-05,1.4533128331729095e-09,1.4317501524793629e-05,4.198397423198948e-05,21.81204662137119,4.339618903840968e-05
2019-04-12,2907.409912109375,3726050000,0.006587578389545712,4.339618903840968e-05,1.8717286626744926e-05,4.177638292084187e-05,22.03861452852047,3.963549151664683e-07
2019-04-15,2905.580078125,3114530000,-0.000629567244356366,3.963549151664683e-07,1.857735276710133e-05,4.1760120989753244e-05,21.859344095297903,2.593134871242098e-07
2019-04-16,2907.06005859375,3403120000,0.0005092283251393326,2.593134871242098e-07,1.1221393629420625e-05,4.064800118156718e-05,21.947958495140536,5.182000696659118e-06
2019-04-17,2900.449951171875,3648100000,-0.0022764008207385444,5.182000696659118e-06,9.847062290038442e-06,4.0261577707429156e-05,22.017472321337603,2.489600600795796e-06
2019-04-18,2905.030029296875,3507100000,0.0015778468242499954,2.489600600795796e-06,1.0344691747630968e-05,4.0373966437202964e-05,21.978055322382833,1.0231440176881513e-06
2019-04-22,2907.969970703125,3010130000,0.0010115058169324342,1.0231440176881513e-06,1.870082743486662e-06,4.0025254234869374e-05,21.825249104475542,7.748138620793691e-05
2019-04-23,2933.679931640625,3674480000,0.00880235117499506,7.748138620793691e-05,1.7287089002040752e-05,3.825119131252184e-05,22.024677463273132,4.814375858548005e-06
2019-04-24,2927.25,3468480000,-0.0021941686030357843,4.814375858548005e-06,1.819810147632551e-05,2.1788934494618988e-05,21.96698229487997,1.3619180606345525e-07
2019-04-25,2926.169921875,3440010000,-0.00036904174027263537,1.3619180606345525e-07,1.718893969820638e-05,2.176310017883556e-05,21.958740215594933,2.1849550944974176e-05
2019-04-26,2939.8798828125,3264390000,0.0046743503233042105,2.1849550944974176e-05,2.1060929767042056e-05,2.0427924908173673e-05,21.906338752510926,1.1469306987223581e-06
2019-04-29,2943.030029296875,3150390000,0.0010709485042346145,1.1469306987223581e-06,2.1085687103248893e-05,1.949504180694897e-05,21.870792091961416,9.043338583476525e-07
2019-04-30,2945.830078125,3939760000,0.0009509646987915232,9.043338583476525e-07,5.770276633331042e-06,1.895258965993941e-05,22.094385644949178,5.67076147041775e-05
2019-05-01,2923.72998046875,3669330000,-0.007530445850291834,5.67076147041775e-05,1.614892440245694e-05,1.9482617691402155e-05,22.023274921311174,4.520916306050006e-06
2019-05-02,2917.52001953125,3802290000,-0.002126244648682274,4.520916306050006e-06,1.7025869302454253e-05,1.3674454717344246e-05,22.058869354011208,9.200890957179079e-05
2019-05-03,2945.639892578125,3357180000,0.009592127478916801,9.200890957179079e-05,3.105774102781757e-05,1.785666402986222e-05,21.934367173107663,2.007947920063933e-05
2019-05-06,2932.469970703125,3203260000,-0.004481013189072236,2.007947920063933e-05,3.4844250728200965e-05,1.8560020955697293e-05,21.887434878490662,0.00027720545362260377
2019-05-07,2884.050048828125,3793060000,-0.01664948808890543,0.00027720545362260377,9.010447468105219e-05,3.096314787089391e-05,22.056438918404936,2.5815343426002372e-06
2019-05-08,2879.419921875,3543110000,-0.0016067153894203656,2.5815343426002372e-06,7.927925860873674e-05,3.010788745334604e-05,21.988270709765228,9.156667901991982e-06
2019-05-09,2870.719970703125,3659050000,-0.0030259986619283197,9.156667901991982e-06,8.020640892792514e-05,3.0474280348282756e-05,22.020469388099187,1.3789295518511215e-05
2019-05-10,2881.39990234375,3566780000,0.003713394069919218,1.3789295518511215e-05,6.456248611726922e-05,2.9417470636600184e-05,21.994929065222625,0.0005966523945739896
2019-05-13,2811.8701171875,3900270000,-0.024426469138497886,0.0005966523945739896,0.0001798770691919393,5.599014050843743e-05,22.084311618711297,6.37440567708749e-05
2019-05-14,2834.409912109375,3354860000,0.007983987523216385,6.37440567708749e-05,0.0001371847898215935,5.8887531574712064e-05,21.93367587803442,3.389561795203247e-05
2019-05-15,2850.9599609375,3140900000,0.005821994327722457,3.389561795203247e-05,0.00014344760654347996,5.845568743442218e-05,21.867775220319906,7.842797644927719e-05
2019-05-16,2876.320068359375,3338470000,0.008855957116499447,7.842797644927719e-05,0.00015730186825293699,6.200257932233631e-05,21.928778455449773,3.4274434624826896e-05
2019-05-17,2859.530029296875,3316040000,-0.0058544371740438805,3.4274434624826896e-05,0.00016139889607420013,6.354872119223189e-05,21.922037137174446,4.586347808544016e-05
2019-05-20,2840.22998046875,3293750000,-0.00677225797540526,4.586347808544016e-05,5.124111277649023e-05,6.539787925535831e-05,21.91529257055755,7.157073865938189e-05
2019-05-21,2864.360107421875,3223050000,0.008459949093190922,7.157073865938189e-05,5.280644915419163e-05,6.853793098529404e-05,21.893593953466386,7.999803364165824e-06
2019-05-22,2856.27001953125,3194000000,-0.0028283923638996455,7.999803364165824e-06,4.76272862366183e-05,6.885505186467937e-05,21.88453988705232,0.00014365681850273253
2019-05-23,2822.239990234375,3899320000,-0.011985692241282209,0.00014365681850273253,6.0673054647309376e-05,7.186302605989736e-05,22.084068016161815,1.8296451740311712e-06
2019-05-24,2826.06005859375,2889230000,0.0013526437720372542,1.8296451740311712e-06,5.418409675715022e-05,7.172735648332842e-05,21.784255867930334,7.074407990687814e-05
2019-05-28,2802.389892578125,4146980000,-0.008410950000260264,7.074407990687814e-05,5.916021712143783e-05,7.493680594245636e-05,22.145646195676722,4.8106849847896e-05
2019-05-29,2783.02001953125,3701110000,-0.00693591016723083,4.8106849847896e-05,5.446743935914064e-05,7.61303195289528e-05,22.03189861187578,4.394359127939597e-06
2019-05-30,2788.860107421875,3276030000,0.002096272674997124,4.394359127939597e-06,5.374635051189539e-05,7.627792991209904e-05,21.90989816070971,0.00017644354172567425
2019-05-31,2752.06005859375,3982670000,-0.013283205250453456,0.00017644354172567425,6.030369515648375e-05,8.425698481515934e-05,22.105218285843062,7.667752288549632e-06
2019-06-03,2744.449951171875,3952360000,-0.0027690706543079813,7.667752288549632e-06,6.147131657938743e-05,8.202790015990352e-05,22.097578706053728,0.00044969134336798986
2019-06-04,2803.27001953125,3814130000,0.021205927081077824,0.00044969134336798986,0.00013726076927160976,0.00010226291957180987,22.061978428756127,6.607620229608693e-05
2019-06-05,2826.14990234375,3570760000,0.008128726978813283,6.607620229608693e-05,0.00014085463976124798,0.00010108416015018697,21.996044295515244,3.74157398556271e-05
2019-06-06,2843.489990234375,3445140000,0.00611684067600482,3.74157398556271e-05,0.00014745891590678547,0.00010187217199814097,21.960230379483246,0.00010905581555869395
2019-06-07,2873.340087890625,3244380000,0.010442979247259565,0.00010905581555869395,0.00013398137067338942,9.422900663159962e-05,21.900190105981682,2.1615247303608024e-05
2019-06-10,2886.72998046875,3209890000,0.004649220074766092,2.1615247303608024e-05,0.00013677086967640108,9.509417540255451e-05,21.88950250589994,1.2245902399324267e-07
2019-06-11,2885.719970703125,3551000000,-0.0003499414579515303,1.2245902399324267e-07,4.685709280760176e-05,9.468352954446366e-05,21.990495091188972,4.160204052209278e-06
2019-06-12,2879.840087890625,3039870000,-0.002039657827237029,4.160204052209278e-06,3.4473893158826236e-05,9.424584356872266e-05,21.83508058862124,1.672000689241524e-05
2019-06-13,2891.639892578125,3100640000,0.00408901050284971,1.672000689241524e-05,3.033474656618386e-05,6.788528049228747e-05,21.85487437906473,2.601161857553031e-06
2019-06-14,2886.97998046875,2992810000,-0.0016128117861526903,2.601161857553031e-06,9.043815825955677e-06,6.510605799622738e-05,21.81947858267934,8.673484345382915e-07
2019-06-17,2889.669921875,2828400000,0.0009313154323526973,8.673484345382915e-07,4.89423605214173e-06,6.360477301815946e-05,21.762977018047916,9.351836896774988e-05
2019-06-18,2917.75,3441540000,0.009670489592970455,9.351836896774988e-05,2.3573418040893056e-05,6.429069995081731e-05,21.959184882864594,8.884672600215456e-06
2019-06-19,2926.4599609375,3300220000,0.0029807167930240297,8.884672600215456e-06,2.451831175049429e-05,6.313661985878951e-05,21.9172549701664,8.887974236899051e-05
2019-06-20,2954.179931640625,3943060000,0.009427605335873501,8.887974236899051e-05,3.895025884580935e-05,6.50919045989509e-05,22.095222908819707,1.587641025179713e-06
2019-06-21,2950.4599609375,5003540000,-0.001260016279728049,1.587641025179713e-06,3.8747554679334677e-05,6.191085470648717e-05,22.333411499066607,3.004635555296223e-06
2019-06-24,2945.35009765625,3136960000,-0.0017333884605870153,3.004635555296223e-06,3.917501210348627e-05,6.168380162426583e-05,21.866520015356414,9.104548237150067e-05
2019-06-25,2917.3798828125,3579430000,-0.00954177564038794,9.104548237150067e-05,3.8680434784236435e-05,5.929237725466438e-05,21.998469407084787,1.5244734192563624e-06
2019-06-26,2913.780029296875,3511350000,-0.0012346956788036323,1.5244734192563624e-06,3.720839494804461e-05,5.927850581126551e-05,21.979266416148054,1.4560984382095815e-05
2019-06-27,2924.919921875,3162500000,0.003815885792590734,1.4560984382095815e-05,2.234464335066567e-05,5.6724728741957235e-05,21.874628691316254,3.2958413217147e-05
2019-06-28,2941.760009765625,5422650000,0.005740941840599589,3.2958413217147e-05,2.861879778905913e-05,5.6036163440559545e-05,22.413850462984403,5.841573348738174e-05
2019-07-01,2964.330078125,3524860000,0.007643018610953511,5.841573348738174e-05,3.970101737547624e-05,5.8491680456897825e-05,21.983106556393572,8.54888289915612e-06
2019-07-02,2973.010009765625,3224490000,0.0029238472769890222,8.54888289915612e-06,2.320169748100732e-05,5.086010505569246e-05,21.894040635464016,5.8416911278361444e-05
2019-07-03,2995.820068359375,1963570000,0.007643095660683663,5.8416911278361444e-05,3.458018505282834e-05,5.3166885009774814e-05,21.398030082480034,3.2671799006127383e-06
2019-07-05,2990.409912109375,2434680000,-0.0018075342045484888,3.2671799006127383e-06,3.232142415653172e-05,3.287487757943949e-05,21.613081168417963,2.3495086190068593e-05
2019-07-08,2975.949951171875,2922360000,-0.0048471730101233845,2.3495086190068593e-05,3.0428758751116042e-05,3.09393723018932e-05,21.79565734631363,1.527184483322828e-06
2019-07-09,2979.6298828125,3033330000,0.0012357930584538934,1.527184483322828e-06,1.905104895030426e-05,2.9308074330424826e-05,21.832926863229073,2.025492272388043e-05
2019-07-10,2993.070068359375,3157800000,0.0045005469360823724,2.025492272388043e-05,2.139225691524912e-05,2.5271670110660577e-05,21.873141419868738,5.210352142202004e-06
2019-07-11,2999.909912109375,3155710000,0.002282619578949152,5.210352142202004e-06,1.0750945088017232e-05,2.4525993057869392e-05,21.872479347558507,2.1247806481923173e-05
2019-07-12,3013.77001953125,2984140000,0.0046095343020660096,2.1247806481923173e-05,1.4347070404279317e-05,2.5486236124138935e-05,21.816577435412547,3.092453378671805e-08
2019-07-15,3014.300048828125,2876100000,0.00017585372838446744,3.092453378671805e-08,9.654238073022943e-06,2.529854160057427e-05,21.77970104706303,1.1625266837763899e-05
2019-07-16,3004.0400390625,3297030000,-0.00340958455501017,1.1625266837763899e-05,1.1673854543911158e-05,2.506696250718103e-05,21.916287900478984,4.293742471053957e-05
2019-07-17,2984.419921875,3185650000,-0.006552665466093899,4.293742471053957e-05,1.6210354941242985e-05,2.6900429000498598e-05,21.881922187095274,1.2784898975311606e-05
2019-07-18,2995.110107421875,3369820000,0.0035755977088189894,1.2784898975311606e-05,1.7725264307864905e-05,2.7442135843261023e-05,21.938125167718027,3.838904626056426e-05
2019-07-19,2976.610107421875,3285890000,-0.006195889464843951,3.838904626056426e-05,2.1153512263593126e-05,2.4936257538388947e-05,21.912903380955537,7.978939616303203e-06
2019-07-22,2985.030029296875,3016200000,0.002824701686249931,7.978939616303203e-06,2.274311528009642e-05,2.489508785730203e-05,21.8272635982224,4.65689568819116e-05
2019-07-23,3005.469970703125,3333810000,0.006824145139276538,4.65689568819116e-05,2.973185328892596e-05,2.297187033516208e-05,21.92738163134878,2.1876132614434708e-05
2019-07-24,3019.56005859375,3433220000,0.0046771928134763385,2.1876132614434708e-05,2.551959486970499e-05,2.389407449831003e-05,21.956764433551594,2.7839304582856243e-05
2019-07-25,3003.669921875,3657050000,-0.005276296483600618,2.7839304582856243e-05,2.853047599121392e-05,2.5022923090471854e-05,22.01992264870271,5.4177486832971105e-05
2019-07-26,3025.860107421875,3260170000,0.007360535770782661,5.4177486832971105e-05,3.1688164105695286e-05,2.3347105111447783e-05,21.905045178511404,2.6160536965930493e-06
2019-07-29,3020.969970703125,3224490000,-0.0016174219290565617,2.6160536965930493e-06,3.0615586921753254e-05,2.3396722396781267e-05,21.894040635464016,6.6666484614521404e-06
2019-07-30,3013.179931640625,3632770000,-0.0025819853720445707,6.6666484614521404e-06,2.2635125237661363e-05,2.3037888945842917e-05,22.01326127989626,0.00011979755522516083
2019-07-31,2980.3798828125,4626330000,-0.010945206952139408,0.00011979755522516083,4.221940975980659e-05,2.6985122673479908e-05,22.255029734354892,8.17130586672036e-05
2019-08-01,2953.56005859375,4793810000,-0.009039527568805994,8.17130586672036e-05,5.2994160576676055e-05,2.8044091999835448e-05,22.290591339507376,5.342716082232706e-05
2019-08-02,2932.050048828125,3882810000,-0.007309388539565198,5.342716082232706e-05,5.284409537454725e-05,3.0084013723615945e-05,22.07982495551758,0.0009138639140129373
2019-08-05,2844.739990234375,4542850000,-0.030230182169694864,0.0009138639140129373,0.0002350936674378161,6.896796839336939e-05,22.236820405569073,0.00016726310748680924
2019-08-06,2881.77001953125,4156640000,0.012933023911166686,0.00016726310748680924,0.0002672129592428875,7.64223287381965e-05,22.147972892793295,5.876484745846441e-07
2019-08-07,2883.97998046875,4512720000,0.0007665823338589561,5.876484745846441e-07,0.00024337097789277226,7.538108156931088e-05,22.2301659131012,0.00034553093688205163
2019-08-08,2938.090087890625,4118530000,0.018588462466865074,0.00034553093688205163,0.00029613455353574185,9.101761576925309e-05,22.138762140767266,4.407091879424377e-05
2019-08-09,2918.64990234375,3356850000,-0.006638593133657444,4.407091879424377e-05,0.0002942633051301252,9.21001610451787e-05,21.934268871491447,0.00015360650440173856
2019-08-12,2882.699951171875,3328570000,-0.012393809115915033,0.00015360650440173856,0.00014221182320788546,9.884544069333944e-05,21.92580861957854,0.00022555072460456814
2019-08-13,2926.320068359375,3857190000,0.015018346267301474,0.00022555072460456814,0.00015386934663143723,0.00010813193697164148,22.073204776302216,0.0008838938570709104
2019-08-14,2840.60009765625,4325150000,-0.02973035245453559,0.0008838938570709104,0.0003305305883507024,0.00014830752481423802,22.187712659040976,6.057686084470133e-06
2019-08-15,2847.60009765625,4041720000,0.0024612366981804357,6.057686084470133e-06,0.0002626359381911861,0.00014805445296181557,22.119936181138492,0.00020514999540551098
2019-08-16,2888.679931640625,3524080000,0.014323058172244885,0.00020514999540551098,0.0002948517535134395,0.00015542775162976884,21.982885246522027,0.00014479731416361128
2019-08-19,2923.64990234375,3221050000,0.012033175564397425,0.00014479731416361128,0.0002930899154658141,0.00016142831595650973,21.89297323061491,6.314233778649497e-05
2019-08-20,2900.510009765625,3067710000,-0.007946215312115257,6.314233778649497e-05,0.0002606082381021994,0.00016255346557132475,21.844197192189764,6.745303320949656e-05
2019-08-21,2924.429931640625,3016540000,0.008212979557352895,6.745303320949656e-05,9.732007332991668e-05,0.00016525683346192444,21.827376316489804,2.562414359821995e-07
2019-08-22,2922.949951171875,2893660000,-0.0005062029592783901,2.562414359821995e-07,9.61597844002191e-05,0.00016315171003256402,21.78578797414886,0.0006911052706907025
2019-08-23,2847.110107421875,3942520000,-0.026288881122837893,0.0006911052706907025,0.00019335083945725738,0.000193571216308758,22.09508594996552,0.00011931439172972234
2019-08-26,2878.3798828125,2859790000,0.010923112730798046,0.00011931439172972234,0.0001882542549704796,0.00019772917481543373,21.77401403285856,1.029332877592768e-05
2019-08-27,2869.159912109375,3537490000,-0.003208321800556746,1.029332877592768e-05,0.00017768445316836614,0.0001957344403582954,21.986683273339334,4.256455319374702e-05
2019-08-28,2887.93994140625,3102480000,0.0065241515305629605,4.256455319374702e-05,0.00017270675716521622,0.0001975502812445297,21.8554676289304,0.00015894861350249906
2019-08-29,2924.580078125,3177150000,0.01260748244109422,0.00015894861350249906,0.0002044452315785196,0.00020447218874639547,21.87925040578714,4.129100329636726e-07
2019-08-30,2926.4599609375,3009910000,0.0006425807598766653,4.129100329636726e-07,6.630675944697185e-05,0.00019904561396493194,21.825176015260183,4.792805822044782e-05
2019-09-03,2906.27001953125,3427830000,-0.006923009332685304,4.792805822044782e-05,5.202949274511694e-05,0.00019750993212644307,21.95519324514537,0.00011628873088046271
2019-09-04,2937.780029296875,3167900000,0.010783725278421308,0.00011628873088046271,7.322857316602394e-05,0.00020036727621999467,21.876334745059484,0.00016707922486091173
2019-09-05,2976.0,3902600000,0.012925912921759597,0.00016707922486091173,9.813150749945689e-05,0.00016642251762217532,22.08490883488141,8.284473003723253e-07
2019-09-06,2978.7099609375,3209340000,0.0009101908043769313,8.284473003723253e-07,6.650747425903155e-05,0.0001588573057955191,21.889331145783174,8.838759848611787e-09
2019-09-09,2978.429931640625,4031120000,-9.401467889968984e-05,8.838759848611787e-09,6.642666000440854e-05,0.00015883099626303108,22.11731009017443,1.0384662601811554e-07
2019-09-10,2979.389892578125,4393040000,0.00032225242593053594,1.0384662601811554e-07,5.68618176855226e-05,0.00014312976488775684,22.20328730752118,5.189289498595502e-05
2019-09-11,3000.929931640625,3934370000,0.007203672326387078,5.189289498595502e-05,4.3982650506621056e-05,0.00014348530926010735,22.093016604600468,8.265718600106967e-06
2019-09-12,3009.570068359375,3796990000,0.002875016278233389,8.265718600106967e-06,1.2219949254460106e-05,0.00013687890990548773,22.057474484797822,5.251565760078781e-07
2019-09-13,3007.389892578125,3557010000,-0.0007246768769650913,5.251565760078781e-07,1.2159291109587215e-05,0.00012665047499509864,21.992186141547798,9.862821377802897e-06
2019-09-16,2997.9599609375,4285860000,-0.0031405129163566414,9.862821377802897e-06,1.4130087633178073e-05,8.692179155450284e-05,22.178587069208593,6.648277401357526e-06
2019-09-17,3005.699951171875,3673250000,0.002578425372462334,6.648277401357526e-06,1.5438973788245956e-05,8.694863661436136e-05,22.024342665992567,1.1739756748795746e-07
2019-09-18,3006.72998046875,3458800000,0.00034263328426753503,1.1739756748795746e-07,5.083874304552542e-06,7.76289730762694e-05,21.964187545339666,3.9898152632449506e-10
2019-09-19,3006.7900390625,3265660000,1.9974521929810862e-05,3.9898152632449506e-10,3.430810380836414e-06,7.104729511344736e-05,21.906727723503682,2.408452897422476e-05
2019-09-20,2992.070068359375,6103440000,-0.004907599104880589,2.408452897422476e-05,8.14268486047979e-06,6.927194016743508e-05,22.532118383764487,9.397483384906791e-09
2019-09-23,2991.780029296875,3187250000,-9.694061782816732e-05,9.397483384906791e-09,6.172000081596192e-06,6.620632036170272e-05,21.882424313296255,7.143611744000356e-05
2019-09-24,2966.60009765625,3872800000,-0.008451988963551926,7.143611744000356e-05,1.9129568089325397e-05,6.944176927097642e-05,22.07724359684797,3.769573487038726e-05
2019-09-25,2984.8701171875,3331200000,0.006139685241963733,3.769573487038726e-05,2.6645235549905258e-05,3.974133582459846e-05,21.926598436685115,5.913996607393756e-06
2019-09-26,2977.6201171875,3084910000,-0.0024318710096125074,5.913996607393756e-06,2.7827955075078746e-05,3.4586772409947164e-05,21.849788320782594,2.841459889929257e-05
2019-09-27,2961.7900390625,3246480000,-0.0053305345791292424,2.841459889929257e-05,2.8693969060092307e-05,3.541046650646375e-05,21.90083716972135,2.5350320875620297e-05
2019-09-30,2976.739990234375,3249130000,0.005034910215249155,2.5350320875620297e-05,3.376215373853939e-05,3.462800140109435e-05,21.90165310545216,0.0001521306875055719
2019-10-01,2940.25,3560750000,-0.01233412694541336,0.0001521306875055719,4.990106775165305e-05,3.43180956739613e-05,21.99323703405981,0.00032635882846292197
2019-10-02,2887.610107421875,3914180000,-0.018065404187643352,0.00032635882846292197,0.00010763368647016,4.9133819238959405e-05,22.08787169387663,6.30484399018824e-05
2019-10-03,2910.6298828125,3515130000,0.007940304773866202,6.30484399018824e-05,0.00011906057512905773,4.982110931538825e-05,21.980342346162395,0.00019928362549138492
2019-10-04,2952.010009765625,3005600000,0.014116785239259855,0.00019928362549138492,0.0001532343804474762,5.3593604524975624e-05,21.823743052556747,2.0145306132662844e-05
2019-10-07,2938.7900390625,2959050000,-0.004488352273681606,2.0145306132662844e-05,0.00015219337749888473,4.691479003732795e-05,21.808134108160207,0.00024596149353694867
2019-10-08,2893.06005859375,3370700000,-0.015683159552110304,0.00024596149353694867,0.00017095953870516006,5.805720122989961e-05,21.938386275171087,8.214334371601659e-05
2019-10-09,2919.39990234375,2735350000,0.009063296514845831,8.214334371601659e-05,0.00012211644175577898,6.179058781881633e-05,21.729525235747925,4.089861388767278e-05
2019-10-10,2938.1298828125,3234400000,0.006395202411782819,4.089861388767278e-05,0.00011768647655293707,6.364489542161881e-05,21.897109276600013,0.0001183652538783239
2019-10-11,2970.27001953125,3581320000,0.010879579673789053,0.0001183652538783239,0.00010150280223032485,6.666636628036285e-05,21.998997284763345,1.926770731525902e-06
2019-10-14,2966.14990234375,2559270000,-0.0013880816732187995,1.926770731525902e-06,9.785909515009749e-05,6.637823228633644e-05,21.662987898913844,9.813765999735134e-05
2019-10-15,2995.679931640625,3345090000,0.009906445376488549,9.813765999735134e-05,6.829432844217802e-05,7.081516426003387e-05,21.93075943629319,4.006180598418841e-06
2019-10-16,2989.68994140625,3230320000,-0.0020015445531935683,4.006180598418841e-06,5.2666895818658463e-05,7.054895331551641e-05,21.895847040790745,7.612202229699036e-06
2019-10-17,2997.949951171875,3103470000,0.002759021969774622,7.612202229699036e-06,4.600961348706372e-05,7.059276808044102e-05,21.855786677587922,1.5421688006854776e-05
2019-10-18,2986.199951171875,3268970000,-0.003927045709799515,1.5421688006854776e-05,2.5420900312769893e-05,7.128841764586678e-05,21.907740787833898,4.68966667996841e-05
2019-10-21,3006.719970703125,3271960000,0.006848114105334702,4.68966667996841e-05,3.441487952640153e-05,7.342006618305577e-05,21.908655030978938,1.278097719981904e-05
2019-10-22,2995.989990234375,3527540000,-0.0035750492583765947,1.278097719981904e-05,1.734354296689507e-05,7.290626837512824e-05,21.983866581385985,8.083236635069995e-06
2019-10-23,3004.52001953125,3413600000,0.0028431033458300448,8.083236635069995e-06,1.81589541742253e-05,7.32732610638412e-05,21.95103329013101,3.681043838191124e-06
2019-10-24,3010.2900390625,3696510000,0.0019186046591705974,3.681043838191124e-06,1.737272249592372e-05,7.019348499103156e-05,22.03065496849003,1.6519587247091357e-05
2019-10-25,3022.550048828125,3379060000,0.004064429510655998,1.6519587247091357e-05,1.7592302343971037e-05,6.923093282633628e-05,21.940863401549617,3.0978351338655015e-05
2019-10-28,3039.419921875,3524970000,0.005565819916117931,3.0978351338655015e-05,1.440863925176522e-05,7.037022167775724e-05,21.98313776281982,6.934758210214972e-07
2019-10-29,3036.889892578125,3594430000,-0.0008327519564801378,6.934758210214972e-07,1.199113897600571e-05,6.911017062874492e-05,22.002651262280093,1.0550084755962986e-05
2019-10-30,3046.77001953125,3779660000,0.0032480894008575234,1.0550084755962986e-05,1.2484508600184308e-05,6.843743262330596e-05,22.052899895707053,9.165384685903555e-06
2019-10-31,3037.56005859375,4149310000,-0.003027438634539692,9.165384685903555e-06,1.3581376769726794e-05,6.193900976786649e-05,22.146207892546215,9.246612052795821e-05
2019-11-01,3066.909912109375,3956290000,0.009615930559647268,9.246612052795821e-05,2.8770683425900166e-05,5.130752304354995e-05,22.098572554642928,1.3669626544903332e-05
2019-11-04,3078.27001953125,4178040000,0.003697245805312832,1.3669626544903332e-05,2.530893846714983e-05,4.9063031527323627e-05,22.153108074233135,1.4075513946139038e-06
2019-11-05,3074.6201171875,4490590000,-0.0011864027118200227,1.4075513946139038e-06,2.545175358186831e-05,4.0068664522924944e-05,22.22524993340867,4.931558943697989e-07
2019-11-06,3076.780029296875,4465510000,0.0007022505922886779,4.931558943697989e-07,2.3440367809549676e-05,3.91753849666389e-05,22.219649266700532,7.4331219726282135e-06
2019-11-07,3085.179931640625,4151990000,0.0027263752442809874,7.4331219726282135e-06,2.3093915266894607e-05,2.8333186259169788e-05,22.146853574570105,6.540310846653125e-06
2019-11-08,3093.080078125,3508160000,0.0025574031451167656,6.540310846653125e-06,5.908753330633588e-06,2.489668476510781e-05,21.9783575207355,3.858849339945703e-06
2019-11-11,3087.010009765625,3041120000,-0.0019643954133385932,3.858849339945703e-06,3.946597889642062e-06,2.321305910384749e-05,21.835491705895627,2.44429241893321e-06
2019-11-12,3091.840087890625,3495560000,0.0015634233012633558,2.44429241893321e-06,4.153946094505923e-06,1.7943924492057003e-05,21.97475942898141,5.05921471988603e-07
2019-11-13,3094.0400390625,3513720000,0.0007112815701173503,5.05921471988603e-07,4.156499210029684e-06,1.7879340434805308e-05,21.979941142546295,7.000545310853327e-07
2019-11-14,3096.6298828125,3282090000,0.0008366926144560694,7.000545310853327e-07,2.8098857217211077e-06,1.3450358368156852e-05,21.911746251846484,5.876799722470101e-05
2019-11-15,3120.4599609375,3359800000,0.0076660287779724,5.876799722470101e-05,1.3255422997330684e-05,1.593953185116968e-05,21.935147285638024,2.530354814404949e-07
2019-11-18,3122.030029296875,3440140000,0.0005030263228107401,2.530354814404949e-07,1.2534260225629642e-05,1.560502427170338e-05,21.958778005468695,3.513763910906371e-07
2019-11-19,3120.179931640625,3613670000,-0.0005927700996934959,3.513763910906371e-07,1.211567702006113e-05,1.4920010107350466e-05,22.00798971365789,1.4162098889751135e-05
2019-11-20,3108.4599609375,4041010000,-0.003763256420940664,1.4162098889751135e-05,1.4846912503613635e-05,1.3432075202353513e-05,22.11976049792214,2.5090752810828244e-06
2019-11-21,3103.5400390625,3744010000,-0.001584006086188694,2.5090752810828244e-06,1.5208716653613134e-05,1.2965170569683685e-05,22.043423066765452,4.720077535091771e-06
2019-11-22,3110.2900390625,3235270000,0.0021725739423761325,4.720077535091771e-06,4.399132715691286e-06,1.2812299701502856e-05,21.89737822385852,5.5939208796183794e-05
2019-11-25,3133.639892578125,3514310000,0.007479251887467342,5.5939208796183794e-05,1.5536367378639945e-05,1.5187670835957066e-05,21.980109041659194,4.809966773484263e-06
2019-11-26,3140.52001953125,4600450000,0.0021931636449394887,4.809966773484263e-06,1.6428085455118668e-05,1.465541535988402e-05,22.249419961961127,1.7353353299891585e-05
2019-11-27,3153.6298828125,3035470000,0.00416573562529976,1.7353353299891585e-05,1.706633633714676e-05,1.4036097267212953e-05,21.833632109764796,1.615466179857593e-05
2019-11-29,3140.97998046875,1743420000,-0.0040192862299885945,1.615466179857593e-05,1.9795453640645382e-05,1.4738878448010883e-05,21.279114538886176,7.514260955253711e-05
2019-12-02,3113.8701171875,3285750000,-0.008668483693965001,7.514260955253711e-05,3.387996004413445e-05,1.7674902302400613e-05,21.912860773630737,4.43586004878798e-05
2019-12-03,3093.199951171875,3671580000,-0.00666022525804344,4.43586004878798e-05,3.156383838247365e-05,1.9274593929763175e-05,22.023887924350262,3.9736099248604574e-05
2019-12-04,3112.760009765625,3702980000,0.0063036576087700524,3.9736099248604574e-05,3.854906487749771e-05,1.6877774780701643e-05,22.03240373810716,2.247381542147146e-06
2019-12-05,3117.429931640625,3360480000,0.0014991269266300122,2.247381542147146e-06,3.5527870525948826e-05,1.635858182603091e-05,21.93534965815885,8.270531086191039e-05
2019-12-06,3145.909912109375,3483310000,0.009094246030425523,8.270531086191039e-05,4.883800033861572e-05,2.005393452908984e-05,21.971248828389175,1.0035170252498231e-05
2019-12-09,3135.9599609375,3400470000,-0.003167833684475596,1.0035170252498231e-05,3.581651247860794e-05,2.0487662454459315e-05,21.947179494603105,1.2045856422251588e-06
2019-12-10,3132.52001953125,3346310000,-0.0010975361689826713,1.2045856422251588e-06,2.7185709509477007e-05,2.020454716671372e-05,21.93112408345616,8.432853174367565e-06
2019-12-11,3141.6298828125,3257650000,0.0029039375293500314,8.432853174367565e-06,2.0925060294629607e-05,2.0290571817973465e-05,21.904271913792588,7.290884055037448e-05
2019-12-12,3168.570068359375,4003200000,0.00853866737555542,7.290884055037448e-05,3.5057352096275075e-05,2.3429207782083865e-05,22.110359878486666,5.267733045959213e-09
2019-12-13,3168.800048828125,3757650000,7.257915021519068e-05,5.267733045959213e-09,1.8517343470502188e-05,2.3318343023634446e-05,22.047059599220418,5.072802539585306e-05
2019-12-16,3191.449951171875,4070200000,0.007122360942542372,5.072802539585306e-05,2.6655914499173153e-05,2.560116592926465e-05,22.12695797548841,1.123831947779881e-07
2019-12-17,3192.52001953125,3842940000,0.00033523602846052825,1.123831947779881e-07,2.6437474009683722e-05,2.557445359579613e-05,22.069503535864957,1.8696426036458836e-07
2019-12-18,3191.139892578125,4029950000,-0.00043239364052283236,1.8696426036458836e-07,2.4788296226883125e-05,2.2911679370144476e-05,22.117019806128287,1.979697190046593e-05
2019-12-19,3205.3701171875,3784360000,0.004449378821865579,1.979697190046593e-05,1.4165922496901415e-05,2.3800040116463813e-05,22.05414262129573,2.4330501368933657e-05
2019-12-20,3221.219970703125,6457480000,0.004932595804334028,2.4330501368933657e-05,1.9030969224078954e-05,2.4890000342729406e-05,22.588504985910504,7.495554666581708e-07
2019-12-23,3224.010009765625,3064530000,0.0008657687142985537,7.495554666581708e-07,9.035275238239978e-06,2.428033927804336e-05,21.843160050693665,3.820746633429014e-08
2019-12-24,3223.3798828125,1296530000,-0.0001954673024684439,3.820746633429014e-08,9.020440092551238e-06,2.4168027104645703e-05,20.982957302667554,2.6163863458747377e-05
2019-12-26,3239.909912109375,2164540000,0.005115062410053994,2.6163863458747377e-05,1.4215819932227794e-05,2.514274464663005e-05,21.495473705156027,1.1549217482299196e-09
2019-12-27,3240.02001953125,2429150000,3.3984139657050605e-05,1.1549217482299196e-09,1.0256656536484256e-05,2.2600105834155703e-05,21.610807239279577,3.361212029928082e-05
2019-12-30,3221.2900390625,3021720000,-0.005797596079348821,3.361212029928082e-05,1.211298032255369e-05,2.390929463078282e-05,21.82909204296365,8.653543846118428e-06
2019-12-31,3230.780029296875,2894760000,0.0029416906441905866,8.653543846118428e-06,1.369377799844574e-05,2.3513848746520402e-05,21.786168043325894,6.962058981727568e-05
2020-01-02,3257.85009765625,3459930000,0.008343895362315834,6.962058981727568e-05,2.7610254468634015e-05,2.5944118201915847e-05,21.96451419488654,5.0195940709611095e-05
2020-01-03,3234.85009765625,3484700000,-0.007084909364953873,5.0195940709611095e-05,3.2416669918806765e-05,2.4810178709055574e-05,21.97164779452672,1.2440753221480741e-05
2020-01-06,3246.280029296875,3702460000,0.003527145194272663,1.2440753221480741e-05,3.490458957875326e-05,2.3359367469673798e-05,22.032263300806818,7.880231955568723e-06
2020-01-07,3237.179931640625,3435910000,-0.002807175084594604,7.880231955568723e-06,2.9758211910010842e-05,2.1911373501808533e-05,21.95754764776845,2.3916730913761762e-05
2020-01-08,3253.050048828125,3726840000,0.004890473485641422,2.3916730913761762e-05,3.2810849323539516e-05,2.2896343927791014e-05,22.038826526819854,4.3999529520725245e-05
2020-01-09,3274.699951171875,3641230000,0.006633214116906316,4.3999529520725245e-05,2.7686637264229425e-05,2.1136990230464418e-05,22.015587373878173,8.175381972460955e-06
2020-01-10,3265.35009765625,3214580000,-0.002859262487506342,8.175381972460955e-06,1.9282525516799394e-05,2.1052454399553633e-05,21.890962548777157,4.833022121470713e-05
2020-01-13,3288.1298828125,3459390000,0.006951994045934384,4.833022121470713e-05,2.6460419115444675e-05,2.319452874375736e-05,21.964358110184303,2.2972883993327984e-06
2020-01-14,3283.14990234375,3687620000,-0.0015156808368956831,2.2972883993327984e-06,2.534383040419749e-05,2.291563943580123e-05,22.028247100726915,3.491106313136428e-06
2020-01-15,3289.2900390625,3721490000,0.0018684502436876471,3.491106313136428e-06,2.1258705484072418e-05,1.9760287879563138e-05,22.0373899629408,6.941801510788022e-05
2020-01-16,3316.81005859375,3540580000,0.008331747422232638,6.941801510788022e-05,2.6342402601503415e-05,2.2915412760237424e-05,21.98755639276184,1.4858891314691317e-05
2020-01-17,3329.6201171875,3726220000,0.0038547232474837045,1.4858891314691317e-05,2.767910446994949e-05,2.128499757473007e-05,22.038660152202915,7.051682212864633e-06
2020-01-21,3320.7900390625,4104840000,-0.002655500369584729,7.051682212864633e-06,1.9423396669580985e-05,2.1600420257370374e-05,22.13543260247731,8.354082465815694e-08
2020-01-22,3321.75,3623780000,0.0002890342966814785,8.354082465815694e-08,1.898064715464606e-05,2.1595719192110992e-05,22.010783517158625,1.300343827258395e-06
2020-01-23,3325.5400390625,3766710000,0.001140326193358021,1.300343827258395e-06,1.8542494657470454e-05,2.0754963370601555e-05,22.049467778620684,8.250614680000101e-05
2020-01-24,3295.469970703125,3708780000,-0.00908328942619363,8.250614680000101e-05,2.1160120995894613e-05,2.339931089019553e-05,22.033968818784988,0.0002514048828015535
2020-01-27,3243.6298828125,3831050000,-0.015855752356843666,0.0002514048828015535,6.846931929326704e-05,3.479273485996349e-05,22.066404754263385,0.00010006768145512603
2020-01-28,3276.239990234375,3531570000,0.01000338350035257,0.00010006768145512603,8.707251914171933e-05,3.93395291321813e-05,21.985008368505515,7.521228115488135e-07
2020-01-29,3273.39990234375,3600250000,-0.0008672501435853519,7.521228115488135e-07,8.720623553909747e-05,3.8184450011854094e-05,22.004269124719524,9.793500678042494e-06
2020-01-30,3283.659912109375,3790350000,0.0031294569302104946,9.793500678042494e-06,8.890486690925428e-05,3.8629556637140195e-05,22.055724200325695,0.0003191383441143838
2020-01-31,3225.52001953125,4529700000,-0.017864443571362187,0.0003191383441143838,0.00013623130637213085,5.160802135600852e-05,22.233921549303574,5.225013898564329e-05
2020-02-03,3248.919921875,3760460000,0.00722842576123206,5.225013898564329e-05,9.64003576089488e-05,5.358968477144146e-05,22.04780712755669,0.00022109655585460914
2020-02-04,3297.590087890625,3996900000,0.014869315917506398,0.00022109655585460914,0.00012060613248884543,6.0474955954956617e-05,22.108784897848743,0.0001251663913221797
2020-02-05,3334.68994140625,4121480000,0.011187778658973357,0.0001251663913221797,0.0001454889861909716,6.388270371007338e-05,22.139478159346204,1.1023429602538203e-05
2020-02-06,3345.780029296875,3887250000,0.0033201550570023386,1.1023429602538203e-05,0.00014573497197587076,6.381827990921235e-05,22.08096780395945,2.9327542873541302e-05
2020-02-07,3327.7099609375,3733920000,-0.005415491009459927,2.9327542873541302e-05,8.777281172770224e-05,6.47931576782111e-05,22.040724457358664,5.3285475856401906e-05
2020-02-10,3352.090087890625,3462730000,0.007299690120573743,5.3285475856401906e-05,8.797987910185397e-05,6.61281006301493e-05,21.965323132535328,2.8461332689452012e-06
2020-02-11,3357.75,3762940000,0.001687048686003223,2.8461332689452012e-06,4.4329794584721176e-05,6.425749170961384e-05,22.04846640397139,4.149747142901438e-05
2020-02-12,3379.449951171875,3930910000,0.006441853105203066,4.149747142901438e-05,2.7596010606088112e-05,6.577213213945717e-05,22.09213678844076,2.6626940890200776e-06
2020-02-13,3373.93994140625,3500890000,-0.0016317763599893453,2.6626940890200776e-06,2.5923863503384487e-05,6.369633545192594e-05,21.976283059116575,3.3923602136836127e-06
2020-02-14,3380.159912109375,3419700000,0.0018418360984853166,3.3923602136836127e-06,2.0736826971412948e-05,6.374611144348734e-05,21.95281866516754,8.551027436783932e-06
2020-02-18,3370.2900390625,3750400000,-0.002924213986148061,8.551027436783932e-06,1.1789937287489355e-05,6.39761078581986e-05,22.04512833817355,2.2040661452796533e-05
2020-02-19,3386.14990234375,3614200000,0.004694748284284955,2.2040661452796533e-05,1.562884292425962e-05,6.182259178296752e-05,22.008136368205022,1.4613933087796364e-05
2020-02-20,3373.22998046875,4019180000,-0.0038228174279968385,1.4613933087796364e-05,1.0252135256016017e-05,6.181145731810866e-05,22.114343738919874,0.00011180544169207482
2020-02-21,3337.75,3908780000,-0.010573809232820253,0.00011180544169207482,3.208068477662697e-05,6.657299183989094e-05,22.08649114205065,0.0011619971585742636
2020-02-24,3225.889892578125,4851160000,-0.034088079420440565,0.0011619971585742636,0.000263801644448743,0.00011938724719214574,22.30248368876183,0.0009454336234758601
2020-02-25,3128.2099609375,5596760000,-0.03074790437535313,0.0009454336234758601,0.00045117816365655824,0.00016230239626708218,22.445453696000584,1.4331504225376838e-05
2020-02-26,3116.389892578125,5484650000,-0.0037856973235292912,1.4331504225376838e-05,0.00044963633221107424,0.00015920354887732652,22.425219118427982,0.002040160541536554
2020-02-27,2978.760009765625,7064710000,-0.045168136352262245,0.002040160541536554,0.0008547456539008257,0.00024051062427437198,22.678377804965137,6.843364590056455e-05
2020-02-28,2954.219970703125,8569570000,-0.008272463109652683,6.843364590056455e-05,0.0008460712947425238,0.0002390727135673465,22.87148339338481,0.002025978307377345
2020-03-02,3090.22998046875,6381330000,0.04501086876941329,0.002025978307377345,0.0010188675245031398,0.0003311284492294281,22.57664237668407,0.0008128477505397617
2020-03-03,3003.3701171875,6376510000,-0.02851048492291497,0.0008128477505397617,0.0009923503499159202,0.00036763091513223353,22.575886762845272,0.0017086937784643883
2020-03-04,3130.1201171875,5073020000,0.04133634936063402,0.0017086937784643883,0.0013312228047637224,0.0004307925257845064,22.347202138160686,0.0011909941046197824
2020-03-05,3023.93994140625,5579290000,-0.03451078243998218,0.0011909941046197824,0.0011613895173803682,0.00048255361513151277,22.44232736527978,0.0002958724625325392
2020-03-06,2972.3701171875,6555240000,-0.017200943652385448,0.0002958724625325392,0.0012068772807067633,0.0004859525199805096,22.603530566916685,0.00624264535300809
2020-03-09,2746.56005859375,8441290000,-0.07901041294037192,0.00624264535300809,0.0020502106898329124,0.0007640197455116873,22.856400977595246,0.0023246912804283423
2020-03-10,2882.22998046875,7642040000,0.048215052425859106,0.0023246912804283423,0.0023525793958106287,0.0008691864660037694,22.756930420320153,0.0025102998677906207
2020-03-11,2741.3798828125,7431200000,-0.05010289280860558,0.0025102998677906207,0.002512900613675875,0.0009819579353181822,22.728953190172152,0.009988973521752086
2020-03-12,2480.639892578125,8850810000,-0.09994485240247286,0.009988973521752086,0.004272496497102336,0.0014335801192225314,22.903774817314765,0.007886933144861006
2020-03-13,2711.02001953125,8299070000,0.08880840694923542,0.007886933144861006,0.005790708633568028,0.001791947710658534,22.83940929739882,0.01629508351963909
2020-03-16,2386.1298828125,7805450000,-0.12765219747281709,0.01629508351963909,0.007801196266894228,0.0025307470764862647,22.778088044729053,0.003390303483149333
2020-03-17,2529.18994140625,8370250000,0.05822631263569189,0.003390303483149333,0.008014318707438427,0.0026847307487162793,22.847949589699464,0.0028326102721901226
2020-03-18,2398.10009765625,8799300000,-0.05322227233208032,0.0028326102721901226,0.008078780788318326,0.0028133315628970264,22.897938009925763,2.205956361308583e-05
2020-03-19,2409.389892578125,7956100000,0.004696760970401392,2.205956361308583e-05,0.006085397996690527,0.0028139455872686764,22.79720476711505,0.0019649382542166593
2020-03-20,2304.919921875,9053950000,-0.04432762405336721,0.0019649382542166593,0.004900999018561657,0.0029022591142124883,22.92646696363435,0.0008839621522824715
2020-03-23,2237.39990234375,7411380000,-0.02973150100957689,0.0008839621522824715,0.0018187747450903336,0.0029417749423577004,22.726282493867597,0.008043082194871027
2020-03-24,2447.330078125,7563150000,0.08968323251796306,0.008043082194871027,0.0027493304874346724,0.003302287522047653,22.74655360715529,0.00013153774127291828
2020-03-25,2475.56005859375,8300010000,0.0114689904208225,0.00013153774127291828,0.002209115981251232,0.0032554484576248644,22.839522556687996,0.0036655554811469283
2020-03-26,2630.070068359375,7766990000,0.06054383107424677,0.0036655554811469283,0.002937815164758,0.0033790903602462768,22.77314853901345,0.0011742852380647892
2020-03-27,2541.469970703125,6201670000,-0.03426784554162676,0.0011742852380647892,0.002779684561527626,0.0034318155299662497,22.548084447727913,0.0010867960938083774
2020-03-30,2626.64990234375,5751120000,0.032966590569975196,0.0010867960938083774,0.0028202513498328074,0.003388480782342242,22.472660455570576,0.0002605741975898042
2020-03-31,2584.590087890625,6576210000,-0.01614231078841577,0.0002605741975898042,0.0012637497503765627,0.003397214443782662,22.606724428649034,0.0020381940680003633
2020-04-01,2470.5,5964000000,-0.04514636273278683,0.0020381940680003633,0.0016450810157220518,0.003397769705629163,22.509007234016575,0.0005095248466111356
2020-04-02,2526.89990234375,6464190000,0.02257265705696021,0.0005095248466111356,0.001013874888814893,0.003383982300905135,22.589543551452277,0.00023264976337564801
2020-04-03,2488.64990234375,6096970000,-0.015252860825945014,0.00023264976337564801,0.0008255477938770648,0.0033168893911283736,22.53105776357132,0.00461968221213136
2020-04-06,2663.679931640625,6403840000,0.06796824414483105,0.00461968221213136,0.0015321250175416615,0.003472738850560718,22.58016364754016,2.5739037821026223e-06
2020-04-07,2659.409912109375,7050410000,-0.0016043390483631015,2.5739037821026223e-06,0.0014805249587801213,0.0034594070978902435,22.676351608249796,0.0011215379827876793
2020-04-08,2749.97998046875,5875710000,0.033489371191285144,0.0011215379827876793,0.0012971937417375844,0.003226629490152952,22.494092740908755,0.00020688421797740753
2020-04-09,2789.820068359375,7899550000,0.014383470303699575,0.00020688421797740753,0.0012366656160108388,0.0031303655327688195,22.79007163289826,0.00010314554344381315
2020-04-13,2761.6298828125,5319530000,-0.010156059444677012,0.00010314554344381315,0.001210764772024472,0.003020949427116691,22.394650790720565,0.0009068866982340217
2020-04-14,2846.06005859375,5615730000,0.03011455957230691,0.0009068866982340217,0.0004682056692450041,0.0026081272987749614,22.448837425769185,0.0004962528185561808
2020-04-15,2783.360107421875,5208000000,-0.022276732672368738,0.0004962528185561808,0.0005669414521998197,0.0022721872839429236,22.373461742044693,3.363811896497638e-05
2020-04-16,2799.550048828125,5228810000,0.005799837839541411,3.363811896497638e-05,0.0003493614794352792,0.001533030674821373,22.377449555864022,0.0006991228861560962
2020-04-17,2874.56005859375,5804810000,0.026440932021320585,0.0006991228861560962,0.00044780921307101696,0.001410704284048953,22.481952721328064,0.0003255442778992774
2020-04-20,2823.159912109375,5228630000,-0.018042845615347858,0.0003255442778992774,0.0004922889599621098,0.0012967467388539148,22.37741513061272,0.0009706412053890481
2020-04-21,2736.56005859375,5121010000,-0.031155115236330744,0.0009706412053890481,0.000505039861393115,0.0013398640862073675,22.356617522363795,0.0005139878700855984
2020-04-22,2799.31005859375,5084920000,0.022671300582136844,0.0005139878700855984,0.0005085868716989986,0.001273911796019592,22.34954513397313,2.9113325992941585e-07
2020-04-23,2797.800048828125,5773530000,-0.0005395676601960275,2.9113325992941585e-07,0.0005019174745579892,0.0012337449315185673,22.476549515670733,0.00019105018763791582
2020-04-24,2836.739990234375,5382810000,0.013822090566839584,0.00019105018763791582,0.00040030293485435306,0.0008768343857352441,22.406476379784902,0.00021336059807861024
2020-04-27,2878.47998046875,5203930000,0.014606868181735955,0.00021336059807861024,0.00037786619889021965,0.0008805536064991393,22.372679946506974,2.7627325071333422e-05
2020-04-28,2863.389892578125,5691160000,-0.005256170190484077,2.7627325071333422e-05,0.00018926342282667678,0.0007151932357684303,22.46217993091476,0.0006883646391487878
2020-04-29,2939.510009765625,6645640000,0.026236704045073722,0.0006883646391487878,0.00022413877663931465,0.000693105935817703,22.6172268376416,8.56576778562458e-05
2020-04-30,2912.429931640625,6544980000,-0.00925514331905486,8.56576778562458e-05,0.00024121208555857792,0.0006475996441835152,22.601964180688633,0.0008099836110055913
2020-05-01,2830.7099609375,4759810000,-0.02846021101477625,0.0008099836110055913,0.00036499877023211307,0.0006725727993387782,22.28347358863678,1.798457614528162e-05
2020-05-04,2842.739990234375,4735930000,0.004240822578849723,1.798457614528162e-05,0.0003259235658454473,0.0005807450951635473,22.27844395422463,8.099883356423685e-05
2020-05-05,2868.43994140625,5140290000,0.008999935197779863,8.099883356423685e-05,0.000336597867544028,0.0005612666400250519,22.360375335249927,4.905434064409383e-05
2020-05-06,2848.419921875,4892570000,-0.00700388039904265,4.905434064409383e-05,0.0002087358078430892,0.000552921393537254,22.310983564950238,0.0001308497087623402
2020-05-07,2881.18994140625,5178790000,0.0114389557548904,0.0001308497087623402,0.0002177742140243081,0.00034888355247502577,22.36783727539074,0.0002799195035145911
2020-05-08,2929.800048828125,4876030000,0.016730795065226012,0.0002799195035145911,0.00011176139252610804,0.0003614901706446844,22.30759720133568,1.7707456378253697e-08
2020-05-11,2930.18994140625,4819730000,0.00013306936679136072,1.7707456378253697e-08,0.00010816801878832736,0.00031051197631144344,22.295983747049902,0.00042904352160664817
2020-05-12,2870.1201171875,5119630000,-0.020713365772047965,0.00042904352160664817,0.0001777769563968096,0.0003206101264764089,22.356348007956868,0.00031035857005990314
2020-05-13,2820.0,6151650000,-0.01761699662428029,0.00031035857005990314,0.00023003780227997148,0.0003300289004135039,22.539986175626275,0.0001313067972404793
2020-05-14,2852.5,5651130000,0.011458917804072044,0.0001313067972404793,0.0002301292199755993,0.00029477526855016105,22.455121362284384,1.535601535227192e-05
2020-05-15,2863.699951171875,5507700000,0.003918675203722799,1.535601535227192e-05,0.00017721652234313544,0.00027291632294998343,22.429412950280106,0.0009619431750512282
2020-05-18,2953.909912109375,6373670000,0.031015208770073244,0.0009619431750512282,0.00036960161586210545,0.0003151120073175403,22.57544127893108,0.00011108628182415498
2020-05-19,2922.93994140625,4984330000,-0.010539747711598935,0.00011108628182415498,0.00030601016790560685,0.0002883830707569975,22.329564828318293,0.0002727118859799612
2020-05-20,2971.610107421875,5005380000,0.016513990613415075,0.0002727118859799612,0.0002984808310896184,0.0002859815983970286,22.333779171107217,6.090192138275245e-05
2020-05-21,2948.510009765625,4976620000,-0.007803968309953113,6.090192138275245e-05,0.0002843998559180731,0.0002446298127603788,22.328016782893275,5.526945622341201e-06
2020-05-22,2955.449951171875,3970860000,0.002350945686812267,5.526945622341201e-06,0.0002824340419720869,0.00022151795255750346,22.102248533122744,0.00014918875858546056
2020-05-26,2991.77001953125,5848500000,0.012214285021459936,0.00014918875858546056,0.00011988315867893337,0.00022828602643593665,22.48945105522602,0.00021663269652516745
2020-05-27,3036.1298828125,6398000000,0.014718447490315256,0.00021663269652516745,0.0001409924416191359,0.00022944886774899358,22.579251278630036,4.452687970572388e-06
2020-05-28,3029.72998046875,5447020000,-0.0021101393249196576,4.452687970572388e-06,8.734060201725812e-05,0.00021995305365317367,22.41833450727071,2.304761873187996e-05
2020-05-29,3044.31005859375,7297550000,0.0048007935523077805,2.304761873187996e-05,7.976974148708361e-05,0.00021974488518319854,22.710804512467632,1.4019157036848222e-05
2020-06-01,3055.72998046875,4684170000,0.003744216478363427,1.4019157036848222e-05,8.146818376998503e-05,0.00018909281781447402,22.267454576002777,6.686835439079686e-05
2020-06-02,3080.820068359375,5197150000,0.008177307282400292,6.686835439079686e-05,6.500410293105229e-05,0.0001882387576569536,22.37137623555407,0.00018378332352017826
2020-06-03,3122.8701171875,6005560000,0.013556670812562288,0.00018378332352017826,5.8434228330054445e-05,0.00015977510822579846,22.51595154391715,1.1386501687578745e-05
2020-06-04,3112.35009765625,6451290000,-0.0033743890836088752,1.1386501687578745e-05,5.982099107345572e-05,0.0001594751957504483,22.587545947911767,0.0006694645394942378
2020-06-05,3193.929931640625,8639300000,0.025874012821637038,0.0006694645394942378,0.00018910437522592729,0.0001862236369290847,22.87958739807743,0.00014327267447302724
2020-06-08,3232.389892578125,8498300000,0.01196965640580494,0.00014327267447302724,0.00021495507871316307,0.00019050628846676353,22.863131980557686,6.130488201867094e-05
2020-06-09,3207.179931640625,6410930000,-0.007829743419721424,6.130488201867094e-05,0.00021384238423873794,0.00018734515997841493,22.58127018331448,2.8379653668027164e-05
2020-06-10,3190.139892578125,6598870000,-0.0053272557351817795,2.8379653668027164e-05,0.0001827616502683077,0.00017591153043993474,22.61016425935065,0.003690889706301308
2020-06-11,3002.10009765625,7037320000,-0.060752692996288715,0.003690889706301308,0.0009186622911910535,0.0003436784394783407,22.674493252962563,0.00016838401406057255
2020-06-12,3041.31005859375,5845330000,0.012976286605210774,0.00016838401406057255,0.0008184461861043204,0.0003318302800444281,22.488908888959347,6.852297972508512e-05
2020-06-15,3066.590087890625,5757480000,0.008277860818175498,6.852297972508512e-05,0.000803496247154732,0.0003208377532110273,22.47376571609685,0.00035287069722397005
2020-06-16,3124.739990234375,5845810000,0.018784852866710722,0.00035287069722397005,0.0008618094101957918,0.00033090883957391325,22.488991002423077,1.3008979063711116e-05
2020-06-17,3113.489990234375,4560450000,-0.0036067962326296055,1.3008979063711116e-05,0.0008587352752749286,0.0003308021561062514,22.240687140033543,3.5288756560156607e-07
2020-06-18,3115.340087890625,4448690000,0.0005940434038027576,3.5288756560156607e-07,0.00012062791152778738,0.00028709350667508653,22.21587550798798,3.209804396283633e-05
2020-06-19,3097.739990234375,8346650000,-0.0056655135656740185,3.209804396283633e-05,9.337071750824014e-05,0.00028350313222684476,22.845126097822902,4.191388401383551e-05
2020-06-22,3117.860107421875,4686690000,0.006474093296658268,4.191388401383551e-05,8.804889836599022e-05,0.00027301231395565726,22.26799241352467,1.8474258398624725e-05
2020-06-23,3131.2900390625,4711850000,0.004298169191484291,1.8474258398624725e-05,2.1169610600921157e-05,0.0002710837838200151,22.273346449384928,0.00068619193962729
2020-06-24,3050.330078125,5597680000,-0.02619526559566232,0.00068619193962729,0.00015580620271363692,0.00030202310172933096,22.445618063311837,0.00011880624450480487
2020-06-25,3083.760009765625,4847690000,0.010899827728216849,0.00011880624450480487,0.0001794968741014776,0.0003006420783620284,22.301768139980823,0.0006014856447221649
2020-06-26,3009.050048828125,8107850000,-0.024525204274830514,0.0006014856447221649,0.0002933743942533433,0.00031813539418916464,22.8160985652417,0.00021254397862691785
2020-06-29,3053.239990234375,4473970000,0.01457888811353314,0.00021254397862691785,0.0003275004131759598,0.0003275940892189985,22.22154199480635,0.00023385595126525235
2020-06-30,3100.2900390625,4705850000,0.015292349435755526,0.00023385595126525235,0.0003705767517492853,0.0003371762861523336,22.272072252752945,2.5095731228350476e-05
2020-07-01,3115.860107421875,4449230000,0.0050095639758716,2.5095731228350476e-05,0.00023835751006949738,0.00033767976679740196,22.215996884669394,2.0529693461779708e-05
2020-07-02,3130.010009765625,4197720000,0.004530970476816165,2.0529693461779708e-05,0.00021870219986089238,0.00033557346402790115,22.157807357930814,0.0002482808692495692
2020-07-06,3179.719970703125,4759160000,0.015756930832163007,0.0002482808692495692,0.00014806124476637322,0.00033850517065196436,22.28333701923886,0.00011831952480457789
2020-07-07,3145.320068359375,4571330000,-0.010877477869643215,0.00011831952480457789,0.00012921635400190524,0.000343365762611828,22.243070028177105,6.079299479212919e-05
2020-07-08,3169.93994140625,4937310000,0.0077969862634308384,6.079299479212919e-05,9.46037627072806e-05,0.00031569887421627755,22.32008648562312,3.203097567742654e-05
2020-07-09,3152.050048828125,4843650000,-0.005659591476195658,3.203097567742654e-05,9.599081159709581e-05,0.0003106424333619321,22.300934405897983,0.00010840578277921462
2020-07-10,3185.0400390625,4524190000,0.010411809774444336,0.00010840578277921462,0.0001135660294605828,0.0003127833833965023,22.232704392771073,8.848497422079827e-05
2020-07-13,3155.219970703125,4902440000,-0.009406645216058607,8.848497422079827e-05,8.160685045482861e-05,0.0003155154434216282,22.312998877510115,0.00017735049481539545
2020-07-14,3197.52001953125,4507140000,0.013317300582903258,0.00017735049481539545,9.341304445699212e-05,0.00015580911562681403,22.22892864318557,8.174071052639754e-05
2020-07-15,3226.56005859375,4686830000,0.009041056936354153,8.174071052639754e-05,9.76025876038458e-05,0.00015187078364798789,22.26802228490703,1.1641165428303284e-05
2020-07-16,3215.570068359375,3972860000,-0.003411915214114103,1.1641165428303284e-05,9.352462555402115e-05,0.0001492852466344978,22.10275207555419,8.091536314678343e-06
2020-07-17,3224.72998046875,4012850000,0.0028445625875832548,8.091536314678343e-06,7.346177626111388e-05,0.00013361346659316635,22.112767549261985,7.008698928117765e-05
2020-07-20,3251.840087890625,3979340000,0.008371797255140478,7.008698928117765e-05,6.978217927318975e-05,0.00013620792160305118,22.104381813597154,2.8144401841775476e-06
2020-07-21,3257.300048828125,4556610000,0.0016776293345603932,2.8144401841775476e-06,3.487496834694618e-05,0.000136319810358441,22.23984476316507,3.2840127010303436e-05
2020-07-22,3276.02001953125,4267160000,0.00573063059447243,3.2840127010303436e-05,2.5094851643727363e-05,0.00013635354140605316,22.174214337754165,0.00015367019773960557
2020-07-23,3235.659912109375,4296760000,-0.012396378412246278,0.00015367019773960557,5.3500658105987816e-05,0.0001414333738481336,22.18112708749153,3.855962923108407e-05
2020-07-24,3215.6298828125,3689410000,-0.006209640024275487,3.855962923108407e-05,5.959427668926897e-05,0.00014234634524960905,22.02873239088695,5.428637511842948e-05
2020-07-27,3239.409912109375,3970310000,0.007367928821482295,5.428637511842948e-05,5.643415385671933e-05,0.00011362336504466083,22.10211001449117,4.2177691406975536e-05
2020-07-28,3218.43994140625,4053180000,-0.0064944354186469155,4.2177691406975536e-05,6.430680410127893e-05,0.0001101402489947595,22.12276759540014,0.00015256655196840173
2020-07-29,3258.43994140625,4478200000,0.01235178335174325,0.00015256655196840173,8.82520890928986e-05,8.973483568777025e-05,22.222487017144815,1.4117316541664647e-05
2020-07-30,3246.219970703125,4264920000,-0.003757301763455345,1.4117316541664647e-05,6.03415128533104e-05,8.071544195662238e-05,22.173689260621522,5.8388491308738014e-05
2020-07-31,3271.1201171875,5007530000,0.007641236242175609,5.8388491308738014e-05,6.430728526884119e-05,7.273964832223537e-05,22.33420861669948,5.119921485851559e-05
2020-08-03,3294.610107421875,4438940000,0.007155362664359899,5.119921485851559e-05,6.36898532168584e-05,7.39261703054247e-05,22.213681446374455,1.2999075197373907e-05
2020-08-04,3306.510009765625,4414380000,0.0036054230261335363,1.2999075197373907e-05,5.7854129974938085e-05,7.358386947522443e-05,22.208133231016525,4.1077337488196216e-05
2020-08-05,3327.77001953125,4535060000,0.006409160435516981,4.1077337488196216e-05,3.555628707889698e-05,6.416552712243475e-05,22.235104151076484,4.105126384468621e-05
2020-08-06,3349.159912109375,4278930000,0.006407126020665288,4.105126384468621e-05,4.09430765395013e-05,6.065333344243968e-05,22.17696881551861,4.004728849144534e-07
2020-08-07,3351.280029296875,4110030000,0.0006328292699571136,4.004728849144534e-07,2.9345472854736585e-05,5.790821881029355e-05,22.136696164941295,7.499192053574828e-06
2020-08-10,3360.469970703125,4327920000,0.0027384652733921655,7.499192053574828e-06,2.0605468293748428e-05,5.679313773648211e-05,22.188352894262458,6.401688753591774e-05
2020-08-11,3333.68994140625,4880540000,-0.008001055401377855,6.401688753591774e-05,3.080903076145719e-05,5.4775460679968616e-05,22.308521706632174,0.00019319616401016008
2020-08-12,3380.35009765625,3772250000,0.013899502293613253,0.00019319616401016008,6.123279606584997e-05,5.9535060215848704e-05,22.05093747762313,4.199518501242577e-06
2020-08-13,3373.429931640625,3438730000,-0.0020492726761567326,4.199518501242577e-06,5.386244699716123e-05,5.166456129247811e-05,21.958368054410066,2.954871484718941e-08
2020-08-14,3372.85009765625,3200060000,-0.00017189739627809786,2.954871484718941e-08,5.378826216314778e-05,4.795041757377129e-05,21.886435396888807,7.323396701686199e-06
2020-08-17,3381.989990234375,3460330000,0.002706177507423746,7.323396701686199e-06,5.375310309277006e-05,4.775415535892505e-05,21.964629797479603,5.293406479375537e-06
2020-08-18,3389.780029296875,3669550000,0.002300740419816094,5.293406479375537e-06,4.2008406881461624e-05,4.762696763913855e-05,22.023334875963656,1.9484484906478647e-05
2020-08-19,3374.85009765625,3679480000,-0.004414123345181764,1.9484484906478647e-05,7.266071060725335e-06,4.532685380392496e-05,22.026037275066802,9.945538397908335e-06
2020-08-20,3385.510009765625,3431040000,0.003153654768345504,9.945538397908335e-06,8.415275040058487e-06,4.5650994631821815e-05,21.956129259454848,1.1800598923023288e-05
2020-08-21,3397.159912109375,3505010000,0.0034351999829738133,1.1800598923023288e-05,1.0769485081693707e-05,4.4694652446036355e-05,21.977459210781248,9.987234806160219e-05
2020-08-24,3431.280029296875,3743410000,0.009993615364901842,9.987234806160219e-05,2.9279275353676907e-05,4.224929564249075e-05,22.043262797940912,1.288738018302914e-05
2020-08-25,3443.6201171875,3627650000,0.003589899745540137,1.288738018302914e-05,3.0798070094407626e-05,4.108237523121552e-05,22.011850892935914,0.00010290076328417323
2020-08-26,3478.72998046875,3780530000,0.010144001344842835,0.00010290076328417323,4.748132576994654e-05,4.329212014784024e-05,22.053130048653898,2.7944004556639785e-06
2020-08-27,3484.550048828125,3955890000,0.0016716460318093596,2.7944004556639785e-06,4.605109818149767e-05,4.1501970559144265e-05,22.098471444708565,4.502413824123031e-05
2020-08-28,3508.010009765625,3868510000,0.006710002849569463,4.502413824123031e-05,5.269580604513908e-05,3.6613679026091014e-05,22.0761352571902,4.828457661943686e-06
2020-08-31,3500.31005859375,4348280000,-0.0021973751755091087,4.828457661943686e-06,3.368702796520738e-05,3.619145816792188e-05,22.19304620178603,5.620248135048818e-05
2020-09-01,3526.64990234375,4101490000,0.007496831420706229,5.620248135048818e-05,4.235004819869918e-05,3.609209407891052e-05,22.13461615951553,0.00023253353029026885
2020-09-02,3580.840087890625,4295640000,0.015249050143870235,0.00023253353029026885,6.827660159991831e-05,4.4334562962172037e-05,22.180866391991763,0.0012786055388373215
2020-09-03,3455.06005859375,4911830000,-0.03575759414218638,0.0012786055388373215,0.00032343882927624983,0.00010186212949126056,22.314912418275412,6.668814135762868e-05
2020-09-04,3426.9599609375,4438720000,-0.008166280754274169,6.668814135762868e-05,0.0003277716298995295,0.00010302625693987114,22.21363188376449,0.0007923565789391236
2020-09-08,3331.840087890625,4694330000,-0.028148829086466876,0.0007923565789391236,0.0004852772541549655,0.00013717649853507282,22.269621234631007,0.00039779347787168197
2020-09-09,3398.9599609375,3932520000,0.019944760662180983,0.00039779347787168197,0.0005535954534592043,0.00015523981694356225,22.092546278961333,0.0003147518069853978
2020-09-10,3339.18994140625,4208630000,-0.017741245925396498,0.0003147518069853978,0.00057003910879823,0.00016920584489500876,22.160403016242178,2.840145533988448e-07
2020-09-11,3340.969970703125,3710090000,0.000532930158087197,2.840145533988448e-07,0.0003143748039414455,0.0001663088961230761,22.03432197230116,0.00016030940461590458
2020-09-14,3383.5400390625,3839580000,0.0126613350250242,0.00016030940461590458,0.00033309905659310065,0.0001648140434233372,22.06862882282461,2.710020715418627e-05
2020-09-15,3401.199951171875,4057190000,0.005205785930499474,2.710020715418627e-05,0.0001800477822361132,0.00016585498381665282,22.123756452955536,2.1433630346011187e-05
2020-09-16,3385.489990234375,4718900000,-0.00462964689215184,2.1433630346011187e-05,0.00010477581273097903,0.00016682789661806935,22.274841558747763,7.136785123696367e-05
2020-09-17,3357.010009765625,4379840000,-0.008447949528552101,7.136785123696367e-05,5.609902158129221e-05,0.00016973900818785471,22.200278031215493,0.0001264630008895384
2020-09-18,3319.469970703125,7076400000,-0.011245576947828795,0.0001264630008895384,8.133481884852012e-05,0.0001752467170246803,22.68003114090005,0.00013545617261754124
2020-09-21,3281.06005859375,4836070000,-0.011638564027299125,0.00013545617261754124,7.636417244884745e-05,0.00018051815737518313,22.299368244573518,0.00010947471215271508
2020-09-22,3315.570068359375,3974510000,0.010463016398377434,0.00010947471215271508,9.283907344855321e-05,0.00018504221072767433,22.103167307265633,0.0005763523217496593
2020-09-23,3236.919921875,4378650000,-0.0240073389143749,0.0005763523217496593,0.00020382281172928282,0.0002107036526743396,22.20000629487577,8.898322138948416e-06
2020-09-24,3246.590087890625,4601920000,0.002983005554629159,8.898322138948416e-06,0.00019132890590967979,0.00020656846967785533,22.24973944487959,0.0002512364235996791
2020-09-25,3298.4599609375,3803330000,0.01585043922418805,0.0002512364235996791,0.00021628359045170793,0.00021740251710588492,22.05914283599064,0.0002554304564534209
2020-09-28,3351.60009765625,3950910000,0.015982191853854744,0.0002554304564534209,0.00024027844721888383,0.00022433568497721434,22.097211769326044,2.327370361239767e-05
2020-09-29,3335.469970703125,3661590000,-0.004824282704444016,2.327370361239767e-05,0.00022303824551082036,0.00022526656239342955,22.021163316526547,6.756581184895079e-05
2020-09-30,3363.0,4738640000,0.008219842568379931,6.756581184895079e-05,0.00012128094353067865,0.00022629118392105318,22.279016011863835,2.7867308502364265e-05
2020-10-01,3380.800048828125,4076340000,0.005278949564294422,2.7867308502364265e-05,0.00012507474080336183,0.00022733840441379954,22.128465364186216,9.261777408692876e-05
2020-10-02,3348.419921875,3975180000,-0.00962381286637104,9.261777408692876e-05,9.335101090081177e-05,0.00022899364499272867,22.10333586729789,0.0003173068523492408
2020-10-05,3408.60009765625,3692720000,0.01781310900290123,0.0003173068523492408,0.00010572629007997574,0.00023284697781359104,22.02962915109598,0.00019802299612660425
2020-10-06,3360.969970703125,4453390000,-0.014072064387523397,0.00019802299612660425,0.00014067614858281706,0.0001837295895085584,22.21693144108129,0.0002974646581175192
2020-10-07,3419.43994140625,3814750000,0.01724716377024116,0.0002974646581175192,0.00018665591783653074,0.00019421943117946258,22.06214096899826,6.365188099585925e-05
2020-10-08,3446.830078125,3867640000,0.00797821289486933,6.365188099585925e-05,0.00019381283233522973,0.00016109649036385963,22.075910339109903,7.665169162404271e-05
2020-10-09,3477.139892578125,3944090000,0.008755095180752903,7.665169162404271e-05,0.0001906196158426525,0.00014649913644351238,22.0954840931526,0.0002651207883567535
2020-10-12,3534.219970703125,3435760000,0.016282530158324704,0.0002651207883567535,0.00018018240304415507,0.0001442431810513013,21.95750399025871,4.002955768717285e-05
2020-10-13,3511.929931640625,3611100000,-0.006326891629163001,4.002955768717285e-05,0.00014858371535626878,0.000146049796648291,22.007278272294997,4.415831202676608e-05
2020-10-14,3488.669921875,3858510000,-0.006645172084059681,4.415831202676608e-05,9.792244613811816e-05,0.00014077020153060288,22.073546935798447,2.3376071123136633e-06
2020-10-15,3483.340087890625,3724550000,-0.0015289235142130764,2.3376071123136633e-06,8.565959136140905e-05,0.00013964462880142688,22.038211876379737,1.8200831308159958e-08
2020-10-16,3483.81005859375,4688030000,0.0001349104566301662,1.8200831308159958e-08,7.033289320286214e-05,0.00013867120018712218,22.268278288731363,0.00027108514466025205
2020-10-19,3426.919921875,4091080000,-0.01646466351494169,0.00027108514466025205,7.152576446356185e-05,0.00014774925897908985,22.132074831067904,2.2242498296393092e-05
2020-10-20,3443.1201171875,3917850000,0.004716195320000338,2.2242498296393092e-05,6.79683525854059e-05,0.00014301196340667414,22.088808871151915,4.8317052078598526e-06
2020-10-21,3435.56005859375,4103960000,-0.002198114011569885,4.8317052078598526e-06,6.010303122162465e-05,0.00013707448761532499,22.135218198422354,2.709571030166536e-05
2020-10-22,3453.489990234375,4172060000,0.005205354003491536,2.709571030166536e-05,6.5054651859495e-05,0.00013332998753118637,22.151675755812775,1.1832487670418673e-05
2020-10-23,3465.389892578125,3651600000,0.003439838320389299,1.1832487670418673e-05,6.741750922731709e-05,0.00010766999507303907,22.018431264929053,0.00035210544641684665
2020-10-26,3400.969970703125,4002210000,-0.018764472985321135,0.00035210544641684665,8.362156957863601e-05,0.00012327031890385263,22.110112545744233,9.182144465876022e-06
2020-10-27,3390.679931640625,3962400000,-0.0030302053504467352,9.182144465876022e-06,8.100949881253259e-05,0.00011226785167049793,22.100115739490676,0.001290644575795164
2020-10-28,3271.030029296875,5139970000,-0.035925542108577346,0.001290644575795164,0.0003381720729299934,0.00015932303891330444,22.360313080015132,0.0001410518446503977
2020-10-29,3310.110107421875,4911860000,0.011876524939998134,0.0001410518446503977,0.0003609632997997399,0.00016467659077866809,22.314918525959996,0.00014893062185405628
2020-10-30,3269.9599609375,4843930000,-0.0122037134452615,0.00014893062185405628,0.0003883829266364674,0.0001683749912334456,22.300992211872234,0.00014988984650943975
2020-11-02,3310.239990234375,4314690000,0.012242950890591686,0.00014988984650943975,0.000347939806654986,0.0001739214702337672,22.185291316722584,0.0003112661929891774
2020-11-03,3369.159912109375,4241380000,0.01764273768407776,0.0003112661929891774,0.0004083566163596463,0.00018386003472932395,22.16815452516974,0.00047556817519748743
2020-11-04,3443.43994140625,4790400000,0.02180752565509181,0.00047556817519748743,0.000245341336240111,0.0001910537312224261,22.289879752398335,0.0003714587736993955
2020-11-05,3510.449951171875,4858150000,0.019273265776702075,0.0003714587736993955,0.00029142272204991053,0.00019893717565755298,22.303923544159627,8.280385242613575e-08
2020-11-06,3509.43994140625,4842460000,-0.0002877565853740549,8.280385242613575e-08,0.0002616531584495845,0.00018541981864550326,22.300688693221637,0.00013530283649957497
2020-11-09,3550.5,8570510000,0.011631974746343587,0.00013530283649957497,0.00025873575644761154,0.00018867668025930853,22.871593077820453,1.96217121939596e-06
2020-11-10,3545.530029296875,6037470000,-0.0014007752208673452,1.96217121939596e-06,0.00019687495209365523,0.00018528170205909733,22.52125088713429,5.81059876959719e-05
2020-11-11,3572.659912109375,4635560000,0.0076227283629926035,5.81059876959719e-05,0.00011338251459335215,0.00017587193839269815,22.2570228487308,0.00010057385185256287
2020-11-12,3537.010009765625,4909660000,-0.010028651547070666,0.00010057385185256287,5.920553022398563e-05,0.00017862395176385226,22.31447053012303,0.00018275110505025052
2020-11-13,3585.14990234375,4719580000,0.013518546706293932,0.00018275110505025052,9.573919046355052e-05,0.00018492362417401066,22.274985649745684,0.00013411342135290745
2020-11-16,3626.909912109375,5295510000,0.011580734922832292,0.00013411342135290745,9.5501307434217e-05,0.00019091343391221946,22.390125128830864,2.3073072192265272e-05
2020-11-17,3609.530029296875,4812180000,-0.004803443784647143,2.3073072192265272e-05,9.972348762879086e-05,0.00019196138261044478,22.294416041050834,0.00013528506112607964
2020-11-18,3567.7900390625,5284810000,-0.011631210647481183,0.00013528506112607964,0.00011515930231481241,0.00018578865154070967,22.388102505007424,1.5513166196773925e-05
2020-11-19,3581.8701171875,4363370000,0.003938675690733362,1.5513166196773925e-05,9.814716518365462e-05,0.00018548277280890874,22.196510531755326,4.6454275936613354e-05
2020-11-20,3557.5400390625,4236370000,-0.006815737372919628,4.6454275936613354e-05,7.08877993609272e-05,0.00018737470784203393,22.166972607660487,3.1585615975693477e-05
2020-11-23,3577.590087890625,5057550000,0.005620108181849659,3.1585615975693477e-05,5.0382238285484395e-05,0.0001875787944635807,22.344148013462494,0.00025703973562366553
2020-11-24,3635.409912109375,6280290000,0.016032458814033035,0.00025703973562366553,9.717557097176445e-05,0.00019872457846145552,22.560681994863508,2.514364430263361e-06
2020-11-25,3629.64990234375,4910440000,-0.0015856747555105244,2.514364430263361e-06,7.06214316326012e-05,0.00018283407473479267,22.314629387976105,5.731767604345693e-06
2020-11-27,3638.35009765625,2778390000,0.002394111025902035,5.731767604345693e-06,6.866515191411554e-05,0.00018267723942290494,21.745137460553803,2.1216531567574644e-05
2020-11-30,3621.6298828125,6308410000,-0.004606140636973066,2.1216531567574644e-05,6.36176030403078e-05,0.00012497596468528723,22.565149500922942,0.00012562241709008254
2020-12-01,3662.449951171875,5418480000,0.011208140661594257,0.00012562241709008254,8.242496326318562e-05,0.00012427462706890926,22.413081170446656,3.2025412020373135e-06
2020-12-02,3669.010009765625,5041250000,0.0017895645286039041,3.2025412020373135e-06,3.1657524378859974e-05,0.00011765062340290838,22.340919904350216,3.898155201674309e-07
2020-12-03,3666.719970703125,5065340000,-0.0006243520802939884,3.898155201674309e-07,3.123261459684079e-05,0.00011085516744885056,22.34568709993606,7.739536782002547e-05
2020-12-04,3699.1201171875,5099620000,0.008797463715186638,7.739536782002547e-05,4.556533463997675e-05,0.00010022467539570729,22.352431864292868,3.753958326166451e-06
2020-12-07,3691.9599609375,4804500000,-0.0019375134389640891,3.753958326166451e-06,4.207281999169511e-05,7.877857462882907e-05,22.292818815889735,7.746598406708557e-06
2020-12-08,3702.25,4584390000,0.0027832711701716306,7.746598406708557e-06,1.8497656255020306e-05,6.224620302461603e-05,22.24592289149204,6.369580150875466e-05
2020-12-09,3672.820068359375,5232800000,-0.007980964948473002,6.369580150875466e-05,3.0596308316363776e-05,6.51377029180855e-05,22.378212344802378,1.6536276097157204e-06
2020-12-10,3668.10009765625,4658480000,-0.0012859345277718148,1.6536276097157204e-06,3.0849070734273435e-05,5.906273887763735e-05,22.261955051832768,1.6022447900445454e-06
2020-12-11,3663.4599609375,4375470000,-0.0012657980842316618,1.6022447900445454e-06,1.5690446128277252e-05,5.904637858539412e-05,22.19927977978593,1.9086310730933378e-05
2020-12-14,3647.489990234375,4623850000,-0.00436878824514686,1.9086310730933378e-05,1.8756916609230636e-05,5.727275690516509e-05,22.25449352856022,0.00016482662063481594
2020-12-15,3694.6201171875,4387080000,0.012838482022218045,0.00016482662063481594,5.017292105485211e-05,6.0193337304358406e-05,22.201929694888538,3.137240198091948e-06
2020-12-16,3701.169921875,4067040000,0.0017712256203239463,3.137240198091948e-06,3.806120879271957e-05,5.202907072016938e-05,22.126181299328415,3.2960720753135577e-05
2020-12-17,3722.47998046875,4192810000,0.0057411428089828576,3.2960720753135577e-05,4.432262742140354e-05,4.743122069290702e-05,22.156636990728913,1.2371377849594118e-05
2020-12-18,3709.409912109375,7097100000,-0.003517296952148641,1.2371377849594118e-05,4.6476454033313456e-05,4.6944780040967416e-05,22.682952086991648,1.5318836200641006e-05
2020-12-21,3694.919921875,4748580000,-0.003913928486909413,1.5318836200641006e-05,4.572295912725498e-05,4.1491769817083844e-05,22.281111463141457,4.306640530721431e-06
2020-12-22,3687.260009765625,4053310000,-0.0020752446917704503,4.306640530721431e-06,1.3618963106436078e-05,4.098238228680874e-05,22.12279966846752,5.55819859387701e-07
2020-12-23,3690.010009765625,3779160000,0.000745533271818033,5.55819859387701e-07,1.310267903869523e-05,3.889608882875302e-05,22.05276759992528,1.246337097766215e-05
2020-12-24,3703.06005859375,1883780000,0.0035303499794867577,1.246337097766215e-05,9.003209083600544e-06,3.8026895874297054e-05,21.356546233989175,7.542414502775786e-05
2020-12-28,3735.360107421875,3535460000,0.00868470753841244,7.542414502775786e-05,2.1613762519233293e-05,2.977164175630125e-05,21.98610925541042,4.972297147939689e-06
2020-12-29,3727.0400390625,3393290000,-0.002229864827279826,4.972297147939689e-06,1.954445470869303e-05,2.9883365970741083e-05,21.945065789476313,1.797337314843268e-06
2020-12-30,3732.0400390625,3154850000,0.00134064809508061,1.797337314843268e-06,1.90425940655174e-05,2.9704528230309153e-05,21.872206788544712,4.119335172133459e-05
2020-12-31,3756.070068359375,3179040000,0.006418204711703623,4.119335172133459e-05,2.7170100437906777e-05,3.061256551002551e-05,21.879845101683614,0.00022096117048484425
2021-01-04,3700.64990234375,5015000000,-0.014864762712026192,0.00022096117048484425,6.886966033934319e-05,3.494614520978742e-05,22.33569925855971,4.98101607434055e-05
2021-01-05,3726.860107421875,4591020000,0.00705763138336124,4.98101607434055e-05,6.374686348247272e-05,3.706467337075869e-05,22.247368058771205,3.241711947693631e-05
2021-01-06,3748.139892578125,6064110000,0.005693603382475487,3.241711947693631e-05,6.923582794827205e-05,3.852045991424819e-05,22.52565362512855,0.00021721631100374514
2021-01-07,3803.7900390625,5099160000,0.0147382601077517,0.00021721631100374514,0.00011231962268605243,4.4875957331689995e-05,22.352341657424947,2.9995747835016457e-05
2021-01-08,3824.679931640625,4773040000,0.005476837393516121,2.9995747835016457e-05,0.0001100801019087888,4.606876594572863e-05,22.28624925561806,4.324808492113018e-05
2021-01-11,3799.610107421875,4465430000,-0.006576327616620858,4.324808492113018e-05,7.453748479604598e-05,4.7682469878202335e-05,22.219631351453092,1.7280817821924392e-07
2021-01-12,3801.18994140625,4994950000,0.0004157020305690651,1.7280817821924392e-07,6.461001428300873e-05,4.4795061090450726e-05,22.331693239187018,5.1667853372324876e-06
2021-01-13,3809.840087890625,4602510000,0.0022730563867252584,5.1667853372324876e-06,5.915994745506796e-05,4.4954750078065126e-05,22.24986764401863,1.4141458540185467e-05
2021-01-14,3795.5400390625,5198480000,-0.00376051306874281,1.4141458540185467e-05,1.854497696235603e-05,4.5524714339435165e-05,22.37163211230363,5.207066752075514e-05
2021-01-15,3768.25,5369820000,-0.0072160007982784435,5.207066752075514e-05,2.2959960899503766e-05,4.702400328442707e-05,22.404060225538544,6.566602565459542e-05
2021-01-19,3798.909912109375,5014440000,0.008103457635762368,6.566602565459542e-05,2.7443549046196814e-05,4.251670351259886e-05,22.335587587319747,0.00019152947332127642
2021-01-20,3851.85009765625,4566190000,0.013839417376511065,0.00019152947332127642,6.571488207480826e-05,5.107998683637997e-05,22.24194499632141,1.0028189109604473e-07
2021-01-21,3853.070068359375,4501760000,0.00031667316131311907,1.0028189109604473e-07,6.470158138558096e-05,4.9586330524469084e-05,22.227734268591917,9.091145580821127e-06
2021-01-22,3841.469970703125,5110890000,-0.0030151526629378367,9.091145580821127e-06,6.36915187937081e-05,4.943722905770668e-05,22.354639394489602,1.3027172909775764e-05
2021-01-25,3855.360107421875,7000840000,0.003609317513017629,1.3027172909775764e-05,5.588281987151221e-05,4.933306254448553e-05,22.66929597894514,2.2199306234693273e-06
2021-01-26,3849.6201171875,6137500000,-0.0014899431611539171,2.2199306234693273e-06,4.3193600865287e-05,4.923821209415589e-05,22.53768333022998,0.0006766925638497917
2021-01-27,3750.77001953125,9976520000,-0.026013315126100167,0.0006766925638497917,0.00014022621897099007,7.997170045735607e-05,23.023500169166155,9.434817316545261e-05
2021-01-28,3787.3798828125,6992770000,0.009713298778759594,9.434817316545261e-05,0.0001590757972258614,8.369373692043746e-05,22.668142595237367,0.00038026472867950075
2021-01-29,3714.239990234375,6643370000,-0.019500377654791734,0.00038026472867950075,0.00023331051384559726,9.755012708642577e-05,22.61688520195591,0.0002535833379641676
2021-02-01,3773.860107421875,5436230000,0.015924300234678057,0.0002535833379641676,0.00028142174685647566,0.00010885062894170884,22.41635164304664,0.00019050980166990041
2021-02-02,3826.31005859375,5514090000,0.013802528814311543,0.00019050980166990041,0.0003190797210657619,0.00011742846823057508,22.430572471685394,1.0165894684558382e-06
2021-02-03,3830.169921875,4864870000,0.0010082606153449802,1.0165894684558382e-06,0.0001839445261894947,0.00011560225176453515,22.30530583095295,0.00011652873565548646
2021-02-04,3871.739990234375,4879240000,0.010794847643921912,0.00011652873565548646,0.00018838063868750147,0.00011085532290865523,22.308255307183124,1.5131474554861414e-05
2021-02-05,3886.830078125,4879470000,0.0038899196077633036,1.5131474554861414e-05,0.00011535398786257361,0.00010927901899099416,22.308302444560912,5.434796864196145e-05
2021-02-08,3915.590087890625,4648360000,0.007372107476289358,5.434796864196145e-05,7.550691399813238e-05,0.00011027587577122256,22.25978030637966,1.2413200207442202e-06
2021-02-09,3911.22998046875,4568320000,-0.001114145421722057,1.2413200207442202e-06,3.7653217668301135e-05,0.00010045883072654069,22.24241135960486,1.1919378024101846e-07
2021-02-10,3909.8798828125,4837070000,-0.00034524452239104164,1.1919378024101846e-07,3.747373853065817e-05,9.910080554223273e-05,22.299575002669307,2.7591695396607475e-06
2021-02-11,3916.3798828125,4590960000,0.001661074814588659,2.7591695396607475e-06,1.471982530749303e-05,9.726040029762049e-05,22.2473549896946,2.20897267067611e-05
2021-02-12,3934.830078125,4135060000,0.0046999709261612566,2.20897267067611e-05,1.6111475737872967e-05,9.825662386709965e-05,22.14276767583674,3.242556673451843e-07
2021-02-16,3932.590087890625,5058990000,-0.0005694345154143576,3.242556673451843e-07,5.306733142949717e-06,9.803650888210478e-05,22.344432695776693,1.0269034883265723e-07
2021-02-17,3931.330078125,4730650000,-0.0003204533489178374,1.0269034883265723e-07,5.079007208567404e-06,9.73983830552251e-05,22.277328450939095,1.9586061288373416e-05
2021-02-18,3913.969970703125,4793650000,-0.004425614227242747,1.9586061288373416e-05,8.972380710193885e-06,9.592181004466231e-05,22.29055796257543,3.447034466389702e-06
2021-02-19,3906.7099609375,4845320000,-0.0018566190956654793,3.447034466389702e-06,9.109953695539674e-06,9.309367408156205e-05,22.301279127786106,6.026250607922209e-05
2021-02-22,3876.5,5917100000,-0.007762892893710571,6.026250607922209e-05,1.6744509570031872e-05,8.712699375237776e-05,22.50111230112347,1.5763546054202357e-06
2021-02-23,3881.3701171875,6296610000,0.0012555296115266401,1.5763546054202357e-06,1.6994929357646883e-05,8.719408796666522e-05,22.56327723043942,0.0001274114414506298
2021-02-24,3925.429931640625,6012790000,0.011287667670986323,0.0001274114414506298,4.245667957800631e-05,9.25722832334747e-05,22.517154704229668,0.0006142166391841123
2021-02-25,3829.340087890625,6547470000,-0.024783394424172656,0.0006142166391841123,0.0001613827951571541,0.00011989907715503545,22.602344552586885,2.2672189784887047e-05
2021-02-26,3811.14990234375,6526070000,-0.004761532293798609,2.2672189784887047e-05,0.00016522782622085358,0.00012082872529873625,22.599070761538712,0.0005528222897950204
2021-03-01,3901.820068359375,5114820000,0.023512173225693545,0.0005528222897950204,0.0002637397829640132,0.00011519825829624666,22.355408045310472,6.583178268795802e-05
2021-03-02,3870.2900390625,5536010000,-0.008113678739508856,6.583178268795802e-05,0.0002765908685805208,0.0001139020587290878,22.434539861799166,0.00017298393948968611
2021-03-03,3819.719970703125,6173660000,-0.013152335894801581,0.00017298393948968611,0.000285705368188332,0.00010448020467500531,22.54355769202506,0.00018246709234902547
2021-03-04,3768.469970703125,7195400000,-0.013508038064390604,0.00018246709234902547,0.00019935545882131467,0.00010124764805613523,22.696707770042035,0.00037281262450261025
2021-03-05,3841.93994140625,6851070000,0.019308356338710198,0.00037281262450261025,0.0002693835457648593,0.0001095341400030766,22.647670681547435,2.8876041499117e-05
2021-03-08,3821.35009765625,5871710000,-0.00537364322402567,2.8876041499117e-05,0.00016459429610567864,0.00011080047873174302,22.49341174028838,0.00019755429007250458
2021-03-09,3875.43994140625,5513560000,0.014055400743931301,0.00019755429007250458,0.00019093879758258795,0.00011448345847797112,22.43047634966478,3.614659418387953e-05
2021-03-10,3898.81005859375,5847380000,0.006012203770987767,3.614659418387953e-05,0.00016357132852142664,0.000115438691188381,22.48925953479263,0.00010695335468603226
2021-03-11,3939.340087890625,5312880000,0.010341825500656654,0.00010695335468603226,0.00014846858098882797,0.00011782984509947515,22.393399898238826,1.0299881685016838e-06
2021-03-12,3943.340087890625,4476280000,0.001014883327531635,1.0299881685016838e-06,7.411205372200627e-05,0.0001178202391061914,22.222058181516395,4.187305852274601e-05
2021-03-15,3968.93994140625,4900100000,0.006470939539413578,4.187305852274601e-05,7.671145712673207e-05,0.00011971814204903252,22.312521450222093,2.467780153644722e-06
2021-03-16,3962.7099609375,4613080000,-0.0015709169785971255,2.467780153644722e-06,3.7694155142960106e-05,0.00011970489707694089,22.25216158388201,8.267031798269119e-06
2021-03-17,3974.1201171875,4561660000,0.0028752446501592033,8.267031798269119e-06,3.211824266583802e-05,0.00011907659276291853,22.240952429534946,0.00022113355667495425
2021-03-18,3915.4599609375,5118590000,-0.014870560065947558,0.00022113355667495425,5.495428306362242e-05,0.0001291133791723553,22.356144847641232,3.634711356174063e-07
2021-03-19,3913.10009765625,7757420000,-0.0006028856737536614,3.634711356174063e-07,5.482097965704557e-05,0.0001291252328444819,22.771915641761833,4.9007796886926916e-05
2021-03-22,3940.590087890625,4316260000,0.007000556898342225,4.9007796886926916e-05,5.6247927329881746e-05,0.00013046258446259795,22.18565512372342,5.8677409602153865e-05
2021-03-23,3910.52001953125,4669010000,-0.007660118119334314,5.8677409602153865e-05,6.748985321958357e-05,0.00013297305605967813,22.264212894933344,3.005601459951798e-05
2021-03-24,3889.139892578125,4783020000,-0.005482336600348248,3.005601459951798e-05,7.184764977983335e-05,0.0001316000337196916,22.28833798332096,2.731717437926999e-05
2021-03-25,3909.52001953125,4948340000,0.0052265834327283045,2.731717437926999e-05,3.308437332069649e-05,0.0001327700709821393,22.322318003950173,0.00027206584688901073
2021-03-26,3974.5400390625,5483160000,0.01649441865871637,0.00027206584688901073,8.742484847137516e-05,0.00013934527122933844,22.424947414230175,7.541005432162074e-07
2021-03-29,3971.090087890625,4628180000,-0.0008683896263868007,7.541005432162074e-07,7.777410920263302e-05,0.00011146061038202499,22.25542953942815,1.0003489874546707e-05
2021-03-30,3958.550048828125,4121510000,-0.0031628294096499587,1.0003489874546707e-05,6.803932525711159e-05,0.00011088476038610043,22.139485438258347,1.3075120382541979e-05
2021-03-31,3972.889892578125,4578050000,0.0036159535924209507,1.3075120382541979e-05,6.464314641371638e-05,8.635079814007867e-05,22.24453898043549,0.00013819954904422917
2021-04-01,4019.8701171875,4162130000,0.011755830427674141,0.00013819954904422917,8.681962134670823e-05,8.964024206536371e-05,22.149292799653495,0.00020549187414366807
2021-04-05,4077.909912109375,4005030000,0.0143349877622434,0.00020549187414366807,7.350482679763969e-05,9.111787545872654e-05,22.11081690832507,9.486856246976633e-07
2021-04-06,4073.93994140625,4081270000,-0.0009740049407973572,9.486856246976633e-07,7.354374381393598e-05,8.286703878943891e-05,22.129674051681448,2.1731055392496624e-06
2021-04-07,4079.949951171875,4120810000,0.001474145698107776,2.1731055392496624e-06,7.197766694687657e-05,6.601978792746797e-05,22.139315583168635,1.7738845985571112e-05
2021-04-08,4097.169921875,3907100000,0.00421175094059123,1.7738845985571112e-05,7.291041206748241e-05,6.551355176776134e-05,22.086061248033484,5.9140531609902854e-05
2021-04-09,4128.7998046875,3640390000,0.0076902881356879504,5.9140531609902854e-05,5.709860858061713e-05,5.922201729218854e-05,22.015356655987514,3.8454454916809894e-08
2021-04-12,4127.990234375,3588900000,-0.00019609807474019192,3.8454454916809894e-08,1.6007924642866886e-05,5.758073821359932e-05,22.00111158608788,1.0817993812487157e-05
2021-04-13,4141.58984375,3734720000,0.0032890718770630656,1.0817993812487157e-05,1.7981786280424785e-05,5.321094908298364e-05,22.04093868645602,1.6778070606306054e-05
2021-04-14,4124.66015625,3985350000,-0.004096104320730376,1.6778070606306054e-05,2.0902779293836063e-05,5.392677101197475e-05,22.105890974942838,0.00012172932652739155
2021-04-15,4170.419921875,4033420000,0.011033101401119794,0.00012172932652739155,4.170087540220015e-05,5.7556601375822264e-05,22.117880488501378,1.2976733809865281e-05
2021-04-16,4185.47021484375,4163820000,0.003602323390516915,1.2976733809865281e-05,3.246811584219264e-05,5.8034281087468656e-05,22.14969875933925,2.8309740945532627e-05
2021-04-19,4163.259765625,3810290000,-0.0053206898937574465,2.8309740945532627e-05,3.81223731403158e-05,5.894531332143518e-05,22.060971138936395,4.6588283034041796e-05
2021-04-20,4134.93994140625,4342650000,-0.006825561005078029,4.6588283034041796e-05,4.527643098462673e-05,5.1011437246848256e-05,22.19175059802757,8.58035565616381e-05
2021-04-21,4173.419921875,3887250000,0.009263020919853204,8.58035565616381e-05,5.9081528175693136e-05,5.489507749348557e-05,22.08096780395945,8.56242615615773e-05
2021-04-22,4134.97998046875,4245140000,-0.009253337860554822,8.56242615615773e-05,5.1860515182530284e-05,5.65594622514242e-05,22.1690406363779,0.00011814407147709333
2021-04-23,4180.169921875,3569880000,0.0108694098955322,0.00011814407147709333,7.289398271597589e-05,5.9262492336648734e-05,21.99579781900776,3.1708375185438376e-06
2021-04-26,4187.6201171875,3748320000,0.0017806845645829128,3.1708375185438376e-06,6.786620203057814e-05,5.804043883296809e-05,22.044573576813534,4.619016858549479e-08
2021-04-27,4186.72021484375,3710700000,-0.0002149189814453223,4.619016858549479e-08,5.855778345748688e-05,5.680084864157335e-05,22.03448637528284,7.155427283630394e-07
2021-04-28,4183.18017578125,3787360000,-0.0008458975873963936,7.155427283630394e-07,4.154018069083187e-05,4.4466743906998445e-05,22.05493504366639,4.542815991648983e-05
2021-04-29,4211.47021484375,4298680000,0.0067400415367036,4.542815991648983e-05,3.350096036181437e-05,4.649738296941997e-05,22.181573836007367,5.213870225219355e-05
2021-04-30,4181.169921875,4300880000,-0.007220713417121161,5.213870225219355e-05,2.029988651683442e-05,4.841261989567665e-05,22.182085490103038,7.531301315981449e-06
2021-05-03,4192.66015625,4070220000,0.002744321649512216,7.531301315981449e-06,2.117197927632194e-05,4.816062811992389e-05,22.12696288923979,4.489988290784565e-05
2021-05-04,4164.66015625,4452460000,-0.0067007374898473415,4.489988290784565e-05,3.0142717824173973e-05,4.391973420463373e-05,22.216722589595317,4.9451337149182e-07
2021-05-05,4167.58984375,4230920000,0.00070321644711413,4.9451337149182e-07,3.009851195279973e-05,3.4601672351353e-05,22.165685300682377,6.613429513544903e-05
2021-05-06,4201.6201171875,4511000000,0.008132299498631923,6.613429513544903e-05,3.423973899659156e-05,3.7564654601841694e-05,22.22978469559435,5.396799761562823e-05
2021-05-07,4232.60009765625,4016080000,0.007346291419187523,5.396799761562823e-05,3.46055980692785e-05,3.991896787804072e-05,22.113572139705155,0.00011005018118672898
2021-05-10,4188.43017578125,4560700000,-0.0104904805031385,0.00011005018118672898,5.510937404342801e-05,4.411493765991153e-05,22.240741957682634,7.589459053282987e-05
2021-05-11,4152.10009765625,4870710000,-0.008711750141781494,7.589459053282987e-05,6.130831556842486e-05,4.4876485792771856e-05,22.306505554174223,0.00047014305079752663
2021-05-12,4063.0400390625,4733070000,-0.021682782358302788,0.00047014305079752663,0.00015523802305363182,6.624487653561775e-05,22.277839877746363,0.0001464013989161803
2021-05-13,4112.5,4779540000,0.012099644578093205,0.0001464013989161803,0.00017129144380977808,7.240775858578563e-05,22.28761014471856,0.00021927030598931018
2021-05-14,4173.85009765625,4008880000,0.014807778563623586,0.00021927030598931018,0.00020435190548451446,8.16119511031949e-05,22.111777737756704,6.417397026605362e-06
2021-05-17,4163.2900390625,4125050000,-0.0025332581839609958,6.417397026605362e-06,0.00018362534865248975,7.637049976225007e-05,22.140343978114135,7.316702199784917e-05
2021-05-18,4127.830078125,4398150000,-0.00855377238403321,7.316702199784917e-05,0.0001830798349454936,7.910642195261297e-05,22.204449835136742,8.689240741484027e-06
2021-05-19,4115.68017578125,4247450000,-0.0029477518113782963,8.689240741484027e-06,9.078907293428508e-05,7.821458103424713e-05,22.16958464004614,0.0001102380163503407
2021-05-20,4159.1201171875,3978880000,0.010499429334508648,0.0001102380163503407,8.355639642111716e-05,8.110775073044254e-05,22.10426620985652,6.149509373683789e-07
2021-05-21,4155.85986328125,3995250000,-0.0007841880752526009,6.149509373683789e-07,3.98253254107288e-05,7.723554138388483e-05,22.10837199267979,9.726885656697954e-05
2021-05-24,4197.0498046875,3684800000,0.009862497481215371,9.726885656697954e-05,5.7995617318803636e-05,7.776484115685765e-05,22.02748208730208,4.526449432585515e-06
2021-05-25,4188.1298828125,4182250000,-0.002127545400828268,4.526449432585515e-06,4.426750280575091e-05,7.260040379119821e-05,22.15411521641477,3.5158408181050426e-06
2021-05-26,4195.990234375,4420890000,0.0018750575506114586,3.5158408181050426e-06,4.3232822821075105e-05,7.261608575936007e-05,22.209606870458586,1.3563772218107373e-06
2021-05-27,4200.8798828125,6406310000,0.001164636089862725,1.3563772218107373e-06,2.1456494995369115e-05,7.267563971632487e-05,22.580549279250988,5.907251355614533e-07
2021-05-28,4204.10986328125,4649250000,0.0007685864528870212,5.907251355614533e-07,2.1451649835007733e-05,7.266996618937935e-05,22.2599717534295,2.425116892975731e-07
2021-06-01,4202.0400390625,5074670000,-0.0004924547586302452,2.425116892975731e-07,2.046380859471338e-06,7.061607308814333e-05,22.347527335326586,2.09059510703151e-06
2021-06-02,4208.1201171875,5833670000,0.0014458890369013488,2.09059510703151e-06,1.559209994360537e-06,6.834115912699958e-05,22.486912141999497,1.321542830931742e-05
2021-06-03,4192.85009765625,5587970000,-0.0036353030560487554,1.321542830931742e-05,3.499127492603012e-06,6.859952853578759e-05,22.443881909858572,7.735736159928754e-05
2021-06-04,4229.89013671875,4139790000,0.008795303383015707,7.735736159928754e-05,1.8699324368098372e-05,7.007486847630768e-05,22.143910899100973,6.352986966241241e-07
2021-06-07,4226.52001953125,4476920000,-0.0007970562694215033,6.352986966241241e-07,1.8708239080310905e-05,7.008126780926825e-05,22.222201147160174,3.062834239548229e-08
2021-06-08,4227.259765625,4659620000,0.00017500954944082991,3.062834239548229e-08,1.866586241093049e-05,6.707655568231127e-05,22.262199736909217,3.332569239398802e-06
2021-06-09,4219.5498046875,4713260000,-0.001825532590615353,3.332569239398802e-06,1.8914257237403947e-05,6.477494530157355e-05,22.27364565013913,2.154310244195166e-05
2021-06-10,4239.18017578125,4408210000,0.00464145477646305,2.154310244195166e-05,2.0579792063930795e-05,6.075189626772004e-05,22.206734548542453,3.7890138169370728e-06
2021-06-11,4247.43994140625,3815010000,0.0019465389328079397,3.7890138169370728e-06,5.866122507460702e-06,5.7474370053361284e-05,22.0622091231735,3.2889867620724897e-06
2021-06-14,4255.14990234375,4151200000,0.0018135563851373604,3.2889867620724897e-06,6.396860120550375e-06,3.625373077902246e-05,22.146663286258697,4.055068054254767e-06
2021-06-15,4246.58984375,4048940000,-0.0020137199542773487,4.055068054254767e-06,7.2017480629222335e-06,2.9783443012571298e-05,22.12172095565992,2.9210822593111564e-05
2021-06-16,4223.7001953125,4538350000,-0.005404703747025508,2.9210822593111564e-05,1.2377398733664786e-05,2.114437558547136e-05,22.23582934703775,1.8993082997619663e-07
2021-06-17,4221.85986328125,5312680000,-0.00043581054367258787,1.8993082997619663e-07,8.106764411269692e-06,2.0861308940170035e-05,22.393362253164124,0.00017453991909593538
2021-06-18,4166.4501953125,6817010000,-0.013211355687284154,0.00017453991909593538,4.225694546706935e-05,2.546916789917395e-05,22.64268679639361,0.00019335357230434208
2021-06-21,4224.7900390625,4128950000,0.013905163512319518,0.00019335357230434208,8.026986257552327e-05,3.386300115203114e-05,22.14128897454963,2.6126475171182976e-05
2021-06-22,4246.43994140625,3828390000,0.005111406378990324,2.6126475171182976e-05,8.468414399890891e-05,3.0039749280251242e-05,22.065710186486566,1.174775301195729e-06
2021-06-23,4241.83984375,3730350000,-0.0010838705186486663,1.174775301195729e-06,7.907693454052575e-05,3.0065195842243394e-05,22.039767900248254,3.3575413762594875e-05
2021-06-24,4266.490234375,3816660000,0.005794429545916913,3.3575413762594875e-05,8.575403112704948e-05,2.7170039351135004e-05,22.062641531814144,1.1056045049152812e-05
2021-06-25,4280.7001953125,7341450000,0.0033250631646861706,1.1056045049152812e-05,5.305725631769298e-05,2.7466839151888053e-05,22.716802207883,5.346679774268396e-06
2021-06-28,4290.60986328125,4147890000,0.0023122888604731884,5.346679774268396e-06,1.5455877811678232e-05,2.7550059104440938e-05,22.145865608398907,7.68940380988312e-08
2021-06-29,4291.7998046875,3707150000,0.0002772977426861445,7.68940380988312e-08,1.0245961585061403e-05,2.7491900777908577e-05,22.033529224553163,1.7616680119163411e-06
2021-06-30,4297.5,4266040000,0.0013272784229076962,1.7616680119163411e-06,1.0363340127205525e-05,2.754512545410653e-05,22.173951833651092,2.7123695560080728e-05
2021-07-01,4319.93994140625,3788230000,0.005208041432254618,2.7123695560080728e-05,9.072996486702696e-06,2.876699744823303e-05,22.055164728747975,5.583221705946141e-05
2021-07-02,4352.33984375,3225840000,0.007472095894691222,5.583221705946141e-05,1.8028230888764414e-05,3.120979844607076e-05,21.894459218705272,4.096182422501652e-06
2021-07-06,4343.5400390625,4309570000,-0.002023902770021735,4.096182422501652e-06,1.7778131418411064e-05,3.0795287269397315e-05,22.184103968335513,1.1244933108962293e-05
2021-07-07,4358.1298828125,4037380000,0.003353346553662817,1.1244933108962293e-05,2.001173923258376e-05,2.7790176883473438e-05,22.118861803938955,7.392355785446742e-05
2021-07-08,4320.81982421875,4347500000,-0.008597881009555053,7.392355785446742e-05,3.444411720109397e-05,3.1121461390648136e-05,22.192866804422728,0.00012577232002145263
2021-07-09,4369.5498046875,3531120000,0.01121482590241385,0.00012577232002145263,5.4173842093368355e-05,3.6836992830605276e-05,21.98488093830527,1.1869628326787163e-05
2021-07-12,4384.6298828125,3384460000,0.003445232695593603,1.1869628326787163e-05,4.538132434683351e-05,3.722504097094111e-05,21.94246020355384,1.2411607782618639e-05
2021-07-13,4369.2099609375,3695430000,-0.003523011181165714,1.2411607782618639e-05,4.70444094188569e-05,3.680997303188052e-05,22.030362758323985,1.3554933502367197e-06
2021-07-14,4374.2998046875,4006370000,0.001164256565468591,1.3554933502367197e-06,4.506652146711179e-05,3.669935846521232e-05,22.111151431632397,1.0677036987949956e-05
2021-07-15,4360.02978515625,3905230000,-0.0032675735627449853,1.0677036987949956e-05,3.2417217293808304e-05,3.703517893002494e-05,22.08558251760729,5.7265769885335484e-05
2021-07-16,4327.16015625,3985700000,-0.007567415006812794,5.7265769885335484e-05,1.8715907266584864e-05,3.945384719507405e-05,22.105978792733502,0.00025589701515887957
2021-07-19,4258.490234375,5157660000,-0.015996781399984172,0.00025589701515887957,6.752138463300334e-05,4.97577650389726e-05,22.363748825404727,0.00022646656217007672
2021-07-20,4323.06005859375,4438270000,0.015048806004799076,0.00022646656217007672,0.00011033237551049497,6.004306646352263e-05,22.21353049804697,6.737194792748717e-05
2021-07-21,4358.68994140625,3810280000,0.008208041662143728,6.737194792748717e-05,0.00012353566642594506,5.517179504677498e-05,22.0609685144608,4.058771143418576e-06
2021-07-22,4367.47998046875,3358300000,0.00201463920924283,4.058771143418576e-06,0.00012221201325703877,4.6567485903096645e-05,21.934700730801246,0.00010189554632421472
2021-07-23,4411.7900390625,4540070000,0.0100943323862559,0.00010189554632421472,0.00013113796854481464,5.001153459187081e-05,22.236208267603267,5.661386952972636e-06
2021-07-26,4422.2998046875,4275630000,0.00237936692272811,5.661386952972636e-06,8.109084290363324e-05,5.0215471485133406e-05,22.17619729713241,2.2312239968374923e-05
2021-07-27,4401.4599609375,4241950000,-0.004723583382176599,2.2312239968374923e-05,4.025997846329288e-05,4.970350903994158e-05,22.1682889063622,3.4699952107897344e-08
2021-07-28,4400.64013671875,4215290000,-0.00018627923155278836,3.4699952107897344e-08,2.6792528868217026e-05,4.920253880825772e-05,22.161984228168702,1.7617594619339492e-05
2021-07-29,4419.14990234375,4044600000,0.0041973318452726005,1.7617594619339492e-05,2.950429356340121e-05,4.9760307664851865e-05,22.120648495298965,2.93841360227898e-05
2021-07-30,4395.259765625,3956740000,-0.005420713608261352,2.93841360227898e-05,1.5002011503116222e-05,5.109245502779236e-05,22.098686291100485,3.402201166885961e-06
2021-08-02,4387.16015625,3724090000,-0.00184450567006067,3.402201166885961e-06,1.455017434589889e-05,5.116702471665462e-05,22.038088363899483,6.674826827942037e-05
2021-08-03,4423.14990234375,3965190000,0.008169961338918341,6.674826827942037e-05,2.343738000810798e-05,5.296814165844277e-05,22.100819610431145,2.1558848063498146e-05
2021-08-04,4402.66015625,4260760000,-0.004643150661296502,2.1558848063498146e-05,2.7742209630386027e-05,5.1410261249535355e-05,22.172713385306203,3.584998848548221e-05
2021-08-05,4429.10009765625,3769410000,0.005987485990420538,3.584998848548221e-05,3.138868840361457e-05,5.2853616070579924e-05,22.05018432775069,2.8018225268222765e-06
2021-08-06,4436.52001953125,3451870000,0.0016738645485290249,2.8018225268222765e-06,2.607222570442107e-05,5.24698383168463e-05,21.962181950420234,8.842586208038263e-07
2021-08-09,4432.35009765625,3449280000,-0.0009403502649565354,8.842586208038263e-07,2.556863719520464e-05,4.914987016986159e-05,21.96143135084745,9.84434951418021e-07
2021-08-10,4436.75,3886610000,0.0009921869538640493,9.84434951418021e-07,1.2415870529604171e-05,4.34776935757691e-05,22.080803149591794,1.6254483357384965e-06
2021-08-11,4442.41015625,3532560000,0.0012749307180150993,1.6254483357384965e-06,8.429190584052241e-06,4.301204903072144e-05,21.985288657799796,1.712145285578621e-05
2021-08-12,4460.830078125,3375310000,0.00413780773547856,1.712145285578621e-05,4.683483458113039e-06,4.3226132897683603e-05,21.939753009200903,2.5792884230740744e-06
2021-08-13,4468.0,3016470000,0.001606016320923942,2.5792884230740744e-06,4.638976637363399e-06,4.328175994644894e-05,21.827353110826305,6.850899297577813e-06
2021-08-16,4479.7099609375,3370640000,0.002617422261993241,6.850899297577813e-06,5.832304772718197e-06,4.310784459688656e-05,21.938368474555784,5.020776104893068e-05
2021-08-17,4448.080078125,3836960000,-0.007085743507136755,5.020776104893068e-05,1.5676969992220728e-05,4.278702601341362e-05,22.06794622360646,0.00011678374571787369
2021-08-18,4400.27001953125,3755590000,-0.010806652845255726,0.00011678374571787369,3.870862946864777e-05,3.6463695584276985e-05,22.04651123392101,1.5772929888290694e-06
2021-08-19,4405.7998046875,4398410000,0.0012559032561583194,1.5772929888290694e-06,3.5599797495256345e-05,2.624145607603846e-05,22.204508949154047,6.574945705695405e-05
2021-08-20,4441.669921875,3652610000,0.008108603890741861,6.574945705695405e-05,4.823383122203234e-05,2.6167706491014225e-05,22.018707817768075,7.204050781360353e-05
2021-08-23,4479.52978515625,3576530000,0.008487667984411473,7.204050781360353e-05,6.127175292523749e-05,2.925778543056809e-05,21.997658893846047,2.2338853631776604e-06
2021-08-24,4486.22998046875,3979220000,0.0014946188019617779,2.2338853631776604e-06,5.167697778808688e-05,2.4727709932339128e-05,22.104351657387994,4.918004358197292e-06
2021-08-25,4496.18994140625,3444700000,0.0022176574032517493,4.918004358197292e-06,2.930382951615159e-05,2.4693919814394795e-05,21.96010265518182,3.41283777882359e-05
2021-08-26,4470.0,3263980000,-0.005841949827603443,3.41283777882359e-05,3.5814046476032956e-05,2.5231016988024837e-05,21.906213146884895,7.689661568157749e-05
2021-08-27,4509.3701171875,3331200000,0.0087690715404527,7.689661568157749e-05,3.804347820095765e-05,2.8724740430273458e-05,21.926598436685115,1.846699447952043e-05
2021-08-30,4528.7900390625,3168660000,0.004297324106874001,1.846699447952043e-05,2.732877553414103e-05,2.8763349514827137e-05,21.87657462284914,1.8225726736332543e-06
2021-08-31,4522.68017578125,4290710000,-0.001350026915892144,1.8225726736332543e-06,2.7246512996232146e-05,2.7510551180774568e-05,22.179718057591092,9.71195275900077e-08
2021-09-01,4524.08984375,4057340000,0.00031164006095174557,9.71195275900077e-08,2.628233603011069e-05,2.7360320197170206e-05,22.12379342367349,8.05768262894357e-06
2021-09-02,4536.9501953125,3735990000,0.002838605754405421,8.05768262894357e-06,2.1068196998252223e-05,2.469256630396671e-05,22.041278680917564,1.1228347260588018e-07
2021-09-03,4535.43017578125,3217530000,-0.00033508726118114396,1.1228347260588018e-07,5.711330556457902e-06,2.3717722458926152e-05,21.89187982171121,1.156919850491525e-05
2021-09-07,4520.02978515625,3822960000,-0.0034013524523217598,1.156919850491525e-05,4.331771361536866e-06,2.2614050187082203e-05,22.064290828880345,1.7409135056525357e-06
2021-09-08,4514.06982421875,3750880000,-0.0013194368138158552,1.7409135056525357e-06,4.3154395279407226e-06,2.2565827049756305e-05,22.045256316332086,2.130973774990339e-05
2021-09-09,4493.27978515625,3735390000,-0.004616247150002195,2.130973774990339e-05,8.5579631724034e-06,2.349425791926083e-05,22.041118068018438,6.010206695146086e-05
2021-09-10,4458.580078125,3623180000,-0.007752552286277137,6.010206695146086e-05,1.8966840036906857e-05,2.6181423010171876e-05,22.010617930484706,5.170622785224056e-06
2021-09-13,4468.72998046875,3914220000,0.0022739003463705387,5.170622785224056e-06,1.997850789943049e-05,2.6342567303330302e-05,22.08788191307851,3.321463522087135e-05
2021-09-14,4443.0498046875,3670460000,-0.005763213966258007,3.321463522087135e-05,2.4307595242621712e-05,2.7074075592652355e-05,22.023582832030314,7.120480937838085e-05
2021-09-15,4480.7001953125,4032020000,0.008438294222079534,7.120480937838085e-05,3.8200374417167375e-05,3.0193417454257205e-05,22.117533328268653,2.4097741072501305e-06
2021-09-16,4473.75,3984560000,-0.001552344712765219,2.4097741072501305e-06,3.4420381688636724e-05,2.9991548127424134e-05,22.10569272929078,8.377064096545502e-05
2021-09-17,4432.990234375,7289530000,-0.009152630275798046,8.377064096545502e-05,3.9154096491435554e-05,3.1517133578175244e-05,22.709704909146474,0.00029319979082370406
2021-09-20,4357.72998046875,4898070000,-0.017123077726381553,0.00029319979082370406,9.675993009913156e-05,3.9536044719349354e-05,22.312107087125998,6.604628557307428e-07
2021-09-21,4354.18994140625,3920920000,-0.0008126886585468895,6.604628557307428e-07,9.024909562610343e-05,3.9494370622390333e-05,22.089592157345077,8.976776517097765e-05
2021-09-22,4395.64013671875,3939170000,0.009474585224218401,8.976776517097765e-05,9.396168678462279e-05,4.0586111900300496e-05,22.094235878419724,0.0001454841333465327
2021-09-23,4448.97998046875,3916350000,0.012061680369937378,0.0001454841333465327,0.0001225765586324793,4.392445851543364e-05,22.088425934791356,2.131433012452678e-06
2021-09-24,4455.47998046875,3384290000,0.0014599428113637458,2.131433012452678e-06,0.00010624871704187884,4.391980159040068e-05,21.942409972713588,7.7297562557451e-06
2021-09-27,4443.10986328125,4058650000,-0.0027802439201884965,7.7297562557451e-06,4.915471012828705e-05,4.404760849483468e-05,22.124116243196692,0.0004233025504620731
2021-09-28,4352.6298828125,4416550000,-0.020574317739892933,0.0004233025504620731,0.00013368312764955553,6.173734361637274e-05,22.208624685493728,2.4584808006727907e-06
2021-09-29,4359.4599609375,3712660000,0.0015679543362843162,2.4584808006727907e-06,0.00011622127077549453,5.835379203087707e-05,22.035014438058997,0.00014354922400965824
2021-09-30,4307.5400390625,4448140000,-0.011981202945015923,0.00014354922400965824,0.00011583428890811967,6.40393479186106e-05,22.21575186844433,0.00013055238169622132
2021-10-01,4357.0400390625,4010370000,0.011425952113334858,0.00013055238169622132,0.0001415184786448734,6.989070287418278e-05,22.112149343584374,0.00017084978745793487
2021-10-04,4300.4599609375,4307870000,-0.013070952048643392,0.00017084978745793487,0.00017414248488531133,7.765218778010755e-05,22.1837094196014,0.0001096107966535109
2021-10-05,4345.72021484375,3902890000,0.010469517498600922,0.0001096107966535109,0.0001114041341235989,8.226823841758788e-05,22.08498314155532,1.6764106034200257e-05
2021-10-06,4363.5498046875,4009630000,0.004094399349623856,1.6764106034200257e-05,0.00011426525917030439,8.30251394431149e-05,22.11196480493053,6.829434431343533e-05
2021-10-07,4399.759765625,3843740000,0.008264039225066355,6.829434431343533e-05,9.921428323105981e-05,8.5603555161684e-05,22.069711688149866,3.6693570970801235e-06
2021-10-08,4391.33984375,3280160000,-0.0019155566024213755,3.6693570970801235e-06,7.383767831123157e-05,8.569121168856707e-05,21.911158038945402,4.7464406170765016e-05
2021-10-11,4361.18994140625,3281970000,-0.006889441644339911,4.7464406170765016e-05,4.9160602053797594e-05,8.688006025315169e-05,21.911709689109404,5.854975609542984e-06
2021-10-12,4350.64990234375,3558450000,-0.002419705686554252,5.854975609542984e-06,2.8409437845004016e-05,8.44142833739736e-05,21.992590894021777,9.108057634660502e-06
2021-10-13,4363.7998046875,3620070000,0.003017955870230793,9.108057634660502e-06,2.6878228165096065e-05,8.459325768531161e-05,22.009759199889945,0.00028625805245024793
2021-10-14,4438.259765625,3598280000,0.016919162285711664,0.00028625805245024793,7.047096979245859e-05,9.609523119573784e-05,22.00372179073644,5.5242363022253904e-05
2021-10-15,4471.3701171875,3819380000,0.00743252063718991,5.5242363022253904e-05,8.078557097749333e-05,9.536966545227753e-05,22.06335394298913,1.1350752616266038e-05
2021-10-18,4486.4599609375,3662010000,0.003369087801804227,1.1350752616266038e-05,7.356284026659355e-05,9.57760735663237e-05,22.0212780142163,5.426005951774189e-05
2021-10-19,4519.6298828125,3459130000,0.007366142784235308,5.426005951774189e-05,8.324385704823332e-05,9.443468350051855e-05,21.96428294960081,1.3376089051161668e-05
2021-10-20,4536.18994140625,3670760000,0.003657333598560797,1.3376089051161668e-05,8.409746333153356e-05,8.171542432903935e-05,22.02366456231495,8.948433087709892e-06
2021-10-21,4549.77978515625,3822330000,0.002991393168359835,8.948433087709892e-06,2.8635539459025952e-05,8.209215024867478e-05,22.064126021528036,1.1516063328254893e-06
2021-10-22,4544.89990234375,3758220000,-0.0010731292246628499,1.1516063328254893e-06,1.7817388121140267e-05,7.806414302875875e-05,22.047211278267806,2.2438784744289052e-05
2021-10-25,4566.47998046875,3899400000,0.004736959440853283,2.2438784744289052e-05,2.0034994546744874e-05,7.247117263774768e-05,22.08408853234908,3.305638267641506e-06
2021-10-26,4574.7900390625,3879740000,0.0018181414322437917,3.305638267641506e-06,9.844110296724796e-06,7.252454560389263e-05,22.079033978284773,2.5647847255729212e-05
2021-10-27,4551.68017578125,4226050000,-0.005064370371105298,2.5647847255729212e-05,1.2298461937638302e-05,7.33390042857101e-05,22.164533587826078,9.567360323708283e-05
2021-10-28,4596.419921875,4132950000,0.009781288424184353,9.567360323708283e-05,2.964349596751289e-05,5.8446779411846894e-05,22.142257274894966,3.792511771477476e-06
2021-10-29,4605.3798828125,4510200000,0.0019474372317169752,3.792511771477476e-06,3.017167705524329e-05,5.850741718324711e-05,22.22960733559747,3.234454580097024e-06
2021-11-01,4613.669921875,3971540000,0.0017984589459025813,3.234454580097024e-06,2.633081102240488e-05,5.212947311826705e-05,22.10241976599983,1.3495389274970311e-05
2021-11-02,4630.64990234375,3975250000,0.0036736071203886667,1.3495389274970311e-05,2.8368761223870644e-05,4.680870073548292e-05,22.103353476408337,4.1479970858650554e-05
2021-11-03,4660.56982421875,4319660000,0.00644049461288887,4.1479970858650554e-05,3.153518594445491e-05,4.0928254526424546e-05,22.186442532632928,1.7415784722592813e-05
2021-11-04,4680.06005859375,4462300000,0.004173222342817695,1.7415784722592813e-05,1.588362224155691e-05,3.673757216592826e-05,22.218930165344744,1.388195855995045e-05
2021-11-05,4697.52978515625,4467180000,0.0037258500452850285,1.388195855995045e-05,1.7901511599251505e-05,3.6606565462553275e-05,22.220023174228743,7.87468218967483e-07
2021-11-08,4701.7001953125,4269710000,0.0008873940607010411,7.87468218967483e-07,1.7412114327025598e-05,3.3538071094622915e-05,22.17481174642391,1.2284400601989047e-05
2021-11-09,4685.25,4117080000,-0.0035049109263987077,1.2284400601989047e-05,1.7169916592429345e-05,3.392966398120968e-05,22.138410011413246,6.822499257189776e-05
2021-11-10,4646.7099609375,4503720000,-0.008259842163861109,6.822499257189776e-05,2.2518920935078783e-05,3.4873326999442995e-05,22.228169559110693,3.0336778775648916e-07
2021-11-11,4649.27001953125,3926870000,0.0005507883329887164,3.0336778775648916e-07,1.9096437548111524e-05,3.4620981189361785e-05,22.091108508098234,5.179245582954821e-05
2021-11-12,4682.85009765625,3728600000,0.0071966975641295505,5.179245582954821e-05,2.6678537002031073e-05,3.656118110731123e-05,22.03929866529383,1.1534497980398688e-10
2021-11-15,4682.7998046875,3488410000,-1.0739878016252646e-05,1.1534497980398688e-10,2.652106642723354e-05,2.3549456693435403e-05,21.97271188224339,1.4882459253602784e-05
2021-11-16,4700.89990234375,3972640000,0.003857779057126365,1.4882459253602784e-05,2.7040678157556283e-05,2.171491561304217e-05,22.102696698296622,6.786105666126957e-06
2021-11-17,4688.669921875,3969070000,-0.0026050154828958227,6.786105666126957e-06,1.4752900776402123e-05,2.1507431660763123e-05,22.101797647528066,1.1418078518268562e-05
2021-11-18,4704.5400390625,4226410000,0.003379064740171245,1.1418078518268562e-05,1.6975842922504534e-05,1.9560068888059793e-05,22.16461877012807,1.959005020270099e-06
2021-11-19,4697.9599609375,4253180000,-0.0013996446049873157,1.959005020270099e-06,7.009152760648914e-06,1.9041110523019264e-05,22.170932775623502,1.0254458328543577e-05
2021-11-22,4682.93994140625,4441100000,-0.003202258316960638,1.0254458328543577e-05,9.06002135736167e-06,1.9100475306693523e-05,22.214167930679057,2.741545758077276e-06
2021-11-23,4690.7001953125,4277590000,0.001655761383194232,2.741545758077276e-06,6.631838658256568e-06,1.9172745280568605e-05,22.176655604070348,5.24970639476834e-06
2021-11-24,4701.4599609375,3418430000,0.0022912237766679056,5.24970639476834e-06,6.3245588039848445e-06,1.8391423537408572e-05,21.952447218583686,0.0005284026820387534
2021-11-26,4594.6201171875,3517700000,-0.022987011159321113,0.0005284026820387534,0.0001097214795080818,4.2259470981550015e-05,21.98107320418503,0.0001719726968071538
2021-11-29,4655.27001953125,4336410000,0.013113836082823127,0.0001719726968071538,0.00014372421786545855,4.891060050661478e-05,22.190312654039683,0.00036646904330328995
2021-11-30,4567.0,6625990000,-0.019143381187848973,0.00036646904330328995,0.0002149671348604078,6.121948414598784e-05,22.61426563176774,0.00014126609574881605
2021-12-01,4513.0400390625,5366730000,-0.01188554145795706,0.00014126609574881605,0.00024267204485855557,6.746828341768503e-05,22.403484621627655,0.00019865883151562808
2021-12-02,4577.10009765625,5077180000,0.014094638396057846,0.00019865883151562808,0.0002813538698827275,7.635120964202736e-05,22.348021826488424,7.198597905217589e-05
2021-12-03,4538.43017578125,5240070000,-0.008484455141738678,7.198597905217589e-05,0.00019007052928541202,7.900987281371852e-05,22.3796006941596,0.00013601622265828177
2021-12-06,4591.669921875,4770800000,0.011662599309685717,0.00013601622265828177,0.00018287923445563763,8.330697516824721e-05,22.285779842878398,0.00042006974996835724
2021-12-07,4686.75,4492400000,0.02049560318625332,0.00042006974996835724,0.00019359937578865107,0.00010160942813396378,22.225652917275752,9.489699500219656e-06
2021-12-08,4701.2099609375,4234600000,0.0030805355865854978,9.489699500219656e-06,0.00016724409653893178,0.0001014097799948851,22.16655470982226,5.1940679383730975e-05
2021-12-09,4667.4501953125,3903840000,-0.007206988232523415,5.1940679383730975e-05,0.00013790046611255235,0.00010373492595691982,22.085226521307007,9.032162745223456e-05
2021-12-10,4712.02001953125,3870110000,0.009503769118209604,9.032162745223456e-05,0.0001415675957925641,0.00010728207263193097,22.076548767615154,8.423859056538905e-05
2021-12-13,4668.97021484375,4397230000,-0.009178158342793452,8.423859056538905e-05,0.00013121206937398555,0.00010800996344981693,22.204240634396548,5.623084445046275e-05
2021-12-14,4634.08984375,4485430000,-0.0074987228546241624,5.623084445046275e-05,5.844428827040666e-05,0.00011055212147993993,22.224100203223742,0.0002629673268280301
2021-12-15,4709.85009765625,4910130000,0.016216267351891744,0.0002629673268280301,0.00010913981373596876,0.00012015097925259819,22.314566255184413,7.712112321506036e-05
2021-12-16,4668.669921875,4829500000,-0.008781863311112303,7.712112321506036e-05,0.00011417590250223462,0.00012365647961032914,22.298008779790685,0.00010693554852867248
2021-12-17,4620.64013671875,7987090000,-0.010340964584054646,0.00010693554852867248,0.00011749868671752221,0.00012784071094101412,22.801092325254384,0.00013118033315117565
2021-12-20,4568.02001953125,4635700000,-0.011453398323256536,0.00013118033315117565,0.00012688703523467952,0.00013349499400851635,22.257053049588066,0.0003105262628556941
2021-12-21,4649.22998046875,4072430000,0.01762175538519628,0.0003105262628556941,0.00017774611891572582,0.00014709082056930841,22.127505710079127,0.00010259113148801638
2021-12-22,4696.56005859375,3319610000,0.010128728029126677,0.00010259113148801638,0.00014567087984772306,0.00015166500813602415,21.923113143396403,3.849473676891129e-05
2021-12-23,4725.7900390625,2913040000,0.006204412685251626,3.849473676891129e-05,0.00013794560255849325,0.00015294865715604087,21.792463046720947,0.0001888989536579607
2021-12-27,4791.18994140625,2770290000,0.013744051573606697,0.0001888989536579607,0.0001543382835843509,0.00016141035751512649,21.74221784516748,1.0214445485075325e-06
2021-12-28,4786.35009765625,2707920000,-0.0010106653988870562,1.0214445485075325e-06,0.00012830650586381727,0.0001612181637948419,21.719446649831863,1.962558359504096e-06
2021-12-29,4793.06005859375,2963310000,0.0014009134018575509,1.962558359504096e-06,6.659376496457927e-05,0.00013728906726396693,21.809572724094828,8.965436300009858e-06
2021-12-30,4778.72998046875,3124950000,-0.002994233841905114,8.965436300009858e-06,4.786862592697796e-05,0.00012987964633182403,21.86268412032678,6.914976938153481e-06
2021-12-31,4766.18017578125,2677820000,-0.0026296343734735217,6.914976938153481e-06,4.15526739608264e-05,0.00011353627967886329,21.708268867990785,4.03710815882038e-05
2022-01-03,4796.56005859375,3831020000,0.006353824170387767,4.03710815882038e-05,1.1847099546875016e-05,0.00010895014267156272,22.066396923481364,3.9667355008621893e-07
2022-01-04,4793.5400390625,4683170000,-0.0006298202522039276,3.9667355008621893e-07,1.1722145347190754e-05,9.993822640040174e-05,22.267241068218585,0.00038350424081993746
2022-01-05,4700.580078125,4887960000,-0.019583264304500858,0.00038350424081993746,8.803048183927743e-05,0.00011409814738984544,22.310040875680752,9.297467057029215e-07
2022-01-06,4696.0498046875,4295280000,-0.000964233740180731,9.297467057029215e-07,8.642334392041604e-05,0.00010795785302836459,22.180782582574352,1.647094401878986e-05
2022-01-07,4677.02978515625,4181510000,-0.004058441082335662,1.647094401878986e-05,8.833453733654331e-05,8.961245275792971e-05,22.15393826250845,2.07956743523891e-06
2022-01-10,4670.2900390625,4511810000,-0.0014420705375393084,2.07956743523891e-06,8.067623450595034e-05,8.927562857315787e-05,22.22996424054808,8.314314782799675e-05
2022-01-11,4713.06982421875,4101590000,0.00911828645239865,8.314314782799675e-05,9.722552936153244e-05,9.069392259335174e-05,22.134640540601655,7.917425501803302e-06
2022-01-12,4726.35009765625,4048220000,0.002813792014666916,7.917425501803302e-06,2.2108166297905614e-05,8.694827705015033e-05,22.121543115527896,0.0002058085547942462
2022-01-13,4659.02978515625,4251730000,-0.014346029234399538,0.0002058085547942462,6.308392791561427e-05,9.247418451509837e-05,22.1705917961155,6.71816728672494e-07
2022-01-14,4662.85009765625,4338490000,0.0008196442695904693,6.71816728672494e-07,5.9924102457590796e-05,8.99487741641079e-05,22.190792198481553,0.0003444403931743813
2022-01-18,4577.10986328125,4748700000,-0.018559105398008313,0.0003444403931743813,0.00012839626760541926,9.365209536166934e-05,22.28113673353466,9.48050978376989e-05
2022-01-19,4532.759765625,4465740000,-0.009736790941460072,9.48050978376989e-05,0.00013072865760735972,9.445591238997109e-05,22.219700771249165,0.00012318208073797493
2022-01-20,4482.72998046875,4640870000,-0.011098742304332276,0.00012318208073797493,0.00015378158865459403,9.519439112675755e-05,22.258167685824123,0.00036465703743849095
2022-01-21,4397.93994140625,5589100000,-0.01909599532463524,0.00036465703743849095,0.000185551285183443,0.00010580696859436279,22.44408410954125,7.661296750856418e-06
2022-01-24,4410.1298828125,6928110000,0.0027679047582704897,7.661296750856418e-06,0.00018694918118787978,9.204037922596109e-05,22.658852885822988,0.00014997898026753714
2022-01-25,4356.4501953125,5145050000,-0.012246590556866721,0.00014997898026753714,0.00014805689860651093,9.419437235230293e-05,22.36130092455255,2.2432758090396344e-06
2022-01-26,4349.93017578125,5570640000,-0.0014977569258860512,2.2432758090396344e-06,0.0001295445342007791,9.254657867230877e-05,22.440775785721204,2.9145262022359593e-05
2022-01-27,4326.509765625,5214200000,-0.005398635199970414,2.9145262022359593e-05,0.00011073717045765603,8.52850472343269e-05,22.37465151018005,0.0005786895923147902
2022-01-28,4431.85009765625,5031090000,0.024055967914735632,0.0005786895923147902,0.00015354368143291586,0.00011154269031461248,22.338902497582005,0.0003500575972942807
2022-01-31,4515.5498046875,5098610000,0.01870982622298456,0.0003500575972942807,0.00022202294154160073,0.00012736519208437507,22.352233790704982,4.677958575828699e-05
2022-02-01,4546.5400390625,4816830000,0.00683956034831823,4.677958575828699e-05,0.00020138306263975067,0.00012908401705975128,22.295381872504016,8.795439496911023e-05
2022-02-02,4589.3798828125,4481580000,0.009378400448323276,8.795439496911023e-05,0.0002185252864717648,0.00013276762697024932,22.2232414999914,0.0006097675455923627
2022-02-03,4477.43994140625,4401970000,-0.02469347172011993,0.0006097675455923627,0.00033464974318576544,0.00015864928442498383,22.205318005170575,2.6457427892709957e-05
2022-02-04,4500.52978515625,4706290000,0.005143678439862853,2.6457427892709957e-05,0.00022420331030134936,0.00015983386416783035,22.27216574902483,1.3753572498250397e-05
2022-02-07,4483.8701171875,4228480000,-0.003708580927828109,1.3753572498250397e-05,0.00015694250534214332,0.00014302701560775367,22.16510842760223,6.999185453659413e-05
2022-02-08,4521.5400390625,4459620000,0.008366113466633962,6.999185453659413e-05,0.00016158495909780472,0.00014616620232733963,22.218329397779016,0.00020773001680183403
2022-02-09,4587.18017578125,4524350000,0.014412842079265076,0.00020773001680183403,0.00018554008346434952,0.00015485979654475073,22.232739757592352,0.0003342251065024011
2022-02-10,4504.080078125,5314860000,-0.01828182448505622,0.0003342251065024011,0.0001304315956463572,0.00016995732104780356,22.39377250803593,0.0003667869478699468
2022-02-11,4418.64013671875,5251500000,-0.019151682638085532,0.0003667869478699468,0.00019849749964180453,0.00018285022104971036,22.381779587217526,1.480703285540645e-05
2022-02-14,4401.669921875,4600390000,-0.003847990755629027,1.480703285540645e-05,0.00019870819171323575,0.0001831633850203287,22.249406919673685,0.00024472590178978054
2022-02-15,4471.06982421875,4430830000,0.015643717646064204,0.00024472590178978054,0.00023365500116387305,0.00018493235533830754,22.211852762596134,7.758433796397732e-07
2022-02-16,4475.009765625,4283640000,0.0008808197202831991,7.758433796397732e-07,0.0001922641664794342,0.0001849370838224424,22.178068952620894,0.0004579815773150364
2022-02-17,4380.259765625,4539420000,-0.021400504136936505,0.0004579815773150364,0.00021701546064196124,0.00019009804673792672,22.23606508775485,5.1724312574512424e-05
2022-02-18,4348.8701171875,4708060000,-0.007191961663865598,5.1724312574512424e-05,0.00015400293358287437,0.0001881398292259637,22.272541770740716,0.00010393263058997608
2022-02-22,4304.759765625,5121900000,-0.010194735435016256,0.00010393263058997608,0.00017182805312978834,0.0001872648542192365,22.356791301104813,0.0003453552343807695
2022-02-23,4225.5,4797430000,-0.01858373574878769,0.0003453552343807695,0.0001919539196479861,0.0001863874995347946,22.291346195015347,0.00022040684117496595
2022-02-24,4288.7001953125,6752130000,0.014846105252724229,0.00022040684117496595,0.00023588011920705135,0.00019605775155407234,22.633123847757325,0.0004895634405610807
2022-02-25,4384.64990234375,5177060000,0.022126080551265304,0.0004895634405610807,0.00024219649185626023,0.00021149340884014248,22.367503164715952,5.980917604520504e-06
2022-02-28,4373.93994140625,6071370000,-0.0024455914631271725,5.980917604520504e-06,0.00023304781286226183,0.000211663301649028,22.52685011688082,0.00024318742554765854
2022-03-01,4306.259765625,5846230000,-0.015594467786611332,0.00024318742554765854,0.0002608987718537983,0.00022139249090017793,22.489062846173205,0.00034117956917297437
2022-03-02,4386.5400390625,5337870000,0.01847104678065037,0.00034117956917297437,0.00026006363881223927,0.0002105965807573681,22.398092534129006,2.7757310832541033e-05
2022-03-03,4363.490234375,5039890000,-0.005268520744245109,2.7757310832541033e-05,0.0002215337327437543,0.00019594656773637992,22.3406500935931,6.345213023862548e-05
2022-03-04,4328.8701171875,5797380000,-0.007965684543002283,6.345213023862548e-05,0.00013631147067926327,0.0001967044106673044,22.48067192847526,0.0008977566086113618
2022-03-07,4201.08984375,6940470000,-0.029962586814415104,0.0008977566086113618,0.0003146666088806315,0.00023351360219649772,22.660635332659023,5.270823852907228e-05
2022-03-08,4170.7001953125,7243120000,-0.007260043975698238,5.270823852907228e-05,0.00027657077147691427,0.00020819272460271176,22.703317889880978,0.0006438194816638844
2022-03-09,4277.8798828125,5662670000,0.02537359812214035,0.0006438194816638844,0.00033709875397509626,0.0002362546361377651,22.45716134955656,1.849903041645999e-05
2022-03-10,4259.52001953125,4980830000,-0.0043010499202473795,1.849903041645999e-05,0.00033524709789188004,0.00023647033877041102,22.328862380963063,0.00017020539400386002
2022-03-11,4204.31005859375,4938640000,-0.013046278933238398,0.00017020539400386002,0.00035659775064492697,0.00024102549965528675,22.320355826801997,5.548276067881913e-05
2022-03-14,4173.10986328125,5574920000,-0.007448675095533375,5.548276067881913e-05,0.00018814298105841842,0.00023410516983151332,22.441543804593223,0.0004487038020302819
2022-03-15,4262.4501953125,5392470000,0.021182629724146196,0.0004487038020302819,0.00026734209375866034,0.00023930874690096247,22.408269373115218,0.0004900433000670849
2022-03-16,4357.85986328125,6309750000,0.02213692164839287,0.0004900433000670849,0.00023658685743930047,0.0002449113083644687,22.56536189322179,0.0001506070172482498
2022-03-17,4411.669921875,4985090000,0.01227220506870097,0.0001506070172482498,0.0002630084548056584,0.0002510840349277798,22.329717294560325,0.00013443972124612126
2022-03-18,4463.1201171875,8278430000,0.01159481441188781,0.00013443972124612126,0.0002558553202541106,0.00024607102672124983,22.836919173958886,1.8901178333915295e-07
2022-03-21,4461.18017578125,4869820000,-0.00043475485430199967,1.8901178333915295e-07,0.00024479657047501465,0.0002460443525577816,22.306322812577555,0.0001263533264649626
2022-03-22,4511.60986328125,4754840000,0.01124069955407414,0.0001263533264649626,0.0001803264753619508,0.00023097034115550553,22.2824288837972,0.0001524886691128319
2022-03-23,4456.240234375,4550670000,-0.012348630252494885,0.0001524886691128319,0.00011281554917110018,0.00023555053917997463,22.23854031203565,0.00020283491382977787
2022-03-24,4520.16015625,4131390000,0.014242012281618699,0.00020283491382977787,0.0001232611284874058,0.00024004609750905655,22.141879749280545,2.5536656541948087e-05
2022-03-25,4543.06005859375,4305020000,0.005053380704236332,2.5536656541948087e-05,0.00010148051554657116,0.00022550888942547375,22.183047620808345,5.0688006726998834e-05
2022-03-28,4575.52001953125,4312260000,0.007119551020043247,5.0688006726998834e-05,0.00011158031453530312,0.00021779439695056614,22.184727965813234,0.00014840219848825982
2022-03-29,4631.60009765625,5085910000,0.012182044101392009,0.00014840219848825982,0.00011599008893996252,0.00020228706776543792,22.349739808351316,3.986140604942975e-05
2022-03-30,4602.4501953125,4385570000,-0.0063135889990899585,3.986140604942975e-05,9.346463632728211e-05,0.00020382708996747923,22.201585443148282,0.0002488927531909453
2022-03-31,4530.41015625,4823020000,-0.0157763352268816,0.0002488927531909453,0.00010267620419951559,0.00020408642304217407,22.296666125028587,1.1590082082847036e-05
2022-04-01,4545.85986328125,4562940000,0.003404420961462762,1.1590082082847036e-05,9.988688930769537e-05,0.0001891050827198956,22.241232989780464,6.493752903420382e-05
2022-04-04,4582.64013671875,4547350000,0.00805838253213409,6.493752903420382e-05,0.00010273679376913637,0.00019079509263815299,22.23781048287576,0.0001595461795528504
2022-04-05,4525.1201171875,4800620000,-0.012631159074006248,0.0001595461795528504,0.0001049655899820545,0.00019516300397061771,22.292010913393934,9.534416963115148e-05
2022-04-06,4481.14990234375,4986830000,-0.009764433912478054,9.534416963115148e-05,0.00011606214269839885,0.0001586897112896991,22.330066274499455,1.8014638939314574e-05
2022-04-07,4500.2099609375,4821490000,0.004244365552036555,1.8014638939314574e-05,6.98865198480727e-05,0.00015711272949016464,22.29634884607662,7.046618052687033e-06
2022-04-08,4488.27978515625,4083200000,-0.002654546675552538,7.046618052687033e-06,6.897782704204069e-05,0.0001281685084169284,22.130146831919596,0.00028972583104415727
2022-04-11,4412.52978515625,4266290000,-0.01702133458469568,0.00028972583104415727,0.0001139354874440314,0.00014049699935455098,22.17401043429125,1.1718986521803816e-05
2022-04-12,4397.4501953125,4152090000,-0.003423300530453588,1.1718986521803816e-05,8.437004883782207e-05,0.00013329307174173025,22.14687765911649,0.00012348995141201534
2022-04-13,4446.58984375,3828150000,0.011112603268902177,0.00012348995141201534,8.999920519399484e-05,0.00013638430768414826,22.065647494983608,0.00014929126288216793
2022-04-14,4392.58984375,4083090000,-0.012218480383507924,0.00014929126288216793,0.00011625452998256553,0.00012277464681377946,22.13011989190155,4.197961394743552e-08
2022-04-18,4391.68994140625,3910490000,-0.00020488927240691623,4.197961394743552e-08,0.00011485360229481758,0.000100501859520455,22.086928523040648,0.0002537663257174821
2022-04-19,4462.2099609375,4108120000,0.015930044749387307,0.0002537663257174821,0.00010766170122948255,0.00010519091899632923,22.136231340124535,3.827481221392781e-07
2022-04-20,4459.4501953125,4290450000,-0.0006186664061829106,3.827481221392781e-07,0.00010539445354954967,9.90974202179664e-05,22.179657459723202,0.0002209044751391248
2022-04-21,4393.66015625,4636890000,-0.014862855551310616,0.0002209044751391248,0.00012487735829497156,0.00010912994127959301,22.257309720055815,0.000791413721302056
2022-04-22,4271.77978515625,4651940000,-0.02813207637736781,0.000791413721302056,0.00025330184997894914,0.00013935995922673364,22.2605501740562,3.2282455152852426e-05
2022-04-25,4296.1201171875,5240040000,0.0056817651441125605,3.2282455152852426e-05,0.0002597499450867302,0.00013389604041037092,22.37959496902885,0.0008151030098229965
2022-04-26,4175.2001953125,4689970000,-0.028550008928597492,0.0008151030098229965,0.000372017281907833,0.0001617264084100627,22.268692023008875,4.392583135445632e-06
2022-04-27,4183.9599609375,4769680000,0.0020958490249647355,4.392583135445632e-06,0.0003728192489104943,0.0001607653141643126,22.285545053852076,0.0005975900650427635
2022-04-28,4287.5,4854180000,0.024445655340832317,0.0005975900650427635,0.00044815636689122206,0.00018562449863321096,22.30310602658757,0.0013659794919906323
2022-04-29,4131.93017578125,5084030000,-0.03695915978469522,0.0013659794919906323,0.0005630695210289373,0.000240968921065137,22.349370091318363,3.202653664715488e-05
2022-05-02,4155.3798828125,5163790000,0.005659199293818418,3.202653664715488e-05,0.0005630183373277978,0.00024061279063776085,22.364936643147303,2.3285113193517722e-05
2022-05-03,4175.47998046875,4582050000,0.004825465075359858,2.3285113193517722e-05,0.000404654758001902,0.00023035789791060504,22.245412333401806,0.0008658436636977795
2022-05-04,4300.169921875,5136360000,0.029425221557326964,0.0008658436636977795,0.0005769449741143688,0.0002691876061658293,22.359610494530273,0.0013177391916127325
2022-05-05,4146.8701171875,5077030000,-0.036300677564099715,0.0013177391916127325,0.0007209747994283626,0.00032613313628303514,22.347992282092555,3.238047477855516e-05
2022-05-06,4123.33984375,5116940000,-0.005690384413952643,3.238047477855516e-05,0.0004542549959859472,0.0003203528769751126,22.35582244127557,0.0010602525547279886
2022-05-09,3991.239990234375,5954520000,-0.03256151953960362,0.0010602525547279886,0.000659900199602114,0.00036421234902496885,22.50741643213889,6.0264444575881376e-06
2022-05-10,4001.050048828125,5885820000,0.002454881760408867,6.0264444575881376e-06,0.000656448465854928,0.0003636674310939813,22.495811905420226,0.0002755677056310327
2022-05-11,3935.179931640625,5816140000,-0.01660023209569772,0.0002755677056310327,0.0005383932742415787,0.0003758729350748151,22.48390264858667,1.6817031927543994e-06
2022-05-12,3930.080078125,6286450000,-0.0012968049941122217,1.6817031927543994e-06,0.00027518177655758304,0.0003627800201724787,22.561662360573692,0.0005564535627409455
2022-05-13,4023.889892578125,5183340000,0.023589267956868554,0.0005564535627409455,0.00037999639415006107,0.00038754068272789415,22.368715473269276,1.5635765001628656e-05
2022-05-16,4008.010009765625,4415030000,-0.003954208517722435,1.5635765001628656e-05,0.0001710730362047891,0.0003826382197092403,22.208280466222735,0.00039875774925089946
2022-05-17,4088.85009765625,4841410000,0.019968919581462075,0.00039875774925089946,0.00024961929716345137,0.0003939776054532735,22.300471837769447,0.0017002270286669626
2022-05-18,3923.679931640625,5103220000,-0.041233809291247425,0.0017002270286669626,0.0005345511617706373,0.00047125874404659236,22.353137550189874,3.423261864282286e-05
2022-05-19,3900.7900390625,5113550000,-0.005850864777348974,3.423261864282286e-05,0.000541061344860651,0.00046127993917956245,22.35515971639662,2.135429604661765e-08
2022-05-20,3901.360107421875,5130730000,0.0001461310919914638,2.135429604661765e-08,0.00042977490317167125,0.00046126351218746736,22.358513786395214,0.0003380080563014534
2022-05-23,3973.75,4420030000,0.018384995412059624,0.0003380080563014534,0.0004942493614316362,0.0004665864022403004,22.209412320569545,6.648691533761576e-05
2022-05-24,3941.47998046875,4923190000,-0.008153950903556861,6.648691533761576e-05,0.00042779519464897946,0.0004336351837873713,22.31722253153389,8.84800909764283e-05
2022-05-25,3978.72998046875,4802560000,0.009406385648931703,8.84800909764283e-05,0.00010544580711087259,0.00043618962177935204,22.29241494623014,0.00038762388074753905
2022-05-26,4057.840087890625,4709970000,0.019688166007719943,0.00038762388074753905,0.00017612405953181583,0.00041675875227592215,22.272947375740017,0.000597368845249103
2022-05-27,4158.240234375,4375620000,0.024441130195821614,0.000597368845249103,0.0002955935577224272,0.0004437122187356339,22.19931406122972,3.96161378361513e-05
2022-05-31,4132.14990234375,6822640000,-0.006294135193666506,3.96161378361513e-05,0.00023591517402936674,0.0004183497674989697,22.64351233081992,5.64136945372448e-05
2022-06-01,4101.22998046875,4531800000,-0.007510905041154814,5.64136945372448e-05,0.00023390052986929253,0.00035882404943290654,22.234385048732396,0.0003335454025790102
2022-06-02,4176.81982421875,4405790000,0.018263225415545037,0.0003335454025790102,0.0002829135921898089,0.00037252945242980914,22.206185422138944,0.0002716696946865473
2022-06-03,4108.5400390625,3711110000,-0.01648240560981762,0.0002716696946865473,0.00025972275497761053,0.0003838196606794923,22.034596860461065,9.81248988519643e-06
2022-06-06,4121.43017578125,4332700000,0.003132489407036587,9.81248988519643e-06,0.00014221148390482926,0.00034490915277892033,22.189456741442974,8.983876862517986e-05
2022-06-07,4160.68017578125,4248210000,0.009478331531719064,8.983876862517986e-05,0.00015225601006263497,0.00028909549718857705,22.16976355492782,0.00011777942685169102
2022-06-08,4115.77001953125,4159470000,-0.010852623040154441,0.00011777942685169102,0.00016452915652552421,0.0002929772677373559,22.148653499497286,0.0005801574428553545
2022-06-09,4017.820068359375,4134170000,-0.024086457665156047,0.0005801574428553545,0.00021385156458079301,0.0002711547626522362,22.142552420001984,0.0008727542728893816
2022-06-10,3900.860107421875,4889640000,-0.0295424148114094,0.0008727542728893816,0.00033406848022135994,0.0003105514821264086,22.310384518295745,0.0015634062217770078
2022-06-13,3749.6298828125,5636890000,-0.039539931990040245,0.0015634062217770078,0.0006447872265997221,0.0003690895964966802,22.452598332107005,1.4294585047728283e-05
2022-06-14,3735.47998046875,5153890000,-0.0037808180394893753,1.4294585047728283e-05,0.0006296783898842318,0.00036966290930826994,22.363017606496367,0.00020987487373321732
2022-06-15,3789.989990234375,5530480000,0.014487058836534672,0.00020987487373321732,0.0006480974792605371,0.00035390933253519135,22.433540448171303,0.0010924483950962008
2022-06-16,3666.77001953125,5644930000,-0.03305220711384038,0.0010924483950962008,0.0007505556697087063,0.00040285536117585374,22.454023634294007,4.833170711203416e-06
2022-06-17,3674.840087890625,8520740000,0.0021984473410121552,4.833170711203416e-06,0.0005769714492730707,0.00038494969851495843,22.86576902859346,0.0005847920952235844
2022-06-21,3764.7900390625,5292260000,0.02418247496067316,0.0005847920952235844,0.00038124862396238604,0.0003342481106311686,22.389511212944615,1.6962981047934207e-06
2022-06-22,3759.889892578125,5058990000,-0.0013024200953584142,1.6962981047934207e-06,0.000378728966573799,0.00033276918697034905,22.344432695776693,9.000454434621524e-05
2022-06-23,3795.72998046875,5098640000,0.009487072485557135,9.000454434621524e-05,0.0003547549006963987,0.0003368593319726294,22.352239674644277,0.0009063435224286235
2022-06-24,3911.739990234375,8120260000,0.0301055397299006,0.0009063435224286235,0.00031753392616288325,0.0003626927622511371,22.81762801043496,8.865505596976145e-06
2022-06-27,3900.110107421875,4325310000,-0.0029774998903402405,8.865505596976145e-06,0.00031834039314003774,0.00036007360726292623,22.187749651293405,0.00041406849894499954
2022-06-28,3821.550048828125,4270120000,-0.02034867314949551,0.00041406849894499954,0.00028419567388432074,0.00037487308035240676,22.174907767070742,5.06942319926683e-07
2022-06-29,3818.830078125,4211240000,-0.0007119988201722549,5.06942319926683e-07,0.0002839578027273474,0.00035727685587842435,22.16102297832781,7.740245048898765e-05
2022-06-30,3785.3798828125,4840070000,-0.008797866246368358,7.740245048898765e-05,0.00028143738395590195,0.0003336420197529646,22.30019502058689,0.0001102187394456924
2022-07-01,3825.330078125,4046950000,0.0104985112966407,0.0001102187394456924,0.0001222124273593157,0.0003368512289170347,22.12122934818018,2.5054936018049184e-06
2022-07-05,3831.389892578125,5076590000,0.001582875106192816,2.5054936018049184e-06,0.00012094042496028146,0.0003344008561472419,22.347905613495506,1.2722031601674217e-05
2022-07-06,3845.080078125,4417720000,0.003566795705065573,1.2722031601674217e-05,4.0671131491616394e-05,0.0003198179756482721,22.208889563068578,0.00022063309233571804
2022-07-07,3902.6201171875,4057770000,0.0148537231809307,0.00022063309233571804,8.469636149477467e-05,0.0003174981300868708,22.12389939882362,6.899235975159713e-07
2022-07-08,3899.3798828125,3521620000,-0.0008306163961275814,6.899235975159713e-07,6.935385611648033e-05,0.00031708346798288526,21.982186948241015,0.00013443052088670283
2022-07-11,3854.429931640625,3423480000,-0.01159441766052538,0.00013443052088670283,7.419621240468242e-05,0.0003191103658129546,21.95392341482584,8.624592648974327e-05
2022-07-12,3818.800048828125,3817210000,-0.009286868497493828,8.624592648974327e-05,9.094429898227008e-05,0.00031767702488741146,22.062785626487173,1.9952874993427402e-05
2022-07-13,3801.780029296875,4109390000,-0.004466864111815738,1.9952874993427402e-05,9.239046766062072e-05,0.0002922131808936875,22.1365404361913,9.018842728737804e-06
2022-07-14,3790.3798828125,4199690000,-0.0030031388127653713,9.018842728737804e-06,5.0067617739224675e-05,0.0002529524795227491,22.15827655022598,0.00036173117288477546
2022-07-15,3863.159912109375,4143800000,0.01901923165863373,0.00036173117288477546,0.00012227586759667655,0.00019833088639128408,22.14487907843198,7.053887534338756e-05
2022-07-18,3830.85009765625,4046870000,-0.008398742485836053,7.053887534338756e-05,0.00010949753848801351,0.00020088744504108674,22.12120958001138,0.0007427542239571307
2022-07-19,3936.68994140625,4041070000,0.027253517643730518,0.0007427542239571307,0.00024079919798149102,0.00022510923368762825,22.119775345585115,3.455669101505424e-05
2022-07-20,3959.89990234375,4185300000,0.005878493941057883,3.455669101505424e-05,0.0002437199611858163,0.00017702324713848522,22.15484422314538,9.629627785267025e-05
2022-07-21,3998.949951171875,4132790000,0.009813066689504879,9.629627785267025e-05,0.00026117544821060285,0.00018118066109946098,22.142218560877836,8.791476341612352e-05
2022-07-22,3961.6298828125,3979240000,-0.009376287293813235,8.791476341612352e-05,0.00020641216631687247,0.0001585953278354855,22.104356683486007,1.727392305640504e-06
2022-07-25,3966.840087890625,3568340000,0.0013143029733058142,1.727392305640504e-06,0.00019264986970932304,0.00015859674120825127,21.995366338884292,0.00013480005527227842
2022-07-26,3921.050048828125,3778950000,-0.011610342599263745,0.00013480005527227842,7.105903597235258e-05,0.0001606329007957996,22.05271203047736,0.0006666749189307627
2022-07-27,4023.610107421875,4112180000,0.025820048778628646,0.0006666749189307627,0.0001974826815554943,0.00014973887336407866,22.137219138703454,0.00014545131348318483
2022-07-28,4072.429931640625,4413000000,0.012060319791912022,0.00014545131348318483,0.0002073136886815972,0.00015594731917708814,22.207820567460423,0.00019902933750825833
2022-07-29,4130.2900390625,4616360000,0.014107775781754484,0.00019902933750825833,0.00022953660350002414,0.00014617281183905445,22.252872352929185,7.992361790814732e-06
2022-08-01,4118.6298828125,4202810000,-0.002827076544916096,7.992361790814732e-06,0.00023078959739705897,0.00014651305817864026,22.159019186380135,4.468505872262689e-05
2022-08-02,4091.18994140625,4727710000,-0.006684688378872039,4.468505872262689e-05,0.00021276659808712868,0.00014502590400744203,22.276706778663126,0.0002407914490941879
2022-08-03,4155.169921875,4351760000,0.015517456270091046,0.0002407914490941879,0.00012758990411981374,0.00015096102717328277,22.193846198150368,6.047277793957008e-07
2022-08-04,4151.93994140625,4283320000,-0.0007776424495844481,6.047277793957008e-07,9.862058697905592e-05,0.0001508746287268096,22.177994247007682,2.647353592321928e-06
2022-08-05,4145.18994140625,4085940000,-0.0016270690189177373,2.647353592321928e-06,5.934419019586864e-05,0.0001504166888172936,22.130817649190956,1.533429294938783e-06
2022-08-08,4140.06005859375,4221090000,-0.0012383171221213018,1.533429294938783e-06,5.8052403696693444e-05,0.0001404576132245309,22.16335922571799,1.8128385978570133e-05
2022-08-09,4122.47021484375,3913090000,-0.004257744235927063,1.8128385978570133e-05,5.274106914788209e-05,0.00014125027060548788,22.087593180421294,0.00044382516559593417
2022-08-10,4210.240234375,4546010000,0.021067158460407853,0.00044382516559593417,9.334781244823134e-05,0.00015531366354681658,22.237515762330347,4.980448429214101e-07
2022-08-11,4207.27001953125,4630200000,-0.0007057229222020567,4.980448429214101e-07,9.332647586093648e-05,0.00015141603256287018,22.25586590087186,0.000294947888692061
2022-08-12,4280.14990234375,3788010000,0.017174046951492272,0.000294947888692061,0.0001517865828808843,0.00016391580591280802,22.055106652446273,1.5694940561420302e-05
2022-08-15,4297.14013671875,3696830000,0.003961684056234205,1.5694940561420302e-05,0.00015461888513418058,0.0001642192649052027,22.0307415328845,3.5115867576052102e-06
2022-08-16,4305.2001953125,4329820000,0.0018739228259470053,3.5115867576052102e-06,0.00015169552528998764,0.0001479365564448768,22.188791807888894,5.2767364810371776e-05
2022-08-17,4274.0400390625,3885030000,-0.007264114867647109,5.2767364810371776e-05,7.348396513287514e-05,0.0001471287605115579,22.080396543001328,5.139241875457342e-06
2022-08-18,4283.740234375,3340330000,0.0022669896063849393,5.139241875457342e-06,7.441220453938233e-05,0.00011360080678057272,21.929335441748965,0.00016858240482528134
2022-08-19,4228.47998046875,3761340000,-0.012983928713039106,0.00016858240482528134,4.913910776602639e-05,0.00011969288468103761,22.04804111410347,0.00046795927894072875
2022-08-22,4137.990234375,3907430000,-0.0216323664664948,0.00046795927894072875,0.00013959197544188807,0.00013658665745776752,22.086145706087933,5.019259683501074e-06
2022-08-23,4128.72998046875,3823520000,-0.0022403704344373665,5.019259683501074e-06,0.00013989351002706725,0.0001328186800153756,22.06443730150588,8.47925886030337e-06
2022-08-24,4140.77001953125,3583630000,0.0029119166987232603,8.47925886030337e-06,0.00013103588883705357,0.00013312558304058754,21.999642090401732,0.00019581081708379557
2022-08-25,4199.1201171875,3566870000,0.013993241836107728,0.00019581081708379557,0.0001691702038787212,0.0001358987994865656,21.994954297747345,0.001174335322796753
2022-08-26,4057.659912109375,3832750000,-0.03426857631703939,0.001174335322796753,0.00037032078747301555,0.00015897427238956515,22.066848398415747,4.473837589532504e-05
2022-08-29,4030.610107421875,3396510000,-0.006688675197326077,4.473837589532504e-05,0.00028567660686393476,0.000154396411590117,21.946014271092988,0.00012297515813560522
2022-08-30,3986.159912109375,3835860000,-0.011089416492115589,0.00012297515813560522,0.0003092677865543556,0.00015093940343681455,22.067659497211928,6.158699498372169e-05
2022-08-31,3955.0,4542490000,-0.007847738208154098,6.158699498372169e-05,0.00031988933377903925,0.00015337552312740126,22.23674115702139,8.95058162827142e-06
2022-09-01,3966.85009765625,4152250000,0.002991752267195835,8.95058162827142e-06,0.00028251728668793444,0.00015175122871402145,22.146916193184214,0.00011652236520212491
2022-09-02,3924.260009765625,3665850000,-0.010794552570724036,0.00011652236520212491,7.095469516900884e-05,0.00014610263399165494,22.02232606926933,1.6838422469431637e-05
2022-09-06,3908.18994140625,4127340000,-0.004103464690896175,1.6838422469431637e-05,6.537470448383016e-05,0.00014684052920483842,22.140898968864263,0.0003303251240381946
2022-09-07,3979.8701171875,3890320000,0.018174848666170362,0.0003303251240381946,0.00010684469766434803,0.00016173497331601445,22.081757253661262,4.341448455155242e-05
2022-09-08,4006.179931640625,3966850000,0.006588966880441305,4.341448455155242e-05,0.00010321019557791417,0.0001636386576458605,22.10123816606723,0.00022970479011072246
2022-09-09,4067.360107421875,3901940000,0.015156014981211996,0.00022970479011072246,0.00014736103727440436,0.00017325576692459472,22.08473970255551,0.00011085250207145956
2022-09-12,4110.41015625,3814200000,0.010528651483996398,0.00011085250207145956,0.00014622706464827132,0.00015812064585530043,22.06199678139687,0.001953566012727058
2022-09-13,3932.68994140625,4224550000,-0.044199163031974464,0.001953566012727058,0.0005335725826997966,0.0002468964625773066,22.16417858344405,1.1433115834719067e-05
2022-09-14,3946.010009765625,4293240000,0.003381289078845384,1.1433115834719067e-05,0.0004697941810591015,0.00023400942744742742,22.180307529820702,0.00012955611970985267
2022-09-15,3901.35009765625,4441830000,-0.011382272168150465,0.00012955611970985267,0.0004870225080907616,0.00023918493559053802,22.214332290862348,5.1955981568435825e-05
2022-09-16,3873.330078125,7954650000,-0.007208049775663028,5.1955981568435825e-05,0.00045147274638230423,0.00024138695353648486,22.797022500408097,4.6699424592638156e-05
2022-09-19,3899.889892578125,3766850000,0.00683369772470499,4.6699424592638156e-05,0.00043864213088654,0.00024111113807204242,22.04950494564397,0.00012850749732133478
2022-09-20,3855.929931640625,4058050000,-0.011336114736598901,0.00012850749732133478,7.363042780539533e-05,0.00024671878604685504,22.123968399861113,0.0002980689717276801
2022-09-21,3789.929931640625,4078330000,-0.017264674098507626,0.0002980689717276801,0.00013095759898398753,0.00025260453908787316,22.128953428090462,7.162734246060204e-05
2022-09-22,3757.989990234375,4284600000,-0.008463293830454077,7.162734246060204e-05,0.00011937184353413742,0.00023458945106604923,22.178293035980786,0.00030216273595431135
2022-09-23,3693.22998046875,5144270000,-0.017382828767329883,0.00030216273595431135,0.0001694131944113125,0.0002480959727147224,22.36114931103458,0.00010804273831740337
2022-09-26,3655.0400390625,4886140000,-0.010394360890281007,0.00010804273831740337,0.00018168185715626556,0.00025262158541731783,22.30966846287125,4.505477265540833e-06
2022-09-27,3647.2900390625,4577740000,-0.0021226109548244665,4.505477265540833e-06,0.00015688145314510677,0.00024392588815285175,22.244471263722886,0.00037951497860687523
2022-09-28,3719.0400390625,4684850000,0.0194811441811531,0.00037951497860687523,0.0001731706545209458,0.0002077976906896755,22.267599735261918,0.000455941846757332
2022-09-29,3640.469970703125,4681810000,-0.021352794823098264,0.000455941846757332,0.00025003355538029176,0.0002264887575470394,22.26695062445698,0.00023047343476958673
2022-09-30,3585.6201171875,5645360000,-0.015181351546209143,0.00023047343476958673,0.00023569569514334687,0.00023137504284858403,22.45409980594241,0.0006530364327842807
2022-10-03,3678.429931640625,4806680000,0.02555457753092938,0.0006530364327842807,0.00034469443403672235,0.00025825910820315493,22.293272454264404,0.0009075361954787995
2022-10-04,3790.929931640625,5146580000,0.030125341416800566,0.0009075361954787995,0.000525300577679374,0.00029910390883272435,22.361598253549214,4.080349738265902e-06
2022-10-05,3783.280029296875,4293180000,-0.0020199875589383964,4.080349738265902e-06,0.0004502136519056522,0.0002939929081298217,22.18029355426395,0.00010604721628903126
2022-10-06,3744.52001953125,4252100000,-0.010297922911394863,0.00010604721628903126,0.000380234725811992,0.00029804785330343986,22.170678815729048,0.0008067415732057729
2022-10-07,3639.659912109375,4449660000,-0.02840319653147816,0.0008067415732057729,0.0004954883534992293,0.00031970314644742066,22.216093525935943,5.6560524383253536e-05
2022-10-10,3612.389892578125,3834320000,-0.007520673133653233,5.6560524383253536e-05,0.0003761931718190239,0.000320300693712498,22.067257942093196,4.277838110194858e-05
2022-10-11,3588.840087890625,4759030000,-0.006540518412323948,4.277838110194858e-05,0.00020324160894365367,0.00031180403875755375,22.283309703120988,1.0864932133751011e-05
2022-10-12,3577.030029296875,4006830000,-0.0032961996501654767,1.0864932133751011e-05,0.00020459852542275067,0.0003072591492149306,22.111266242195065,0.0006571152502508935
2022-10-13,3669.909912109375,5021680000,0.025634259307631524,0.0006571152502508935,0.0003148121322151231,0.0002483295691023777,22.337030376217147,0.0005734645919530397
2022-10-14,3583.070068359375,4243030000,-0.02394712074452876,0.0005734645919530397,0.00026815673596457647,0.00027387645438048315,22.16854347384629,0.0006830656438989186
2022-10-17,3677.949951171875,4352780000,0.02613552455756185,0.0006830656438989186,0.0003934577598677095,0.0002990359782072589,22.19408055861156,0.00012911250132799552
2022-10-18,3719.97998046875,4483740000,0.01136276820708737,0.00012911250132799552,0.0004107245839129189,0.0003025430927417843,22.22372335675531,4.48157309561524e-05
2022-10-19,3695.159912109375,4223800000,-0.006694455239685482,4.48157309561524e-05,0.0004175147436773992,0.00030245747030376225,22.1640010339813,6.372328756926362e-05
2022-10-20,3665.780029296875,4496620000,-0.007982686738765565,6.372328756926362e-05,0.00029883635114107316,0.00029951273349684994,22.226591840608684,0.0005497974424732105
2022-10-21,3752.75,5078020000,0.023447759860447448,0.0005497974424732105,0.00029410292124510735,0.00031095493671255583,22.348187258976555,0.00013952193140913616
2022-10-24,3797.340087890625,4747930000,0.011811940205111782,0.00013952193140913616,0.00018539417874715086,0.00031404105439203464,22.280974570746064,0.0002603630740051629
2022-10-25,3859.110107421875,4843120000,0.01613577001587352,0.0002603630740051629,0.00021164429328258434,0.0003121410697579825,22.300824978297157,5.498430713670962e-05
2022-10-26,3830.60009765625,4817310000,-0.007415140398988385,5.498430713670962e-05,0.0002136780085186958,0.0003097293228861328,22.29548151813929,3.722445905320153e-05
2022-10-27,3807.300048828125,4687320000,-0.006101185053184466,3.722445905320153e-05,0.00020837824281548338,0.0003112165493310264,22.268126827718984,0.0005918533731240913
2022-10-28,3901.06005859375,4459410000,0.024328036770855377,0.0005918533731240913,0.0002167894289456595,0.00032086829453635443,22.218282307456416,5.5985217788905386e-05
2022-10-31,3871.97998046875,4820620000,-0.007482327030336577,5.5985217788905386e-05,0.0002000820862216134,0.00030268844776506235,22.296168387649537,1.6889335894429797e-05
2022-11-01,3856.10009765625,4481210000,-0.00410966372035837,1.6889335894429797e-05,0.00015138733859946678,0.00029298007963437335,22.223158936414627,0.0006410944868905613
2022-11-02,3759.68994140625,4899000000,-0.025319843737483083,0.0006410944868905613,0.0002686093745502371,0.0002924372639119316,22.312296939806973,0.00011326115734870172
2022-11-03,3719.889892578125,4625290000,-0.010642422531956797,0.00011326115734870172,0.0002838167142093371,0.00025633385308783624,22.254804908863974,0.00018297494819884895
2022-11-04,3770.550048828125,5400180000,0.013526823285562983,0.00018297494819884895,0.00020204102922428865,0.00026446542574513546,22.409698123479608,9.154780430003892e-05
2022-11-07,3806.800048828125,4341620000,0.009568061679360085,9.154780430003892e-05,0.0002091535465265154,0.0002638063615638176,22.191513387529834,3.116188158026812e-05
2022-11-08,3828.110107421875,4607640000,0.0055822828287599435,3.116188158026812e-05,0.00021200805566368302,0.00022855273921720378,22.250981632505116,0.00044086496825477937
2022-11-09,3748.570068359375,4645010000,-0.020996784712302485,0.00044086496825477937,0.00017196215193652662,0.0002460211230295459,22.25905936227771,0.002910873946560151
2022-11-10,3956.3701171875,5781260000,0.05395251566479686,0.002910873946560151,0.0007314847097788165,0.0003763891032776459,22.477887489126214,8.460894925608473e-05
2022-11-11,3992.929931640625,5593310000,0.009198312304770084,8.460894925608473e-05,0.0007118115099902636,0.0003797411040559338,22.444837077854547,8.056750866590112e-05
2022-11-14,3957.25,4561930000,-0.008975940544917904,8.056750866590112e-05,0.000709615450863436,0.00035353438852934327,22.241011616762787,7.526215593618707e-05
2022-11-15,3991.72998046875,5015310000,0.008675376414668534,7.526215593618707e-05,0.0007184355057346199,0.00033088882325585,22.33576107120559,6.866248781012023e-05
2022-11-16,3958.7900390625,4165320000,-0.008286283111873516,6.866248781012023e-05,0.0006439950096456881,0.0003029614070699956,22.15005894058626,9.573483549446274e-06
2022-11-17,3946.56005859375,4051780000,-0.0030941046442301,9.573483549446274e-06,6.373491704354711e-05,0.00029752781535278877,22.122422127929955,2.2536815971024217e-05
2022-11-18,3965.340087890625,4037360000,0.004747295648158456,2.2536815971024217e-05,5.1320490386535005e-05,0.0002965151373989193,22.118856850219082,1.5141825008147127e-05
2022-11-21,3949.93994140625,3850690000,-0.0038912498002758866,1.5141825008147127e-05,3.8235353654984206e-05,0.00029430688910068667,22.071518190226893,0.00018194249910248687
2022-11-22,4003.580078125,3887990000,0.013488606269829617,0.00018194249910248687,5.957142228824417e-05,0.0002775862098565629,22.081158151782038,3.477774676702587e-05
2022-11-23,4027.260009765625,3279720000,0.005897266041737126,3.477774676702587e-05,5.279447407962529e-05,0.0002728251105546488,21.91102389014984,8.013669950652875e-08
2022-11-25,4026.1201171875,1706460000,-0.0002830842622021379,8.013669950652875e-08,5.0895804709637345e-05,0.00026099406794984623,21.257686886833287,0.0002422597862911919
2022-11-28,3963.93994140625,3615430000,-0.015564696794065469,0.0002422597862911919,9.484039877367088e-05,0.00026950658972959543,22.008476634584223,2.5380749912493215e-06
2022-11-29,3957.6298828125,3546040000,-0.001593133701623728,2.5380749912493215e-06,9.231964877029131e-05,0.0002679299359085976,21.989097325132658,0.0009289477108982001
2022-11-30,4080.110107421875,6579360000,0.030478643521295368,0.0009289477108982001,0.00024172069112943394,0.00028325240580742077,22.607203313267444,7.534410642928263e-07
2022-12-01,4076.570068359375,4527130000,-0.000868009829606109,7.534410642928263e-07,0.00023491582998888733,0.00028074187050175655,22.233354021798164,1.428920586764818e-06
2022-12-02,4071.699951171875,4012620000,-0.0011953746637622942,1.428920586764818e-06,0.00023518558676633897,0.0002800391243514081,22.11271023174662,0.0003260281507359592
2022-12-05,3998.840087890625,4280820000,-0.01805624963097152,0.0003260281507359592,0.00025193925965529245,0.00026571792725347165,22.177410417207977,0.0002103622282390406
2022-12-06,3941.260009765625,4368380000,-0.014503869422986426,0.0002103622282390406,0.0002935040903048507,0.0002701316122939416,22.197658068170966,3.4748958521131934e-06
2022-12-07,3933.919921875,4118050000,-0.0018641072533824854,3.4748958521131934e-06,0.00010840952729563336,0.0002619725190054536,22.138645587537546,5.615455672968302e-05
2022-12-08,3963.510009765625,4006900000,0.007493634413933137,5.615455672968302e-05,0.0001194897504287114,0.0002603637350249829,22.111283712212146,5.441599005367812e-05
2022-12-09,3934.3798828125,3888260000,-0.00737671946421159,5.441599005367812e-05,0.00013008716432209405,0.00026142073995559246,22.081227593993912,0.0002010243978833077
2022-12-12,3990.56005859375,3904130000,0.014178307299649973,0.0002010243978833077,0.00010508641375156375,0.00025051889584779826,22.08530080437932,5.2754412058608585e-05
2022-12-13,4019.64990234375,5079360000,0.007263223255456808,5.2754412058608585e-05,7.356485051547734e-05,0.00012060437155227361,22.348451106545024,3.685845706022152e-05
2022-12-14,3995.320068359375,4472340000,-0.0060711166238363035,3.685845706022152e-05,8.024156275709901e-05,0.00011843389463427983,22.221177598755318,0.0006369302908451254
2022-12-15,3895.75,4493900000,-0.0252374779018254,0.0006369302908451254,0.00019639670958018746,0.00014372311200606274,22.225986758793084,0.00012544537484824396
2022-12-16,3852.360107421875,7493660000,-0.011200239946012047,0.00012544537484824396,0.00021060258653910063,0.00014600416741115623,22.737323166793082,8.18722566264136e-05
2022-12-19,3817.659912109375,3969610000,-0.009048328941103634,8.18722566264136e-05,0.00018677215828772183,0.00014660461144826048,22.101933690296057,1.0749556871438677e-06
2022-12-20,3821.6201171875,3985370000,0.0010368006978893618,1.0749556871438677e-06,0.00017643626701342887,0.00014621831472724672,22.10589599331006,0.00021781475881688198
2022-12-21,3878.43994140625,3775200000,0.014758548669055571,0.00021781475881688198,0.00021262752736476097,0.00015509458485660392,22.05171919864134,0.0002119103977113443
2022-12-22,3822.389892578125,3956950000,-0.014557142498146547,0.0002119103977113443,0.00012762354873800476,0.0001640386108885674,22.098739363687358,3.4233642488230027e-05
2022-12-23,3844.820068359375,2819280000,0.005850952271915233,3.4233642488230027e-05,0.00010938120226600196,0.00015732457195155575,21.759747370502716,1.6466098209614274e-05
2022-12-27,3829.25,3030300000,-0.0040578440346585865,1.6466098209614274e-05,9.629997058264211e-05,0.0001564922242898552,21.831927461797523,0.00014625202735447452
2022-12-28,3783.219970703125,3083520000,-0.012093470442948728,0.00014625202735447452,0.00012533538491610823,0.00016313640113780833,21.849337638834974,0.0002996580603874332
2022-12-29,3849.280029296875,3003680000,0.017310634314993578,0.0002996580603874332,0.00014170404523021848,0.00016574541359672836,21.82310404087325,6.471812088004618e-06
2022-12-30,3839.5,2979870000,-0.002543975646110752,6.471812088004618e-06,0.00010061632810555056,0.00016592421982839907,21.815145512686673,1.6068653337625038e-05
2023-01-03,3824.139892578125,3959140000,-0.004008572481273731,1.6068653337625038e-05,9.698333027542955e-05,0.0001244297172120093,22.099292667163017,5.641053280574831e-05
2023-01-04,3852.969970703125,4414080000,0.007510694562139264,5.641053280574831e-05,0.00010497221719465634,0.0001269595850184391,22.208065268993693,0.00013721473014604766
2023-01-05,3808.10009765625,3893450000,-0.011713869136457333,0.00013721473014604766,0.000103164757752971,0.00013313166727113376,22.082561491239684,0.0005100296299124178
2023-01-06,3895.080078125,3923560000,0.022583835589031764,0.0005100296299124178,0.0001452390716579679,0.00014149537087006366,22.0902652421382,5.897123780048167e-07
2023-01-09,3892.090087890625,4311770000,-0.0007679273259917352,5.897123780048167e-07,0.00014406265171596795,0.00013196025651274388,22.184614329844802,4.8358087775030645e-05
2023-01-10,3919.25,3851030000,0.006953997970594372,4.8358087775030645e-05,0.00015052053860344907,0.00013400040160014922,22.071606482192877,0.0001630108741502869
2023-01-11,3969.610107421875,4303360000,0.012767571192293659,0.0001630108741502869,0.00017184060687235682,0.00013885750693744942,22.182661950096737,1.162867910733937e-05
2023-01-12,3983.169921875,4440260000,0.0034100849120424215,1.162867910733937e-05,0.00014672339666461513,0.00013691262916716126,22.21397877045983,1.5911260541702132e-05
2023-01-13,3999.090087890625,3939700000,0.003988892144656475,1.5911260541702132e-05,4.7899722790472016e-05,0.00012849839565163374,22.09437041547914,4.13128158007543e-06
2023-01-17,3990.969970703125,4235560000,-0.0020325554309970073,4.13128158007543e-06,4.860803663088614e-05,0.00012628825335715495,22.166781387949683,0.0002460181890929308
2023-01-18,3928.860107421875,4298710000,-0.015684966977744352,0.0002460181890929308,8.814005689446617e-05,0.0001357955139040963,22.181580814869555,5.879319239383812e-05
2023-01-19,3898.85009765625,3991500000,-0.0076676719018120565,5.879319239383812e-05,6.729652054317642e-05,0.00010951655488358325,22.10743293730066,0.0003512503275429309
2023-01-20,3972.610107421875,4013360000,0.01874167355235201,0.0003512503275429309,0.00013522085023029472,0.00011978041636970536,22.112894632904343,0.00013950718450211636
2023-01-23,4019.81005859375,3945210000,0.011811315951328893,0.00013950718450211636,0.00015994003502237757,0.00012240018581860095,22.095768022020113,5.06597122111421e-07
2023-01-24,4016.949951171875,3320430000,-0.0007117563642928815,5.06597122111421e-07,0.0001592150981307848,0.00012237435133837223,21.92336012986152,3.3029999525638784e-08
2023-01-25,4016.219970703125,3724020000,-0.0001817415734652883,3.3029999525638784e-08,0.00011001806631210373,0.00011247518184667418,22.038069567184618,0.00011985231109073298
2023-01-26,4060.429931640625,3809590000,0.010947708029114267,0.00011985231109073298,0.00012222989005148272,0.00010829072336391915,22.060787409008423,6.208738434921039e-06
2023-01-27,4070.56005859375,3907760000,0.0024917340217047723,6.208738434921039e-06,5.322157222988074e-05,0.00010701686408876872,22.08623015700982,0.0001703956718691561
2023-01-30,4017.77001953125,3802000000,-0.01305356931529289,0.0001703956718691561,5.939926970328869e-05,0.00011401366289147517,22.058793081275667,0.00021130414608679798
2023-01-31,4076.60009765625,4679320000,0.014536304416418844,0.00021130414608679798,0.000101558779496226,0.00011697057737930805,22.26641863738743,0.00010811957475320492
2023-02-01,4119.2099609375,4856930000,0.010398056296885727,0.00010811957475320492,0.00012317608844696185,0.00010826428257775222,22.30367238822346,0.00021293768909802792
2023-02-02,4179.759765625,5624360000,0.014592384626853416,0.00021293768909802792,0.00014179316404842085,0.00011764909516911692,22.450373000963733,0.00010833880068894344
2023-02-03,4136.47998046875,4694510000,-0.010408592637284997,0.00010833880068894344,0.00016221917649922532,0.00012184319277599503,22.269659578025927,3.793812451755288e-05
2023-02-06,4111.080078125,4114240000,-0.006159393193939877,3.793812451755288e-05,0.0001357276670289047,0.00012100353785380433,22.137719964103216,0.00016359341220917187
2023-02-07,4164.0,4355860000,0.012790364037398305,0.00016359341220917187,0.00012618552025337945,0.00012220256885667362,22.19478790215262,0.00012415693333693605
2023-02-08,4117.85986328125,4029820000,-0.011142573012412171,0.00012415693333693605,0.00012939299197012568,0.00010466290083051533,22.116987547143236,7.865933538304868e-05
2023-02-09,4081.5,4270200000,-0.008869009831038,7.865933538304868e-05,0.00010253732122712984,0.00010821152005801733,22.174926501731736,4.808616161450514e-06
2023-02-10,4090.4599609375,3891520000,0.0021928557092181222,4.808616161450514e-06,8.183128432163124e-05,0.00010623199862103643,22.08206566401388,0.0001295856648328409
2023-02-13,4137.2900390625,3448620000,0.011383569951155081,0.0001295856648328409,0.00010016079238468886,0.00010471267092478888,21.96123998825831,7.865436506127541e-08
2023-02-14,4136.1298828125,3929200000,-0.00028045385549368973,7.865436506127541e-08,6.745784081586672e-05,0.0001041876698001399,22.091701680019494,7.669230372103217e-06
2023-02-15,4147.60009765625,4075980000,0.002769337533075955,7.669230372103217e-06,4.416030022290017e-05,0.00010381303206515811,22.128377045768847,0.00019278459431613145
2023-02-16,4090.409912109375,4143660000,-0.013884689204880729,0.00019278459431613145,6.698535200951672e-05,0.00011238818264406974,22.144845292446895,7.67978317744088e-06
2023-02-17,4079.090087890625,4045480000,-0.002771242172283195,7.67978317744088e-06,6.75595854127148e-05,0.00010155461873882021,22.12086604568246,0.0004098512781325066
2023-02-21,3997.340087890625,4121590000,-0.02024478397347096,0.0004098512781325066,0.00012361270807264793,0.00011751180445421423,22.1395048484317,2.4799808216025832e-06
2023-02-22,3991.050048828125,4079320000,-0.001574795485643321,2.4799808216025832e-06,0.00012409297336395619,0.00010165860687597204,22.12919614505052,2.8252183015647647e-05
2023-02-23,4012.320068359375,3952940000,0.005315278263237744,2.8252183015647647e-05,0.00012820956389266507,9.660156135385982e-05,22.097725443053182,0.00011222149265043775
2023-02-24,3970.0400390625,3877700000,-0.010593464619775617,0.00011222149265043775,0.00011209694355952635,0.00010167951115060192,22.078508031568717,9.414419108273104e-06
2023-02-27,3982.239990234375,3836950000,0.0030682925395524308,9.414419108273104e-06,0.00011244387074569279,0.00010210593792827227,22.067943617373132,9.245368956353227e-06
2023-02-28,3970.14990234375,5043400000,-0.0030406198309478327,9.245368956353227e-06,3.232268891046211e-05,9.707834964943681e-05,22.341346294960132,2.2434093150968962e-05
2023-03-01,3951.389892578125,4249480000,-0.0047364642034928295,2.2434093150968962e-05,3.631351137633539e-05,9.781586577289353e-05,22.170062459691152,5.7056778255982226e-05
2023-03-02,3981.35009765625,4244900000,0.007553593731197239,5.7056778255982226e-05,4.207443042440231e-05,9.266409788138563e-05,22.168984099541795,0.00025660032517908706
2023-03-03,4045.639892578125,4084730000,0.016018749176483382,0.00025660032517908706,7.095019693013217e-05,9.472301511285332e-05,22.130521467847554,4.718738949283607e-07
2023-03-06,4048.419921875,4000870000,0.0006869307788477386,4.718738949283607e-07,6.916168788746322e-05,8.982993780111348e-05,22.109777674666553,0.00023856626525311267
2023-03-07,3986.3701171875,3922500000,-0.015445590479263416,0.00023856626525311267,0.00011502586714681509,9.099487308089006e-05,22.089995042826402,1.9988138578652687e-06
2023-03-08,3992.010009765625,3535570000,0.0014137941356029415,1.9988138578652687e-06,0.00011093881128819438,8.616123731584105e-05,21.986140368275155,0.0003471461305005814
2023-03-09,3918.320068359375,4445260000,-0.018631857945480945,0.0003471461305005814,0.00016895668173711422,0.000100216146678706,22.21510419711502,0.00021269216451214908
2023-03-10,3861.590087890625,5518190000,-0.014583969436067434,0.00021269216451214908,0.00016017504960372662,0.00010244790814702315,22.431315745095425,2.282824372347454e-06
2023-03-13,3855.760009765625,6558020000,-0.0015109018407386543,2.282824372347454e-06,0.00016053723969921044,9.690817592136001e-05,22.60395456522698,0.0002670736532353543
2023-03-14,3919.2900390625,5665870000,0.016342388235363714,0.0002670736532353543,0.00016623871729565877,0.00010547246309646482,22.457726294392266,4.9075123782689794e-05
2023-03-15,3891.929931640625,6594010000,-0.007005363929353692,4.9075123782689794e-05,0.00017565397928062367,0.00010748457707924842,22.60942749827663,0.0003030933451708378
2023-03-16,3960.280029296875,5695790000,0.01740957624903139,0.0003030933451708378,0.00016684342221467494,0.00011537128982188463,22.462993142574486,0.00012278016781677823
2023-03-17,3916.639892578125,9354280000,-0.011080621273952929,0.00012278016781677823,0.0001488610228756008,0.00012094863134241725,22.9590998296272,7.883432601203862e-05
2023-03-20,3951.570068359375,5347140000,0.0088788696359412,7.883432601203862e-05,0.000164171323203539,0.00012418340841695974,22.39982767566356,0.00016637510780799568
2023-03-21,4002.8701171875,4920240000,0.012898647518557738,0.00016637510780799568,0.00014403161411806728,0.0001229829772120445,22.316623146951944,0.00027556825490456134
2023-03-22,3936.969970703125,4533010000,-0.016600248639841553,0.00027556825490456134,0.0001893302403424416,0.0001351597259269136,22.234652015167857,8.880899867362887e-06
2023-03-23,3948.719970703125,4991600000,0.0029800838691826925,8.880899867362887e-06,0.0001304877512817466,0.00011693379964213434,22.33102233679831,3.1628960773591886e-05
2023-03-24,3970.989990234375,4583970000,0.005623963084302019,3.1628960773591886e-05,0.00011225750987310934,0.00011825875327631566,22.245831272052968,2.7079979242715205e-06
2023-03-27,3977.530029296875,4233540000,0.0016455995637674192,2.7079979242715205e-06,9.703224425555591e-05,0.0001170976539539804,22.16630435968509,2.4808873653607696e-06
2023-03-28,3971.27001953125,4014600000,-0.0015750832883885124,2.4808873653607696e-06,6.425340016702893e-05,0.00011210944462284053,22.113203553230193,0.00019985111531038724
2023-03-29,4027.81005859375,4145250000,0.014136870775047328,0.00019985111531038724,4.910997224819411e-05,0.00012076565808657299,22.145228937586996,3.2478591875706876e-05
2023-03-30,4050.830078125,3930860000,0.0056989991994829126,3.2478591875706876e-05,5.3829510649862906e-05,0.00012182171367381634,22.09212406865883,0.00020544428530730726
2023-03-31,4109.31005859375,4525120000,0.014333327782036775,0.00020544428530730726,8.859257555660599e-05,0.0001301403587718317,22.232909933304676,1.363103062639553e-05
2023-04-03,4124.509765625,4234700000,0.0036920225658025885,1.363103062639553e-05,9.077718209703079e-05,0.00012816646115230504,22.166578324524767,3.3800732582426994e-05
2023-04-04,4100.60009765625,4227800000,-0.0058138397451621415,3.3800732582426994e-05,9.704115114044403e-05,0.00011803920694336595,22.16494760038239,6.227428701027324e-06
2023-04-05,4090.3798828125,3968020000,-0.0024954816571209903,6.227428701027324e-06,5.831641381857205e-05,0.0001183008230709159,22.10153306693093,1.2764707858474346e-05
2023-04-06,4105.02001953125,3486690000,0.0035727731328023538,1.2764707858474346e-05,5.437363701512554e-05,0.00010803711591661418,21.972218699340104,9.916316151249564e-07
2023-04-10,4109.10986328125,3423650000,0.000995807017009298,9.916316151249564e-07,1.3483106276689083e-05,0.00010799133490558053,21.953973070667043,1.7100981487153347e-09
2023-04-11,4108.93994140625,3665830000,-4.135333298194155e-05,1.7100981487153347e-09,1.0757242171039719e-05,9.22120430691063e-05,22.022320613493847,1.7168230304434678e-05
2023-04-12,4091.949951171875,3633120000,-0.004143456323461692,1.7168230304434678e-05,7.430741715441256e-06,8.332459151421019e-05,22.013357620468486,0.00017359407687845635
2023-04-13,4146.22021484375,3596590000,0.013175510497831056,0.00017359407687845635,4.090407135092706e-05,9.111146662812423e-05,22.00325201156583,4.291185103218714e-06
2023-04-14,4137.64013671875,3575690000,-0.002071517584578686,4.291185103218714e-06,3.920936679987593e-05,7.916680898575444e-05,21.997424001741603,1.0894644140291344e-05
2023-04-17,4151.31982421875,3611180000,0.003300703582615583,1.0894644140291344e-05,4.118996930490921e-05,7.743133263837268e-05,22.007300425963916,7.307767350083786e-07
2023-04-18,4154.8701171875,3536640000,0.0008548548034656989,7.307767350083786e-07,4.133578263228114e-05,6.368757952765316e-05,21.98644296110197,7.10068256967504e-09
2023-04-19,4154.52001953125,3572560000,-8.426554794027652e-05,7.10068256967504e-09,3.7903556707908145e-05,5.810698556700732e-05,21.996548262868686,3.5644902260778236e-05
2023-04-20,4129.7900390625,3772080000,-0.005970335188310472,3.5644902260778236e-05,1.0313721784372523e-05,5.614382994195003e-05,22.050892410665565,8.150139985332321e-07
2023-04-21,4133.52001953125,3611750000,0.0009027812573005889,8.150139985332321e-07,9.618487563435426e-06,4.861837113242901e-05,22.00745825665064,7.245700036127863e-07
2023-04-24,4137.0400390625,3290940000,0.000851216778272601,7.245700036127863e-07,7.584472736099715e-06,3.612547636420408e-05,21.914439075504717,0.0002539938280671234
2023-04-25,4071.6298828125,3978640000,-0.01593718381857734,0.0002539938280671234,5.823708300252272e-05,4.726697310055683e-05,22.10420588955572,1.4811594982217941e-05
2023-04-26,4055.989990234375,3837030000,-0.003848583503344827,1.4811594982217941e-05,6.119798186245238e-05,4.650254738276711e-05,22.067964467049567,0.00037547562416552206
2023-04-27,4135.35009765625,3750550000,0.019377193402696946,0.00037547562416552206,0.00012916412624340112,6.344653039373305e-05,22.045168333107522,6.755740723687214e-05
2023-04-28,4169.47998046875,4087800000,0.008219331313243927,6.755740723687214e-05,0.00014251260489106895,6.640455402425628e-05,22.131272765216583,1.4913580222842302e-07
2023-05-01,4167.8701171875,3321370000,-0.0003861810485101813,1.4913580222842302e-07,0.00014239751805079204,5.732719131933998e-05,21.923643185661454,0.00013581354091950868
2023-05-02,4119.580078125,4486130000,-0.0116539066805732,0.00013581354091950868,0.0001187614606212691,6.20242344576946e-05,22.224256251893372,4.932123754747671e-05
2023-05-03,4090.75,4246510000,-0.007022908054892696,4.932123754747671e-05,0.00012566338913432088,5.492773228679321e-05,22.169363306297544,5.2488770971348974e-05
2023-05-04,4061.219970703125,4920090000,-0.007244913455062729,5.2488770971348974e-05,6.106601849548623e-05,5.669399321156382e-05,22.316592660169494,0.0003351157276010648
2023-05-05,4136.25,4186270000,0.018306166381879763,0.0003351157276010648,0.00011457768256832478,7.039012934877462e-05,22.15507595984569,2.0432794303554574e-07
2023-05-08,4138.1201171875,3641640000,0.00045202648488285035,2.0432794303554574e-07,0.00011458872099648618,7.011635204159319e-05,22.015699966853283,2.1067539556098134e-05
2023-05-09,4119.169921875,3810140000,-0.004589938949060013,2.1067539556098134e-05,9.163952072380408e-05,7.049375348239427e-05,22.060931771079208,2.0016159183980456e-05
2023-05-10,4137.64013671875,4057160000,0.004473942241913775,2.0016159183980456e-05,8.577850505110482e-05,7.135850473552408e-05,22.12374905864792,2.88342436965009e-06
2023-05-11,4130.6201171875,3752900000,-0.001698064889705364,2.88342436965009e-06,7.585743573076506e-05,7.148949174786504e-05,22.045794711660374,2.5108354307260967e-06
2023-05-12,4124.080078125,3533740000,-0.001584561589439204,2.5108354307260967e-06,9.336457296697317e-06,7.082324652633282e-05,21.985622637396087,8.724920736241529e-06
2023-05-15,4136.27978515625,3562170000,0.002953797680316228,8.724920736241529e-06,1.1040575855338512e-05,6.332919397441398e-05,21.99363574695239,4.093578190941184e-05
2023-05-16,4109.89990234375,3654200000,-0.006398107681917509,4.093578190941184e-05,1.5014224326001253e-05,6.499485746560456e-05,22.019143028215495,0.0001397286794999713
2023-05-17,4158.77001953125,4039080000,0.011820688622071529,0.0001397286794999713,3.8956728389199424e-05,7.085094998195366e-05,22.119282780462004,8.83735941208965e-05
2023-05-18,4198.0498046875,3980500000,0.009400723063727412,8.83735941208965e-05,5.6054762339448704e-05,7.483471440858494e-05,22.104673276744133,2.0935597780918334e-06
2023-05-19,4191.97998046875,4041900000,-0.0014469138806756376,2.0935597780918334e-06,5.5971307208921845e-05,7.492955345838139e-05,22.119980715641596,2.4032031253113005e-08
2023-05-22,4192.6298828125,3728520000,0.0001550226798023857,2.4032031253113005e-08,5.423112946792417e-05,7.331042299340299e-05,22.039277209289374,0.00012736180531990762
2023-05-23,4145.580078125,4155320000,-0.011285468768283735,0.00012736180531990762,7.151633415002332e-05,7.906254987164728e-05,22.147655278172728,5.3956556507153676e-05
2023-05-24,4115.240234375,0,-0.0073455126783059654,5.3956556507153676e-05,5.43619095514598e-05,8.148218562180822e-05,0.0,7.602891431381991e-05
2023-05-25,4151.27978515625,4147760000,0.008719456079012033,7.602891431381991e-05,5.189297359004448e-05,7.339287136029443e-05,22.14583426667162,0.00016808295165923398
2023-05-26,4205.4501953125,3715460000,0.01296468093164016,0.00016808295165923398,8.509085196627291e-05,8.03597512092497e-05,22.03576833006178,2.7566394790798385e-10
2023-05-30,4205.52001953125,4228510000,1.6603130665870935e-05,2.7566394790798385e-10,8.508610069281187e-05,6.329268991372359e-05,22.165115522325056,3.754451834216663e-05
2023-05-31,4179.830078125,5980670000,-0.006127358186214238,3.754451834216663e-05,6.712264329726367e-05,6.1928467691237e-05,22.51179843893391,9.616185431003488e-05
2023-06-01,4221.02001953125,4391860000,0.00980621508585422,9.616185431003488e-05,7.556370285783992e-05,6.629268216886455e-05,22.203018664734845,0.00020821948561368516
2023-06-02,4282.3701171875,4454200000,0.014429812390106989,0.00020821948561368516,0.00010200181711781298,6.95838614731453e-05,22.21711330845553,4.02239722739906e-06
2023-06-05,4273.7900390625,3813290000,-0.002005591490657821,4.02239722739906e-06,6.918970623144598e-05,6.752482327677814e-05,22.061758170791265,5.527813376529437e-06
2023-06-06,4283.85009765625,3996560000,0.0023511302338512508,5.527813376529437e-06,7.02952137739623e-05,6.539023429519542e-05,22.10869982830436,1.4587006096396314e-05
2023-06-07,4267.52001953125,4537800000,-0.003819293926420997,1.4587006096396314e-05,6.570371132480822e-05,5.082074695407414e-05,22.235708150274682,3.8063613820364415e-05
2023-06-08,4293.93017578125,3826740000,0.006169571607523849,3.8063613820364415e-05,5.408406322687413e-05,5.254162358486181e-05,22.065279103010486,1.316529107697967e-06
2023-06-09,4298.85986328125,3786510000,0.0011474010230507758,1.316529107697967e-06,1.270347192567669e-05,5.164385038266181e-05,22.054710587740068,8.608081976206921e-05
2023-06-12,4338.93017578125,3945670000,0.009277974981754866,8.608081976206921e-05,2.911515643261072e-05,5.464678949984765e-05,22.095884612311796,4.772834947487917e-05
2023-06-13,4369.009765625,4275400000,0.006908570725908447,4.772834947487917e-05,3.7555263652280674e-05,5.668519518644898e-05,22.176143502443352,6.709083955434074e-07
2023-06-14,4372.58984375,4252110000,0.000819089980126364,6.709083955434074e-07,3.477204411211009e-05,5.660156213939523e-05,22.170681167505403,0.000146520868925799
2023-06-15,4425.83984375,4176690000,0.012104580493589978,0.000146520868925799,5.646349513319701e-05,6.286501432982964e-05,22.152784904002278,1.3530453438511176e-05
2023-06-16,4409.58984375,6848600000,-0.0036783764677519315,1.3530453438511176e-05,5.890627999935966e-05,6.161931758115236e-05,22.647310088916168,2.252787472925659e-05
2023-06-20,4388.7099609375,4055790000,-0.004746353835235695,2.252787472925659e-05,4.619569099279712e-05,5.6292008273392594e-05,22.123411326993548,2.7657989414774794e-05
2023-06-21,4365.68994140625,3709330000,-0.005259086366924848,2.7657989414774794e-05,4.218161898077624e-05,5.353220805947797e-05,22.034117104534555,1.3719100314223335e-05
2023-06-22,4381.89013671875,3511000000,0.003703930387334964,1.3719100314223335e-05,4.4791257364512235e-05,5.406064172021122e-05,21.979166734417525,5.910977323976686e-05
2023-06-23,4348.330078125,6053620000,-0.007688288056503012,5.910977323976686e-05,2.7309038227305807e-05,5.674635722968911e-05,22.523922277323535,2.0222418666319695e-05
2023-06-26,4328.81982421875,3415030000,-0.0044969343631322545,2.0222418666319695e-05,2.8647431272867515e-05,5.187638510907148e-05,21.951452114996464,0.0001297488102189304
2023-06-27,4378.41015625,3573500000,0.011390733524182295,0.0001297488102189304,5.0091618370802275e-05,5.532148755051588e-05,21.996811344904145,1.2541470640949187e-07
2023-06-28,4376.85986328125,3739330000,-0.000354139388390351,1.2541470640949187e-07,4.4585103429129215e-05,5.187132847745177e-05,22.04217228820698,1.992344031269183e-05
2023-06-29,4396.43994140625,3696660000,0.004463568114490002,1.992344031269183e-05,4.582597142882291e-05,4.513680523442712e-05,22.030695546482956,0.00014870217830956404
2023-06-30,4450.3798828125,3923450000,0.0121943502618862,0.00014870217830956404,6.374445244278234e-05,5.1895982627409674e-05,22.09023720598176,1.3688838369003608e-06
2023-07-03,4455.58984375,2034280000,0.0011699930926720725,1.3688838369003608e-06,5.997374547689849e-05,5.0251635604443024e-05,21.43340778537379,3.8819169712081896e-06
2023-07-05,4446.81982421875,3482620000,-0.0019702580976126427,3.8819169712081896e-06,3.480036682735404e-05,4.6057092998132723e-05,21.97105072131602,6.326708918987008e-05
2023-07-06,4411.58984375,3682020000,-0.007954061175894367,6.326708918987008e-05,4.7428701724046153e-05,3.946834770614113e-05,22.026727351844663,8.232382067200784e-06
2023-07-07,4398.9501953125,3630480000,-0.002869212795733489,8.232382067200784e-06,4.5090490074947946e-05,3.9659710653404844e-05,22.012630708161772,5.770269904664973e-06
2023-07-10,4409.52978515625,3429600000,0.0024021386106269915,5.770269904664973e-06,1.6504108393968134e-05,3.967073140468373e-05,21.95570947353962,4.515280910959879e-05
2023-07-11,4439.259765625,3624220000,0.0067195839982545635,4.515280910959879e-05,2.5260893448507823e-05,4.106008608710202e-05,22.010904929962273,5.452205652521507e-05
2023-07-12,4472.16015625,3920290000,0.007383905235389676,5.452205652521507e-05,3.5388921359309194e-05,4.180819711914069e-05,22.08943146785935,7.114050330229619e-05
2023-07-13,4510.0400390625,3839530000,0.008434482989626346,7.114050330229619e-05,3.6963604181794416e-05,4.498201412798606e-05,22.06861580048218,1.0504860082573426e-06
2023-07-14,4505.419921875,3647450000,-0.0010249321969073577,1.0504860082573426e-06,3.5527224970005726e-05,4.111699895735825e-05,22.01729413052223,1.480686984567072e-05
2023-07-17,4522.7900390625,3538240000,0.0038479695744211284,1.480686984567072e-05,3.7334544958206875e-05,3.96205680651215e-05,21.98689526560094,5.029741350170298e-05
2023-07-18,4554.97998046875,4090010000,0.007092066941428499,5.029741350170298e-05,3.836346583662772e-05,4.187631829721967e-05,22.131813252230405,5.5466600544480964e-06
2023-07-19,4565.72021484375,4115670000,0.002355134827233485,5.5466600544480964e-06,2.856838654247432e-05,3.546839971215826e-05,22.13806747701989,4.596605952305111e-05
2023-07-20,4534.8701171875,3761770000,-0.006779827396258042,4.596605952305111e-05,2.3533497786625305e-05,3.694274544327371e-05,22.04815542852938,1.0500322723452486e-07
2023-07-21,4536.33984375,3570190000,0.0003240420146131129,1.0500322723452486e-07,2.334440123042074e-05,3.592352401136362e-05,21.995884652890368,1.620898597831679e-05
2023-07-24,4554.64013671875,3856250000,0.004026038496874662,1.620898597831679e-05,2.3624824456949955e-05,3.5403114764251894e-05,22.072961045877292,7.900144534005218e-06
2023-07-25,4567.4599609375,3812470000,0.0028107195758391157,7.900144534005218e-06,1.5145370663410401e-05,3.513861677424198e-05,22.06154311025882,2.4165006771352956e-08
2023-07-26,4566.75,3990290000,-0.00015545097867608604,2.4165006771352956e-08,1.4040871653875053e-05,3.245290730910582e-05,22.107129747161864,4.154309163597716e-05
2023-07-27,4537.41015625,4553210000,-0.0064453930551966465,4.154309163597716e-05,1.3156278076460266e-05,3.3422028807726617e-05,22.239098315890125,9.661662882273139e-05
2023-07-28,4582.22998046875,3981010000,0.009829375810433305,9.661662882273139e-05,3.2458603195559636e-05,3.191602056244484e-05,22.104801393144303,2.153953774673155e-06
2023-07-31,4588.9599609375,4503600000,0.0014676354365690258,2.153953774673155e-06,2.964759675483091e-05,3.200822688372955e-05,22.228142914115296,7.1216677782170934e-06
2023-08-01,4576.72998046875,4042370000,-0.0026686453076827377,7.1216677782170934e-06,2.9491901403673288e-05,3.142632813216252e-05,22.120096990827953,0.0001942176882319414
2023-08-02,4513.39013671875,4270710000,-0.01393620063833545,0.0001942176882319414,6.833060604870729e-05,3.349521494681604e-05,22.175045926945323,6.508751298216284e-06
2023-08-03,4501.89013671875,4149120000,-0.0025512254502917386,6.508751298216284e-06,6.132373798115512e-05,3.372884528596676e-05,22.146162100751866,2.824039613491268e-05
2023-08-04,4478.02978515625,4143310000,-0.005314169373939137,2.824039613491268e-05,4.764849144359138e-05,3.483604888431696e-05,22.14476082248981,8.070540970573633e-05
2023-08-07,4518.43994140625,3493920000,0.008983618964856888,8.070540970573633e-05,6.335878262980401e-05,3.562869981685634e-05,21.974290152288543,1.7869262957956612e-05
2023-08-08,4499.3798828125,3884910000,-0.004227205100058029,1.7869262957956612e-05,6.550830166575192e-05,3.6066739857345246e-05,22.080365654731924,4.9894714818797036e-05
2023-08-09,4467.7099609375,3803100000,-0.007063619102046559,4.9894714818797036e-05,3.664370698312304e-05,3.807239644435124e-05,22.05908236084001,6.28417263754494e-08
2023-08-10,4468.830078125,4504370000,0.0002506825210808472,6.28417263754494e-08,3.5354525068754874e-05,3.602285247238655e-05,22.228313873832455,1.1454669545200237e-06
2023-08-11,4464.0498046875,3753290000,-0.0010702648992282349,1.1454669545200237e-06,2.9935539232676337e-05,3.359664385553677e-05,22.04589862589656,3.287881195719068e-05
2023-08-14,4489.72021484375,3896410000,0.005734004879418109,3.287881195719068e-05,2.0370219682967214e-05,3.185747606712289e-05,22.08332145358604,0.00013498116302713636
2023-08-15,4437.85986328125,3832250000,-0.011618139396096794,0.00013498116302713636,4.379259969680316e-05,3.794523411343557e-05,22.066717935271434,5.751829663720814e-05
2023-08-16,4404.330078125,3753910000,-0.00758408179262382,5.751829663720814e-05,4.531731606048538e-05,3.988666260396e-05,22.04606380066245,5.995112802799377e-05
2023-08-17,4370.35986328125,3943700000,-0.00774281137752908,5.995112802799377e-05,5.729497332080905e-05,4.032546780970049e-05,22.095385206138566,2.2117009008907016e-08
2023-08-18,4369.7099609375,3940400000,-0.00014871788395787178,2.2117009008907016e-08,5.7070303331706826e-05,4.0074352216725976e-05,22.09454807819958,4.69997293309066e-05
2023-08-21,4399.77001953125,3726850000,0.006855634859800119,4.69997293309066e-05,5.9894486806450015e-05,4.012133720799214e-05,22.038829210054597,7.735802390477508e-06
2023-08-22,4387.5498046875,3522760000,-0.002781331046545432,7.735802390477508e-06,3.444541467911824e-05,4.046819171541227e-05,21.98251061051069,0.00012065552116402318
2023-08-23,4436.009765625,3837270000,0.010984330710790857,0.00012065552116402318,4.707285958448125e-05,4.521576149658075e-05,22.068027013470743,0.00018358499338394518
2023-08-24,4376.31005859375,3723470000,-0.013549353984007695,0.00018358499338394518,7.179963265567153e-05,5.3201436444305285e-05,22.037921866415406,4.4829734448425377e-05
2023-08-25,4405.7099609375,3296180000,0.0066955010602960385,4.4829734448425377e-05,8.076115614355483e-05,5.5238053237107745e-05,21.916030059456343,3.900100664768352e-05
2023-08-28,4433.31005859375,2957230000,0.006245078594195874,3.900100664768352e-05,7.916141160691021e-05,5.512250391945803e-05,21.807518856665418,0.00020747719546166627
2023-08-29,4497.6298828125,3354820000,0.014404068712057239,0.00020747719546166627,0.00011910969022114795,6.016162058486416e-05,21.93366395496209,1.463716021574746e-05
2023-08-30,4514.8701171875,3064110000,0.003825854181192412,1.463716021574746e-05,9.790601803149282e-05,6.0729039059458454e-05,21.843022989289988,2.554284711348485e-06
2023-08-31,4507.66015625,3946360000,-0.0015982129743399298,2.554284711348485e-06,6.169987629697348e-05,6.0521430738237144e-05,22.096059472265846,3.231052142202903e-06
2023-09-01,4515.77001953125,3246260000,0.0017975127655187606,3.231052142202903e-06,5.338013983572898e-05,5.1840220006885395e-05,21.90076940172201,1.766519068654374e-05
2023-09-05,4496.830078125,3526250000,-0.004202997821382226,1.766519068654374e-05,4.911297664350103e-05,5.2347330888173014e-05,21.983500820564068,4.894421876431491e-05
2023-09-06,4465.47998046875,3418850000,-0.006996014491431168,4.894421876431491e-05,1.7406381304030758e-05,5.3288413734964015e-05,21.952570074456315,1.0345441987987805e-05
2023-09-07,4451.14013671875,3763760000,-0.003216433115733608,1.0345441987987805e-05,1.6548037658478825e-05,5.009023338415727e-05,22.04868429494699,2.032352644745337e-06
2023-09-08,4457.490234375,3259290000,0.0014256060622575006,2.032352644745337e-06,1.6443651245158195e-05,4.9370373824465845e-05,21.904775217500806,4.490275098036796e-05
2023-09-11,4487.4599609375,3369920000,0.006700951498135765,4.490275098036796e-05,2.4777991012791205e-05,4.914346637726453e-05,21.93815484245325,3.262887494737128e-05
2023-09-12,4461.89990234375,3435740000,-0.005712169023004421,3.262887494737128e-05,2.7770727864956715e-05,5.062374061458252e-05,21.957498169113403,1.5397387947308043e-06
2023-09-13,4467.43994140625,3529430000,0.0012408621175339363,1.5397387947308043e-06,1.8289831871039894e-05,5.064166206186483e-05,21.984402222048946,7.046906628204957e-05
2023-09-14,4505.10009765625,3648720000,0.008394585533666898,7.046906628204957e-05,3.031455672985225e-05,5.2350309985722047e-05,22.017642258379034,0.00014967432449538995
2023-09-15,4450.31982421875,6932230000,-0.01223414584249305,0.00014967432449538995,5.9842951099981176e-05,5.301818096155176e-05,22.659447387851188,5.198809357665687e-07
2023-09-18,4453.52978515625,3161230000,0.0007210276941744809,5.198809357665687e-07,5.0966377091060905e-05,5.042734388421351e-05,21.87422702963346,4.636818725927903e-06
2023-09-19,4443.9501953125,3614880000,-0.002153327361533286,4.636818725927903e-06,4.536796584677222e-05,4.791305709775597e-05,22.00832449726206,8.90985760480694e-05
2023-09-20,4402.2001953125,3308450000,-0.009439204206291407,8.90985760480694e-05,6.287973329743993e-05,5.19619870540769e-05,21.919745639015662,0.00027346966747235216
2023-09-21,4330.0,3662340000,-0.016536918318488247,0.00027346966747235216,0.00010347985353550046,6.225607515141533e-05,22.02136812460156,5.2818951594461815e-06
2023-09-22,4320.06005859375,3349570000,-0.0022982374027602503,5.2818951594461815e-06,7.46013676683117e-05,6.214453391364118e-05,21.932097816634357,1.612017845660397e-05
2023-09-25,4337.43994140625,3195650000,0.004014994203807021,1.612017845660397e-05,7.772142717247918e-05,5.739292742694031e-05,21.885056347276638,0.00022034924886485033
2023-09-26,4273.52978515625,3472340000,-0.014844165482264415,0.00022034924886485033,0.00012086391320026366,5.9064029948799634e-05,21.96809455550532,5.2572882523558475e-08
2023-09-27,4274.509765625,3875880000,0.00022928777229402897,5.2572882523558475e-08,0.0001030547125671545,5.702870442307682e-05,22.07803857100135,3.452593219964651e-05
2023-09-28,4299.7001953125,3846230000,0.005875877143001418,3.452593219964651e-05,5.526596551261336e-05,5.682529194816605e-05,22.070359284977,7.361777919040887e-06
2023-09-29,4288.0498046875,3865960000,-0.0027132596482903892,7.361777919040887e-06,5.56819420645323e-05,4.772913660531943e-05,22.07547587132621,6.2987089639784645e-09
2023-10-02,4288.39013671875,3938660000,7.936440615274876e-05,6.2987089639784645e-09,5.2459166115004294e-05,4.706409744592019e-05,22.094106401139666,0.00019152887786521425
2023-10-03,4229.4501953125,3953830000,-0.013839395863447734,0.00019152887786521425,4.669509191507709e-05,5.5653851680186815e-05,22.097950566587453,6.523869805913459e-05
2023-10-04,4263.75,3777600000,0.008077047607828902,6.523869805913459e-05,5.973231695039929e-05,5.8472381040047346e-05,22.052354724560242,1.7027148077867723e-06
2023-10-05,4258.18994140625,3581470000,-0.0013048811469964505,1.7027148077867723e-06,5.316767347202735e-05,5.774681395464929e-05,21.999039167884302,0.00013796010819943911
2023-10-06,4308.5,3902030000,0.01174564209396145,0.00013796010819943911,7.928733952810699e-05,6.179299074715495e-05,22.084762767738994,3.9489512129112515e-05
2023-10-09,4335.66015625,3174630000,0.0062840681193883086,3.9489512129112515e-05,8.71839822121367e-05,6.311772120811516e-05,21.87845692738221,2.698258195332139e-05
2023-10-10,4358.240234375,3520240000,0.005194476099985579,2.698258195332139e-05,5.4274723029758124e-05,6.425182254032317e-05,21.981795006334394,1.8351109509397397e-05
2023-10-11,4376.9501953125,3601660000,0.004283819500095376,1.8351109509397397e-05,4.489720531981069e-05,6.304492974618813e-05,22.00466068751818,3.926306855692137e-05
2023-10-12,4349.60986328125,3713140000,-0.006266024940655868,3.926306855692137e-05,5.240927606963761e-05,6.334648400116769e-05,22.035143717059388,2.5315948578805857e-05
2023-10-13,4327.77978515625,3566560000,-0.005031495660219321,2.5315948578805857e-05,2.9880444145510956e-05,6.442722080953474e-05,21.994867383037278,0.00011106298158194287
2023-10-16,4373.6298828125,3409960000,0.010538642302590162,0.00011106298158194287,4.4195138036077034e-05,6.62723987777117e-05,21.94996639826102,9.65303881088294e-09
2023-10-17,4373.2001953125,3794850000,-9.824987944462293e-05,9.65303881088294e-09,3.880055225317493e-05,5.946945916604902e-05,22.05691072158466,0.00018199111478272594
2023-10-18,4314.60009765625,3686030000,-0.01349040825115111,0.00018199111478272594,7.152855330784064e-05,6.771815161363808e-05,22.027815835336177,7.257391180650027e-05
2023-10-19,4278.0,3969730000,-0.008519032328058174,7.257391180650027e-05,7.819072195775642e-05,7.080620129911864e-05,22.10196391950906,0.00016040600416089156
2023-10-20,4224.16015625,4004030000,-0.012665149196156023,0.00016040600416089156,0.00010520873307417356,7.404744803151964e-05,22.110567191128556,2.8459422288421087e-06
2023-10-23,4217.0400390625,3776100000,-0.0016869920654354331,2.8459422288421087e-06,8.35653252035534e-05,6.174636961136011e-05,22.051957568194666,5.2410700791270765e-05
2023-10-24,4247.68017578125,3821820000,0.007239523519629643,5.2410700791270765e-05,9.404553475404538e-05,6.388858804917031e-05,22.063992586155727,0.00020861280469790914
2023-10-25,4186.77001953125,3869370000,-0.014443434657238186,0.00020861280469790914,9.936987273708201e-05,7.263825287832054e-05,22.076357540297025,0.00014168334218674365
2023-10-26,4137.22998046875,4277640000,-0.011903081205584698,0.00014168334218674365,0.00011319175881313069,6.906252984749751e-05,22.176667292826814,2.3153790506712817e-05
2023-10-27,4117.3701171875,4019500000,-0.004811838578621774,2.3153790506712817e-05,8.574131608229496e-05,7.011258519405158e-05,22.114423353981078,0.00014252716861860905
2023-10-30,4166.81982421875,3911140000,0.011938474300286828,0.00014252716861860905,0.00011367756136024835,7.502173230400441e-05,22.08709472880628,4.165521088553296e-05
2023-10-31,4193.7998046875,4249470000,0.006454084821687189,4.165521088553296e-05,0.00011152646337910079,7.658052471157224e-05,22.17006010645928,0.00010922747672302788
2023-11-01,4237.85986328125,4224900000,0.010451194990192647,0.00010922747672302788,9.164939778412453e-05,8.15451237122115e-05,22.16426142907308,0.00034905220721479115
2023-11-02,4317.77978515625,4669780000,0.018682938934086124,0.00034905220721479115,0.00013312317078973402,8.870527504628318e-05,22.264377798523977,8.74203222966763e-05
2023-11-03,4358.33984375,4570960000,0.009349883544551574,8.74203222966763e-05,0.0001459764771477267,8.971353069344417e-05,22.242989085656113,3.067604159312712e-06
2023-11-06,4365.97998046875,3656340000,0.0017514577241009022,3.067604159312712e-06,0.00011808456425586744,8.977557111851353e-05,22.0197284842996,8.043425783231717e-06
2023-11-07,4378.3798828125,3791230000,0.002836093401711537,8.043425783231717e-06,0.0001113622072354072,8.387026737232229e-05,22.055956341911937,1.0088415220481132e-06
2023-11-08,4382.77978515625,3729510000,0.001004411032420549,1.0088415220481132e-06,8.971848019521124e-05,8.212114598109209e-05,22.039542694948604,6.588066790435061e-05
2023-11-09,4347.35009765625,3900780000,-0.00811669069906884,6.588066790435061e-05,3.308417233312314e-05,8.388924079704796e-05,22.084442370341037,0.00024011855537771853
2023-11-10,4415.240234375,3665080000,0.01549575927077207,0.00024011855537771853,6.362381894933159e-05,9.396957924560802e-05,22.022116000423324,6.992111094817377e-07
2023-11-13,4411.5498046875,3326240000,-0.0008361884413705667,6.992111094817377e-07,6.315014033936539e-05,9.221667663436075e-05,21.925108374163717,0.000357035025371546
2023-11-14,4495.7001953125,4700350000,0.01889537047457779,0.000357035025371546,0.00013294846025702824,0.0001072948164885762,22.27090281118767,2.5463804279823216e-06
2023-11-15,4502.8798828125,4347170000,0.001595738207846864,2.5463804279823216e-06,0.0001332559680382151,0.00010236224370885074,22.192790895848837,1.4154322429150822e-06
2023-11-16,4508.240234375,3964520000,0.0011897193967129738,1.4154322429150822e-06,0.000120362920905928,0.00010242614276358273,22.100650625688594,1.6415450270079478e-06
2023-11-17,4514.02001953125,3777240000,0.001281227937178997,1.6415450270079478e-06,7.266751883578587e-05,9.422843504741375e-05,22.052259421416778,5.421529747819359e-05
2023-11-20,4547.3798828125,3644790000,0.007363103793794679,5.421529747819359e-05,8.337073610952824e-05,9.339395257794525e-05,22.01656458785297,4.092431620467826e-06
2023-11-21,4538.18994140625,3511080000,-0.002022975931756932,4.092431620467826e-06,1.2782217359312605e-05,8.628879018974417e-05,21.979189519689122,1.6426039703515447e-05
2023-11-22,4556.6201171875,3042810000,0.004052905094313886,1.6426039703515447e-05,1.555814921441923e-05,8.690606734768388e-05,21.836047267857357,3.5604565056886755e-07
2023-11-24,4559.33984375,1639500000,0.000596695609644371,3.5604565056886755e-07,1.5346271895949987e-05,8.453994665947016e-05,21.21765715485892,3.82620717251268e-06
2023-11-27,4550.43017578125,3403990000,-0.001956069316898734,3.82620717251268e-06,1.5783204325050936e-05,7.523146495377031e-05,21.94821411022667,9.596916456418146e-07
2023-11-28,4554.89013671875,3586240000,0.0009796385280509412,9.596916456418146e-07,5.1320831585405795e-06,6.883493538372023e-05,22.00037013710678,8.962344810463087e-07
2023-11-29,4550.580078125,4418760000,-0.0009466966151023826,8.962344810463087e-07,4.492843730656276e-06,6.782322829164449e-05,22.209124950916355,1.4265209780490932e-05
2023-11-30,4567.7998046875,5399300000,0.003776931264994232,1.4265209780490932e-05,4.060677746051372e-06,6.199313925354821e-05,22.409535152669573,3.429928277987847e-05
2023-12-01,4594.6298828125,4397120000,0.0058565589538464025,3.429928277987847e-05,1.0849325171913293e-05,6.165877888510938e-05,22.204215618335105,2.941096877562746e-05
2023-12-04,4569.77978515625,4369910000,-0.005423188063826245,2.941096877562746e-05,1.596627749253625e-05,5.8030755796591156e-05,22.198008251104994,3.237969548962812e-07
2023-12-05,4567.18017578125,3909950000,-0.0005690315939350654,3.237969548962812e-07,1.5839098554387143e-05,4.21794644211414e-05,22.086790423393893,1.5318237046940038e-05
2023-12-06,4549.33984375,4245680000,-0.003913851944943758,1.5318237046940038e-05,1.872349906756589e-05,3.890209690978975e-05,22.169167832573464,6.298978916244111e-05
2023-12-07,4585.58984375,3818880000,0.007936610684822654,6.298978916244111e-05,2.8468414943955924e-05,4.162583259175013e-05,22.063223023119793,1.670466553151781e-05
2023-12-08,4604.3701171875,3707010000,0.004087134146503857,1.670466553151781e-05,2.494949149428379e-05,4.2019525307581314e-05,22.033491458980265,1.534142836807692e-05
2023-12-11,4622.43994140625,3823210000,0.003916813547780507,1.534142836807692e-05,2.2135583412773682e-05,4.2671006527855356e-05,22.06435622109632,2.105720287390774e-05
2023-12-12,4643.7001953125,3808380000,0.004588812795692121,2.105720287390774e-05,2.6282264596575973e-05,4.063357629919886e-05,22.060469739075394,0.0001838287238850084
2023-12-13,4707.08984375,5063650000,0.013558345175020747,0.0001838287238850084,5.9984361964189646e-05,3.807494759498476e-05,22.345353404273343,6.988436888161624e-06
2023-12-14,4719.5498046875,6314040000,0.0026435651851546282,6.988436888161624e-06,4.878409150933375e-05,3.836082149401567e-05,22.566041562348808,5.814428574227129e-09
2023-12-15,4719.18994140625,8218980000,-7.625240044895065e-05,5.814428574227129e-09,4.544432128874503e-05,2.213222099660786e-05,22.829711950845425,2.0413428787033585e-05
2023-12-18,4740.56005859375,4060340000,0.004518122263400315,2.0413428787033585e-05,4.6458721372536366e-05,2.2944359558382917e-05,22.124532551142384,3.421392971122406e-05
2023-12-19,4768.3701171875,4026970000,0.00584926745082015,3.421392971122406e-05,4.9090066739999634e-05,2.443520035239696e-05,22.116280069321878,0.00021883722672345866
2023-12-20,4698.35009765625,4201320000,-0.01479314796530673,0.00021883722672345866,5.609176730768968e-05,3.430773133859927e-05,22.15866459881063,0.00010503727231369718
2023-12-21,4746.75,3431180000,0.01024876930727281,0.00010503727231369718,7.570153439279679e-05,3.661782110384943e-05,21.956170062576863,2.7512264838845273e-06
2023-12-22,4754.6298828125,3046770000,0.0016586821527599938,2.7512264838845273e-06,7.625061680385885e-05,3.6556857234004735e-05,21.83734785034643,1.78317108598808e-05
2023-12-26,4774.75,2513910000,0.004222761046978718,1.78317108598808e-05,7.57342732184283e-05,3.662075137747588e-05,21.64510514734876,2.0432861814981335e-06
2023-12-27,4781.580078125,2748450000,0.0014294356164228361,2.0432861814981335e-06,6.93001445124831e-05,3.669744412888177e-05,21.73430295372241,1.3697853290200263e-07
2023-12-28,4783.35009765625,2698860000,0.00037010611032783913,1.3697853290200263e-07,2.556009487437178e-05,3.6529751917990364e-05,21.716095298944097,8.011600255483529e-06
